C:\Users\pindus\Desktop\SITLess_Data\EXP2\COG\DURING\1B\SL003\SL003_1SRT7D2B.edat3,,,,,,,,,,,,,,,,,,,,,,,,,,,,,,,,,,,,,,,,,,,,,,,,,,,,,,,,,,,,,,,,,,,,,,,,,,
ExperimentName,Subject,Session,BlockID,Clock.Information,CogSeq,Condition,DataFile.Basename,Day,ExperimentVersion,Group,Hits.Mean,Hits.StdDevP,Instructions,NB,NonTargetAcc.Mean,NonTargetAcc.StdDevP,OnebackLureCounter,OverallACC,Participant.RefreshRate,RandomSeed,RuntimeCapabilities,RuntimeVersion,RuntimeVersionExpected,SessionDate,SessionStartDateTimeUtc,SessionTime,StudioVersion,TIMING,Total_Ommision_Error,TotalComissionErrors,TwobackLureCounter,Welcome.DEVICE,Block,BlockList,BlockList.Cycle,BlockList.Sample,Procedure[Block],Running[Block],Trial,BlockTrialList,BlockTrialList.Cycle,BlockTrialList.Sample,BreakMessage,BreakMessage.DEVICE,GetReady.DEVICE,Practice,Procedure[Trial],Running[Trial],SubTrial,CorrectResp,CurrentLetters,HitsComissionErrors,HitsOmissions,IncorrectResp,Letter,NonTargetComissionErrors,NonTargetOmissions,Procedure[SubTrial],Running[SubTrial],Stimulus.ACC,Stimulus.CRESP,Stimulus.DEVICE,Stimulus.DurationError,Stimulus.OnsetDelay,Stimulus.OnsetTime,Stimulus.OnsetToOnsetTime,Stimulus.RESP,Stimulus.RT,Stimulus.RTTime,TrialList,TrialList.Cycle,TrialList.Sample,TrialType,Type
NB_DURING,3,1,B,"<?xml version=""1.0""?>\n<Clock xmlns:dt=""urn:schemas-microsoft-com:datatypes""><Description dt:dt=""string"">E-Prime Primary Realtime Clock</Description><StartTime><Timestamp dt:dt=""int"">0</Timestamp><DateUtc dt:dt=""string"">2021-08-28T15:16:51Z</DateUtc></StartTime><FrequencyChanges><FrequencyChange><Frequency dt:dt=""r8"">2835936</Frequency><Timestamp dt:dt=""r8"">11496157330702</Timestamp><Current dt:dt=""r8"">0</Current><DateUtc dt:dt=""string"">2021-08-28T15:16:51Z</DateUtc></FrequencyChange></FrequencyChanges></Clock>\n",SRT,1,SL003_1SRT7D2B,7,1.0.0.778,1,91.67,0.276385399,Press SPACEBAR to begin.,1,100,0,0,97.44,59.988,-1469570573,Full,3.0.3.80,3.0.3.80,8/28/21,8/28/21 15:16,10:16:51,3.0.3.82,D2,0,1,2,Keyboard,1,1,2,1,BlockProc,BlockList,1,1,1,1,Thank you!,Keyboard,Keyboard,No,BlockTrialProc,BlockTrialList,1,1,,0,0,4,C,0,0,TrialProc,TrialList,1,1,Keyboard,0,25,13055,517,1,655,13710,1,2,1,NonTarget,11
NB_DURING,3,1,B,"<?xml version=""1.0""?>\n<Clock xmlns:dt=""urn:schemas-microsoft-com:datatypes""><Description dt:dt=""string"">E-Prime Primary Realtime Clock</Description><StartTime><Timestamp dt:dt=""int"">0</Timestamp><DateUtc dt:dt=""string"">2021-08-28T15:16:51Z</DateUtc></StartTime><FrequencyChanges><FrequencyChange><Frequency dt:dt=""r8"">2835936</Frequency><Timestamp dt:dt=""r8"">11496157330702</Timestamp><Current dt:dt=""r8"">0</Current><DateUtc dt:dt=""string"">2021-08-28T15:16:51Z</DateUtc></FrequencyChange></FrequencyChanges></Clock>\n",SRT,1,SL003_1SRT7D2B,7,1.0.0.778,1,91.67,0.276385399,Press SPACEBAR to begin.,1,100,0,0,97.44,59.988,-1469570573,Full,3.0.3.80,3.0.3.80,8/28/21,8/28/21 15:16,10:16:51,3.0.3.82,D2,0,1,2,Keyboard,1,1,2,1,BlockProc,BlockList,1,1,1,1,Thank you!,Keyboard,Keyboard,No,BlockTrialProc,BlockTrialList,2,1,,0,0,4,b,0,0,TrialProc,TrialList,1,1,Keyboard,0,14,16088,517,1,389,16477,2,2,2,NonTarget,11
NB_DURING,3,1,B,"<?xml version=""1.0""?>\n<Clock xmlns:dt=""urn:schemas-microsoft-com:datatypes""><Description dt:dt=""string"">E-Prime Primary Realtime Clock</Description><StartTime><Timestamp dt:dt=""int"">0</Timestamp><DateUtc dt:dt=""string"">2021-08-28T15:16:51Z</DateUtc></StartTime><FrequencyChanges><FrequencyChange><Frequency dt:dt=""r8"">2835936</Frequency><Timestamp dt:dt=""r8"">11496157330702</Timestamp><Current dt:dt=""r8"">0</Current><DateUtc dt:dt=""string"">2021-08-28T15:16:51Z</DateUtc></FrequencyChange></FrequencyChanges></Clock>\n",SRT,1,SL003_1SRT7D2B,7,1.0.0.778,1,91.67,0.276385399,Press SPACEBAR to begin.,1,100,0,0,97.44,59.988,-1469570573,Full,3.0.3.80,3.0.3.80,8/28/21,8/28/21 15:16,10:16:51,3.0.3.82,D2,0,1,2,Keyboard,1,1,2,1,BlockProc,BlockList,1,1,1,1,Thank you!,Keyboard,Keyboard,No,BlockTrialProc,BlockTrialList,3,1,,0,0,4,r,0,0,TrialProc,TrialList,1,1,Keyboard,0,15,19122,516,1,329,19451,3,2,3,NonTarget,11
NB_DURING,3,1,B,"<?xml version=""1.0""?>\n<Clock xmlns:dt=""urn:schemas-microsoft-com:datatypes""><Description dt:dt=""string"">E-Prime Primary Realtime Clock</Description><StartTime><Timestamp dt:dt=""int"">0</Timestamp><DateUtc dt:dt=""string"">2021-08-28T15:16:51Z</DateUtc></StartTime><FrequencyChanges><FrequencyChange><Frequency dt:dt=""r8"">2835936</Frequency><Timestamp dt:dt=""r8"">11496157330702</Timestamp><Current dt:dt=""r8"">0</Current><DateUtc dt:dt=""string"">2021-08-28T15:16:51Z</DateUtc></FrequencyChange></FrequencyChanges></Clock>\n",SRT,1,SL003_1SRT7D2B,7,1.0.0.778,1,91.67,0.276385399,Press SPACEBAR to begin.,1,100,0,0,97.44,59.988,-1469570573,Full,3.0.3.80,3.0.3.80,8/28/21,8/28/21 15:16,10:16:51,3.0.3.82,D2,0,1,2,Keyboard,1,1,2,1,BlockProc,BlockList,1,1,1,1,Thank you!,Keyboard,Keyboard,No,BlockTrialProc,BlockTrialList,4,4,,0,0,1,r,0,0,TrialProc,TrialList,1,4,Keyboard,0,15,22155,517,4,407,22562,4,2,4,Target,44
NB_DURING,3,1,B,"<?xml version=""1.0""?>\n<Clock xmlns:dt=""urn:schemas-microsoft-com:datatypes""><Description dt:dt=""string"">E-Prime Primary Realtime Clock</Description><StartTime><Timestamp dt:dt=""int"">0</Timestamp><DateUtc dt:dt=""string"">2021-08-28T15:16:51Z</DateUtc></StartTime><FrequencyChanges><FrequencyChange><Frequency dt:dt=""r8"">2835936</Frequency><Timestamp dt:dt=""r8"">11496157330702</Timestamp><Current dt:dt=""r8"">0</Current><DateUtc dt:dt=""string"">2021-08-28T15:16:51Z</DateUtc></FrequencyChange></FrequencyChanges></Clock>\n",SRT,1,SL003_1SRT7D2B,7,1.0.0.778,1,91.67,0.276385399,Press SPACEBAR to begin.,1,100,0,0,97.44,59.988,-1469570573,Full,3.0.3.80,3.0.3.80,8/28/21,8/28/21 15:16,10:16:51,3.0.3.82,D2,0,1,2,Keyboard,1,1,2,1,BlockProc,BlockList,1,1,1,1,Thank you!,Keyboard,Keyboard,No,BlockTrialProc,BlockTrialList,5,1,,0,0,4,X,0,0,TrialProc,TrialList,1,1,Keyboard,0,15,25189,516,1,367,25556,5,2,5,NonTarget,11
NB_DURING,3,1,B,"<?xml version=""1.0""?>\n<Clock xmlns:dt=""urn:schemas-microsoft-com:datatypes""><Description dt:dt=""string"">E-Prime Primary Realtime Clock</Description><StartTime><Timestamp dt:dt=""int"">0</Timestamp><DateUtc dt:dt=""string"">2021-08-28T15:16:51Z</DateUtc></StartTime><FrequencyChanges><FrequencyChange><Frequency dt:dt=""r8"">2835936</Frequency><Timestamp dt:dt=""r8"">11496157330702</Timestamp><Current dt:dt=""r8"">0</Current><DateUtc dt:dt=""string"">2021-08-28T15:16:51Z</DateUtc></FrequencyChange></FrequencyChanges></Clock>\n",SRT,1,SL003_1SRT7D2B,7,1.0.0.778,1,91.67,0.276385399,Press SPACEBAR to begin.,1,100,0,0,97.44,59.988,-1469570573,Full,3.0.3.80,3.0.3.80,8/28/21,8/28/21 15:16,10:16:51,3.0.3.82,D2,0,1,2,Keyboard,1,1,2,1,BlockProc,BlockList,1,1,1,1,Thank you!,Keyboard,Keyboard,No,BlockTrialProc,BlockTrialList,6,4,,0,0,1,X,0,0,TrialProc,TrialList,1,4,Keyboard,0,15,28222,517,4,495,28717,6,2,6,Target,44
NB_DURING,3,1,B,"<?xml version=""1.0""?>\n<Clock xmlns:dt=""urn:schemas-microsoft-com:datatypes""><Description dt:dt=""string"">E-Prime Primary Realtime Clock</Description><StartTime><Timestamp dt:dt=""int"">0</Timestamp><DateUtc dt:dt=""string"">2021-08-28T15:16:51Z</DateUtc></StartTime><FrequencyChanges><FrequencyChange><Frequency dt:dt=""r8"">2835936</Frequency><Timestamp dt:dt=""r8"">11496157330702</Timestamp><Current dt:dt=""r8"">0</Current><DateUtc dt:dt=""string"">2021-08-28T15:16:51Z</DateUtc></FrequencyChange></FrequencyChanges></Clock>\n",SRT,1,SL003_1SRT7D2B,7,1.0.0.778,1,91.67,0.276385399,Press SPACEBAR to begin.,1,100,0,0,97.44,59.988,-1469570573,Full,3.0.3.80,3.0.3.80,8/28/21,8/28/21 15:16,10:16:51,3.0.3.82,D2,0,1,2,Keyboard,1,1,2,1,BlockProc,BlockList,1,1,1,1,Thank you!,Keyboard,Keyboard,No,BlockTrialProc,BlockTrialList,7,1,,0,0,4,B,0,0,TrialProc,TrialList,1,1,Keyboard,0,14,31255,517,1,392,31647,7,2,7,NonTarget,11
NB_DURING,3,1,B,"<?xml version=""1.0""?>\n<Clock xmlns:dt=""urn:schemas-microsoft-com:datatypes""><Description dt:dt=""string"">E-Prime Primary Realtime Clock</Description><StartTime><Timestamp dt:dt=""int"">0</Timestamp><DateUtc dt:dt=""string"">2021-08-28T15:16:51Z</DateUtc></StartTime><FrequencyChanges><FrequencyChange><Frequency dt:dt=""r8"">2835936</Frequency><Timestamp dt:dt=""r8"">11496157330702</Timestamp><Current dt:dt=""r8"">0</Current><DateUtc dt:dt=""string"">2021-08-28T15:16:51Z</DateUtc></FrequencyChange></FrequencyChanges></Clock>\n",SRT,1,SL003_1SRT7D2B,7,1.0.0.778,1,91.67,0.276385399,Press SPACEBAR to begin.,1,100,0,0,97.44,59.988,-1469570573,Full,3.0.3.80,3.0.3.80,8/28/21,8/28/21 15:16,10:16:51,3.0.3.82,D2,0,1,2,Keyboard,1,1,2,1,BlockProc,BlockList,1,1,1,1,Thank you!,Keyboard,Keyboard,No,BlockTrialProc,BlockTrialList,8,1,,0,0,4,P,0,0,TrialProc,TrialList,1,1,Keyboard,0,15,34289,516,1,413,34702,8,2,8,NonTarget,11
NB_DURING,3,1,B,"<?xml version=""1.0""?>\n<Clock xmlns:dt=""urn:schemas-microsoft-com:datatypes""><Description dt:dt=""string"">E-Prime Primary Realtime Clock</Description><StartTime><Timestamp dt:dt=""int"">0</Timestamp><DateUtc dt:dt=""string"">2021-08-28T15:16:51Z</DateUtc></StartTime><FrequencyChanges><FrequencyChange><Frequency dt:dt=""r8"">2835936</Frequency><Timestamp dt:dt=""r8"">11496157330702</Timestamp><Current dt:dt=""r8"">0</Current><DateUtc dt:dt=""string"">2021-08-28T15:16:51Z</DateUtc></FrequencyChange></FrequencyChanges></Clock>\n",SRT,1,SL003_1SRT7D2B,7,1.0.0.778,1,91.67,0.276385399,Press SPACEBAR to begin.,1,100,0,0,97.44,59.988,-1469570573,Full,3.0.3.80,3.0.3.80,8/28/21,8/28/21 15:16,10:16:51,3.0.3.82,D2,0,1,2,Keyboard,1,1,2,1,BlockProc,BlockList,1,1,1,1,Thank you!,Keyboard,Keyboard,No,BlockTrialProc,BlockTrialList,9,4,,0,0,1,P,0,0,TrialProc,TrialList,1,4,Keyboard,0,15,37322,517,4,512,37834,9,2,9,Target,44
NB_DURING,3,1,B,"<?xml version=""1.0""?>\n<Clock xmlns:dt=""urn:schemas-microsoft-com:datatypes""><Description dt:dt=""string"">E-Prime Primary Realtime Clock</Description><StartTime><Timestamp dt:dt=""int"">0</Timestamp><DateUtc dt:dt=""string"">2021-08-28T15:16:51Z</DateUtc></StartTime><FrequencyChanges><FrequencyChange><Frequency dt:dt=""r8"">2835936</Frequency><Timestamp dt:dt=""r8"">11496157330702</Timestamp><Current dt:dt=""r8"">0</Current><DateUtc dt:dt=""string"">2021-08-28T15:16:51Z</DateUtc></FrequencyChange></FrequencyChanges></Clock>\n",SRT,1,SL003_1SRT7D2B,7,1.0.0.778,1,91.67,0.276385399,Press SPACEBAR to begin.,1,100,0,0,97.44,59.988,-1469570573,Full,3.0.3.80,3.0.3.80,8/28/21,8/28/21 15:16,10:16:51,3.0.3.82,D2,0,1,2,Keyboard,1,1,2,1,BlockProc,BlockList,1,1,1,1,Thank you!,Keyboard,Keyboard,No,BlockTrialProc,BlockTrialList,10,1,,0,0,4,K,0,0,TrialProc,TrialList,1,1,Keyboard,0,14,40355,517,1,524,40879,10,2,10,NonTarget,11
NB_DURING,3,1,B,"<?xml version=""1.0""?>\n<Clock xmlns:dt=""urn:schemas-microsoft-com:datatypes""><Description dt:dt=""string"">E-Prime Primary Realtime Clock</Description><StartTime><Timestamp dt:dt=""int"">0</Timestamp><DateUtc dt:dt=""string"">2021-08-28T15:16:51Z</DateUtc></StartTime><FrequencyChanges><FrequencyChange><Frequency dt:dt=""r8"">2835936</Frequency><Timestamp dt:dt=""r8"">11496157330702</Timestamp><Current dt:dt=""r8"">0</Current><DateUtc dt:dt=""string"">2021-08-28T15:16:51Z</DateUtc></FrequencyChange></FrequencyChanges></Clock>\n",SRT,1,SL003_1SRT7D2B,7,1.0.0.778,1,91.67,0.276385399,Press SPACEBAR to begin.,1,100,0,0,97.44,59.988,-1469570573,Full,3.0.3.80,3.0.3.80,8/28/21,8/28/21 15:16,10:16:51,3.0.3.82,D2,0,1,2,Keyboard,1,1,2,1,BlockProc,BlockList,1,1,1,1,Thank you!,Keyboard,Keyboard,No,BlockTrialProc,BlockTrialList,11,1,,0,0,4,B,0,0,TrialProc,TrialList,1,1,Keyboard,0,15,43389,516,1,718,44107,11,2,11,NonTarget,11
NB_DURING,3,1,B,"<?xml version=""1.0""?>\n<Clock xmlns:dt=""urn:schemas-microsoft-com:datatypes""><Description dt:dt=""string"">E-Prime Primary Realtime Clock</Description><StartTime><Timestamp dt:dt=""int"">0</Timestamp><DateUtc dt:dt=""string"">2021-08-28T15:16:51Z</DateUtc></StartTime><FrequencyChanges><FrequencyChange><Frequency dt:dt=""r8"">2835936</Frequency><Timestamp dt:dt=""r8"">11496157330702</Timestamp><Current dt:dt=""r8"">0</Current><DateUtc dt:dt=""string"">2021-08-28T15:16:51Z</DateUtc></FrequencyChange></FrequencyChanges></Clock>\n",SRT,1,SL003_1SRT7D2B,7,1.0.0.778,1,91.67,0.276385399,Press SPACEBAR to begin.,1,100,0,0,97.44,59.988,-1469570573,Full,3.0.3.80,3.0.3.80,8/28/21,8/28/21 15:16,10:16:51,3.0.3.82,D2,0,1,2,Keyboard,1,1,2,1,BlockProc,BlockList,1,1,1,1,Thank you!,Keyboard,Keyboard,No,BlockTrialProc,BlockTrialList,12,4,,0,0,1,b,0,0,TrialProc,TrialList,1,4,Keyboard,0,15,46422,517,4,480,46902,12,2,12,Target,44
NB_DURING,3,1,B,"<?xml version=""1.0""?>\n<Clock xmlns:dt=""urn:schemas-microsoft-com:datatypes""><Description dt:dt=""string"">E-Prime Primary Realtime Clock</Description><StartTime><Timestamp dt:dt=""int"">0</Timestamp><DateUtc dt:dt=""string"">2021-08-28T15:16:51Z</DateUtc></StartTime><FrequencyChanges><FrequencyChange><Frequency dt:dt=""r8"">2835936</Frequency><Timestamp dt:dt=""r8"">11496157330702</Timestamp><Current dt:dt=""r8"">0</Current><DateUtc dt:dt=""string"">2021-08-28T15:16:51Z</DateUtc></FrequencyChange></FrequencyChanges></Clock>\n",SRT,1,SL003_1SRT7D2B,7,1.0.0.778,1,91.67,0.276385399,Press SPACEBAR to begin.,1,100,0,0,97.44,59.988,-1469570573,Full,3.0.3.80,3.0.3.80,8/28/21,8/28/21 15:16,10:16:51,3.0.3.82,D2,0,1,2,Keyboard,1,1,2,1,BlockProc,BlockList,1,1,1,1,Thank you!,Keyboard,Keyboard,No,BlockTrialProc,BlockTrialList,13,1,,0,0,4,S,0,0,TrialProc,TrialList,1,1,Keyboard,0,14,49455,517,1,563,50018,13,2,13,NonTarget,11
NB_DURING,3,1,B,"<?xml version=""1.0""?>\n<Clock xmlns:dt=""urn:schemas-microsoft-com:datatypes""><Description dt:dt=""string"">E-Prime Primary Realtime Clock</Description><StartTime><Timestamp dt:dt=""int"">0</Timestamp><DateUtc dt:dt=""string"">2021-08-28T15:16:51Z</DateUtc></StartTime><FrequencyChanges><FrequencyChange><Frequency dt:dt=""r8"">2835936</Frequency><Timestamp dt:dt=""r8"">11496157330702</Timestamp><Current dt:dt=""r8"">0</Current><DateUtc dt:dt=""string"">2021-08-28T15:16:51Z</DateUtc></FrequencyChange></FrequencyChanges></Clock>\n",SRT,1,SL003_1SRT7D2B,7,1.0.0.778,1,91.67,0.276385399,Press SPACEBAR to begin.,1,100,0,0,97.44,59.988,-1469570573,Full,3.0.3.80,3.0.3.80,8/28/21,8/28/21 15:16,10:16:51,3.0.3.82,D2,0,1,2,Keyboard,1,1,2,1,BlockProc,BlockList,1,1,1,1,Thank you!,Keyboard,Keyboard,No,BlockTrialProc,BlockTrialList,14,4,,0,0,1,s,0,0,TrialProc,TrialList,1,4,Keyboard,0,15,52489,516,4,535,53024,14,2,14,Target,44
NB_DURING,3,1,B,"<?xml version=""1.0""?>\n<Clock xmlns:dt=""urn:schemas-microsoft-com:datatypes""><Description dt:dt=""string"">E-Prime Primary Realtime Clock</Description><StartTime><Timestamp dt:dt=""int"">0</Timestamp><DateUtc dt:dt=""string"">2021-08-28T15:16:51Z</DateUtc></StartTime><FrequencyChanges><FrequencyChange><Frequency dt:dt=""r8"">2835936</Frequency><Timestamp dt:dt=""r8"">11496157330702</Timestamp><Current dt:dt=""r8"">0</Current><DateUtc dt:dt=""string"">2021-08-28T15:16:51Z</DateUtc></FrequencyChange></FrequencyChanges></Clock>\n",SRT,1,SL003_1SRT7D2B,7,1.0.0.778,1,91.67,0.276385399,Press SPACEBAR to begin.,1,100,0,0,97.44,59.988,-1469570573,Full,3.0.3.80,3.0.3.80,8/28/21,8/28/21 15:16,10:16:51,3.0.3.82,D2,0,1,2,Keyboard,1,1,2,1,BlockProc,BlockList,1,1,1,1,Thank you!,Keyboard,Keyboard,No,BlockTrialProc,BlockTrialList,15,1,,0,0,4,t,0,0,TrialProc,TrialList,1,1,Keyboard,0,15,55522,517,1,433,55955,15,2,15,NonTarget,11
NB_DURING,3,1,B,"<?xml version=""1.0""?>\n<Clock xmlns:dt=""urn:schemas-microsoft-com:datatypes""><Description dt:dt=""string"">E-Prime Primary Realtime Clock</Description><StartTime><Timestamp dt:dt=""int"">0</Timestamp><DateUtc dt:dt=""string"">2021-08-28T15:16:51Z</DateUtc></StartTime><FrequencyChanges><FrequencyChange><Frequency dt:dt=""r8"">2835936</Frequency><Timestamp dt:dt=""r8"">11496157330702</Timestamp><Current dt:dt=""r8"">0</Current><DateUtc dt:dt=""string"">2021-08-28T15:16:51Z</DateUtc></FrequencyChange></FrequencyChanges></Clock>\n",SRT,1,SL003_1SRT7D2B,7,1.0.0.778,1,91.67,0.276385399,Press SPACEBAR to begin.,1,100,0,0,97.44,59.988,-1469570573,Full,3.0.3.80,3.0.3.80,8/28/21,8/28/21 15:16,10:16:51,3.0.3.82,D2,0,1,2,Keyboard,1,1,2,1,BlockProc,BlockList,1,1,1,1,Thank you!,Keyboard,Keyboard,No,BlockTrialProc,BlockTrialList,16,1,,0,0,4,F,0,0,TrialProc,TrialList,1,1,Keyboard,0,14,58555,517,1,380,58935,16,2,16,NonTarget,11
NB_DURING,3,1,B,"<?xml version=""1.0""?>\n<Clock xmlns:dt=""urn:schemas-microsoft-com:datatypes""><Description dt:dt=""string"">E-Prime Primary Realtime Clock</Description><StartTime><Timestamp dt:dt=""int"">0</Timestamp><DateUtc dt:dt=""string"">2021-08-28T15:16:51Z</DateUtc></StartTime><FrequencyChanges><FrequencyChange><Frequency dt:dt=""r8"">2835936</Frequency><Timestamp dt:dt=""r8"">11496157330702</Timestamp><Current dt:dt=""r8"">0</Current><DateUtc dt:dt=""string"">2021-08-28T15:16:51Z</DateUtc></FrequencyChange></FrequencyChanges></Clock>\n",SRT,1,SL003_1SRT7D2B,7,1.0.0.778,1,91.67,0.276385399,Press SPACEBAR to begin.,1,100,0,0,97.44,59.988,-1469570573,Full,3.0.3.80,3.0.3.80,8/28/21,8/28/21 15:16,10:16:51,3.0.3.82,D2,0,1,2,Keyboard,1,1,2,1,BlockProc,BlockList,1,1,1,1,Thank you!,Keyboard,Keyboard,No,BlockTrialProc,BlockTrialList,17,1,,0,0,4,P,0,0,TrialProc,TrialList,1,1,Keyboard,0,15,61589,516,1,502,62091,17,2,17,NonTarget,11
NB_DURING,3,1,B,"<?xml version=""1.0""?>\n<Clock xmlns:dt=""urn:schemas-microsoft-com:datatypes""><Description dt:dt=""string"">E-Prime Primary Realtime Clock</Description><StartTime><Timestamp dt:dt=""int"">0</Timestamp><DateUtc dt:dt=""string"">2021-08-28T15:16:51Z</DateUtc></StartTime><FrequencyChanges><FrequencyChange><Frequency dt:dt=""r8"">2835936</Frequency><Timestamp dt:dt=""r8"">11496157330702</Timestamp><Current dt:dt=""r8"">0</Current><DateUtc dt:dt=""string"">2021-08-28T15:16:51Z</DateUtc></FrequencyChange></FrequencyChanges></Clock>\n",SRT,1,SL003_1SRT7D2B,7,1.0.0.778,1,91.67,0.276385399,Press SPACEBAR to begin.,1,100,0,0,97.44,59.988,-1469570573,Full,3.0.3.80,3.0.3.80,8/28/21,8/28/21 15:16,10:16:51,3.0.3.82,D2,0,1,2,Keyboard,1,1,2,1,BlockProc,BlockList,1,1,1,1,Thank you!,Keyboard,Keyboard,No,BlockTrialProc,BlockTrialList,18,4,,0,0,1,p,0,0,TrialProc,TrialList,1,4,Keyboard,0,15,64622,517,4,610,65232,18,2,18,Target,44
NB_DURING,3,1,B,"<?xml version=""1.0""?>\n<Clock xmlns:dt=""urn:schemas-microsoft-com:datatypes""><Description dt:dt=""string"">E-Prime Primary Realtime Clock</Description><StartTime><Timestamp dt:dt=""int"">0</Timestamp><DateUtc dt:dt=""string"">2021-08-28T15:16:51Z</DateUtc></StartTime><FrequencyChanges><FrequencyChange><Frequency dt:dt=""r8"">2835936</Frequency><Timestamp dt:dt=""r8"">11496157330702</Timestamp><Current dt:dt=""r8"">0</Current><DateUtc dt:dt=""string"">2021-08-28T15:16:51Z</DateUtc></FrequencyChange></FrequencyChanges></Clock>\n",SRT,1,SL003_1SRT7D2B,7,1.0.0.778,1,91.67,0.276385399,Press SPACEBAR to begin.,1,100,0,0,97.44,59.988,-1469570573,Full,3.0.3.80,3.0.3.80,8/28/21,8/28/21 15:16,10:16:51,3.0.3.82,D2,0,1,2,Keyboard,1,1,2,1,BlockProc,BlockList,1,1,1,1,Thank you!,Keyboard,Keyboard,No,BlockTrialProc,BlockTrialList,19,1,,0,0,4,r,0,0,TrialProc,TrialList,1,1,Keyboard,0,14,67655,517,1,480,68135,19,2,19,NonTarget,11
NB_DURING,3,1,B,"<?xml version=""1.0""?>\n<Clock xmlns:dt=""urn:schemas-microsoft-com:datatypes""><Description dt:dt=""string"">E-Prime Primary Realtime Clock</Description><StartTime><Timestamp dt:dt=""int"">0</Timestamp><DateUtc dt:dt=""string"">2021-08-28T15:16:51Z</DateUtc></StartTime><FrequencyChanges><FrequencyChange><Frequency dt:dt=""r8"">2835936</Frequency><Timestamp dt:dt=""r8"">11496157330702</Timestamp><Current dt:dt=""r8"">0</Current><DateUtc dt:dt=""string"">2021-08-28T15:16:51Z</DateUtc></FrequencyChange></FrequencyChanges></Clock>\n",SRT,1,SL003_1SRT7D2B,7,1.0.0.778,1,91.67,0.276385399,Press SPACEBAR to begin.,1,100,0,0,97.44,59.988,-1469570573,Full,3.0.3.80,3.0.3.80,8/28/21,8/28/21 15:16,10:16:51,3.0.3.82,D2,0,1,2,Keyboard,1,1,2,1,BlockProc,BlockList,1,1,1,1,Thank you!,Keyboard,Keyboard,No,BlockTrialProc,BlockTrialList,20,4,,0,0,1,R,0,0,TrialProc,TrialList,1,4,Keyboard,0,15,70689,517,4,406,71095,20,2,20,Target,44
NB_DURING,3,1,B,"<?xml version=""1.0""?>\n<Clock xmlns:dt=""urn:schemas-microsoft-com:datatypes""><Description dt:dt=""string"">E-Prime Primary Realtime Clock</Description><StartTime><Timestamp dt:dt=""int"">0</Timestamp><DateUtc dt:dt=""string"">2021-08-28T15:16:51Z</DateUtc></StartTime><FrequencyChanges><FrequencyChange><Frequency dt:dt=""r8"">2835936</Frequency><Timestamp dt:dt=""r8"">11496157330702</Timestamp><Current dt:dt=""r8"">0</Current><DateUtc dt:dt=""string"">2021-08-28T15:16:51Z</DateUtc></FrequencyChange></FrequencyChanges></Clock>\n",SRT,1,SL003_1SRT7D2B,7,1.0.0.778,1,91.67,0.276385399,Press SPACEBAR to begin.,1,100,0,0,97.44,59.988,-1469570573,Full,3.0.3.80,3.0.3.80,8/28/21,8/28/21 15:16,10:16:51,3.0.3.82,D2,0,1,2,Keyboard,1,1,2,1,BlockProc,BlockList,1,1,1,1,Thank you!,Keyboard,Keyboard,No,BlockTrialProc,BlockTrialList,21,4,,0,0,1,r,0,0,TrialProc,TrialList,1,4,Keyboard,0,14,73722,517,4,644,74366,21,2,21,Target,44
NB_DURING,3,1,B,"<?xml version=""1.0""?>\n<Clock xmlns:dt=""urn:schemas-microsoft-com:datatypes""><Description dt:dt=""string"">E-Prime Primary Realtime Clock</Description><StartTime><Timestamp dt:dt=""int"">0</Timestamp><DateUtc dt:dt=""string"">2021-08-28T15:16:51Z</DateUtc></StartTime><FrequencyChanges><FrequencyChange><Frequency dt:dt=""r8"">2835936</Frequency><Timestamp dt:dt=""r8"">11496157330702</Timestamp><Current dt:dt=""r8"">0</Current><DateUtc dt:dt=""string"">2021-08-28T15:16:51Z</DateUtc></FrequencyChange></FrequencyChanges></Clock>\n",SRT,1,SL003_1SRT7D2B,7,1.0.0.778,1,91.67,0.276385399,Press SPACEBAR to begin.,1,100,0,0,97.44,59.988,-1469570573,Full,3.0.3.80,3.0.3.80,8/28/21,8/28/21 15:16,10:16:51,3.0.3.82,D2,0,1,2,Keyboard,1,1,2,1,BlockProc,BlockList,1,1,1,1,Thank you!,Keyboard,Keyboard,No,BlockTrialProc,BlockTrialList,22,4,,0,0,1,r,0,0,TrialProc,TrialList,1,4,Keyboard,0,15,76756,516,4,502,77258,22,2,22,Target,44
NB_DURING,3,1,B,"<?xml version=""1.0""?>\n<Clock xmlns:dt=""urn:schemas-microsoft-com:datatypes""><Description dt:dt=""string"">E-Prime Primary Realtime Clock</Description><StartTime><Timestamp dt:dt=""int"">0</Timestamp><DateUtc dt:dt=""string"">2021-08-28T15:16:51Z</DateUtc></StartTime><FrequencyChanges><FrequencyChange><Frequency dt:dt=""r8"">2835936</Frequency><Timestamp dt:dt=""r8"">11496157330702</Timestamp><Current dt:dt=""r8"">0</Current><DateUtc dt:dt=""string"">2021-08-28T15:16:51Z</DateUtc></FrequencyChange></FrequencyChanges></Clock>\n",SRT,1,SL003_1SRT7D2B,7,1.0.0.778,1,91.67,0.276385399,Press SPACEBAR to begin.,1,100,0,0,97.44,59.988,-1469570573,Full,3.0.3.80,3.0.3.80,8/28/21,8/28/21 15:16,10:16:51,3.0.3.82,D2,0,1,2,Keyboard,1,1,2,1,BlockProc,BlockList,1,1,1,1,Thank you!,Keyboard,Keyboard,No,BlockTrialProc,BlockTrialList,23,1,,0,0,4,c,0,0,TrialProc,TrialList,1,1,Keyboard,0,15,79789,517,1,393,80182,23,2,23,NonTarget,11
NB_DURING,3,1,B,"<?xml version=""1.0""?>\n<Clock xmlns:dt=""urn:schemas-microsoft-com:datatypes""><Description dt:dt=""string"">E-Prime Primary Realtime Clock</Description><StartTime><Timestamp dt:dt=""int"">0</Timestamp><DateUtc dt:dt=""string"">2021-08-28T15:16:51Z</DateUtc></StartTime><FrequencyChanges><FrequencyChange><Frequency dt:dt=""r8"">2835936</Frequency><Timestamp dt:dt=""r8"">11496157330702</Timestamp><Current dt:dt=""r8"">0</Current><DateUtc dt:dt=""string"">2021-08-28T15:16:51Z</DateUtc></FrequencyChange></FrequencyChanges></Clock>\n",SRT,1,SL003_1SRT7D2B,7,1.0.0.778,1,91.67,0.276385399,Press SPACEBAR to begin.,1,100,0,0,97.44,59.988,-1469570573,Full,3.0.3.80,3.0.3.80,8/28/21,8/28/21 15:16,10:16:51,3.0.3.82,D2,0,1,2,Keyboard,1,1,2,1,BlockProc,BlockList,1,1,1,1,Thank you!,Keyboard,Keyboard,No,BlockTrialProc,BlockTrialList,24,1,,0,0,4,f,0,0,TrialProc,TrialList,1,1,Keyboard,0,14,82822,517,1,407,83229,24,2,24,NonTarget,11
NB_DURING,3,1,B,"<?xml version=""1.0""?>\n<Clock xmlns:dt=""urn:schemas-microsoft-com:datatypes""><Description dt:dt=""string"">E-Prime Primary Realtime Clock</Description><StartTime><Timestamp dt:dt=""int"">0</Timestamp><DateUtc dt:dt=""string"">2021-08-28T15:16:51Z</DateUtc></StartTime><FrequencyChanges><FrequencyChange><Frequency dt:dt=""r8"">2835936</Frequency><Timestamp dt:dt=""r8"">11496157330702</Timestamp><Current dt:dt=""r8"">0</Current><DateUtc dt:dt=""string"">2021-08-28T15:16:51Z</DateUtc></FrequencyChange></FrequencyChanges></Clock>\n",SRT,1,SL003_1SRT7D2B,7,1.0.0.778,1,91.67,0.276385399,Press SPACEBAR to begin.,1,100,0,0,97.44,59.988,-1469570573,Full,3.0.3.80,3.0.3.80,8/28/21,8/28/21 15:16,10:16:51,3.0.3.82,D2,0,1,2,Keyboard,1,1,2,1,BlockProc,BlockList,1,1,1,1,Thank you!,Keyboard,Keyboard,No,BlockTrialProc,BlockTrialList,25,1,,0,0,4,C,0,0,TrialProc,TrialList,1,1,Keyboard,0,15,85856,516,1,464,86320,25,2,25,NonTarget,11
NB_DURING,3,1,B,"<?xml version=""1.0""?>\n<Clock xmlns:dt=""urn:schemas-microsoft-com:datatypes""><Description dt:dt=""string"">E-Prime Primary Realtime Clock</Description><StartTime><Timestamp dt:dt=""int"">0</Timestamp><DateUtc dt:dt=""string"">2021-08-28T15:16:51Z</DateUtc></StartTime><FrequencyChanges><FrequencyChange><Frequency dt:dt=""r8"">2835936</Frequency><Timestamp dt:dt=""r8"">11496157330702</Timestamp><Current dt:dt=""r8"">0</Current><DateUtc dt:dt=""string"">2021-08-28T15:16:51Z</DateUtc></FrequencyChange></FrequencyChanges></Clock>\n",SRT,1,SL003_1SRT7D2B,7,1.0.0.778,1,91.67,0.276385399,Press SPACEBAR to begin.,1,100,0,0,97.44,59.988,-1469570573,Full,3.0.3.80,3.0.3.80,8/28/21,8/28/21 15:16,10:16:51,3.0.3.82,D2,0,1,2,Keyboard,1,1,2,1,BlockProc,BlockList,1,1,1,1,Thank you!,Keyboard,Keyboard,No,BlockTrialProc,BlockTrialList,26,1,,0,0,4,P,0,0,TrialProc,TrialList,1,1,Keyboard,0,15,88889,517,1,383,89272,26,2,26,NonTarget,11
NB_DURING,3,1,B,"<?xml version=""1.0""?>\n<Clock xmlns:dt=""urn:schemas-microsoft-com:datatypes""><Description dt:dt=""string"">E-Prime Primary Realtime Clock</Description><StartTime><Timestamp dt:dt=""int"">0</Timestamp><DateUtc dt:dt=""string"">2021-08-28T15:16:51Z</DateUtc></StartTime><FrequencyChanges><FrequencyChange><Frequency dt:dt=""r8"">2835936</Frequency><Timestamp dt:dt=""r8"">11496157330702</Timestamp><Current dt:dt=""r8"">0</Current><DateUtc dt:dt=""string"">2021-08-28T15:16:51Z</DateUtc></FrequencyChange></FrequencyChanges></Clock>\n",SRT,1,SL003_1SRT7D2B,7,1.0.0.778,1,91.67,0.276385399,Press SPACEBAR to begin.,1,100,0,0,97.44,59.988,-1469570573,Full,3.0.3.80,3.0.3.80,8/28/21,8/28/21 15:16,10:16:51,3.0.3.82,D2,0,1,2,Keyboard,1,1,2,1,BlockProc,BlockList,1,1,1,1,Thank you!,Keyboard,Keyboard,No,BlockTrialProc,BlockTrialList,27,1,,0,0,4,s,0,0,TrialProc,TrialList,1,1,Keyboard,0,14,91922,517,1,375,92297,27,2,27,NonTarget,11
NB_DURING,3,1,B,"<?xml version=""1.0""?>\n<Clock xmlns:dt=""urn:schemas-microsoft-com:datatypes""><Description dt:dt=""string"">E-Prime Primary Realtime Clock</Description><StartTime><Timestamp dt:dt=""int"">0</Timestamp><DateUtc dt:dt=""string"">2021-08-28T15:16:51Z</DateUtc></StartTime><FrequencyChanges><FrequencyChange><Frequency dt:dt=""r8"">2835936</Frequency><Timestamp dt:dt=""r8"">11496157330702</Timestamp><Current dt:dt=""r8"">0</Current><DateUtc dt:dt=""string"">2021-08-28T15:16:51Z</DateUtc></FrequencyChange></FrequencyChanges></Clock>\n",SRT,1,SL003_1SRT7D2B,7,1.0.0.778,1,91.67,0.276385399,Press SPACEBAR to begin.,1,100,0,0,97.44,59.988,-1469570573,Full,3.0.3.80,3.0.3.80,8/28/21,8/28/21 15:16,10:16:51,3.0.3.82,D2,0,1,2,Keyboard,1,1,2,1,BlockProc,BlockList,1,1,1,1,Thank you!,Keyboard,Keyboard,No,BlockTrialProc,BlockTrialList,28,1,,0,0,4,X,0,0,TrialProc,TrialList,1,1,Keyboard,0,15,94956,516,1,365,95321,28,2,28,NonTarget,11
NB_DURING,3,1,B,"<?xml version=""1.0""?>\n<Clock xmlns:dt=""urn:schemas-microsoft-com:datatypes""><Description dt:dt=""string"">E-Prime Primary Realtime Clock</Description><StartTime><Timestamp dt:dt=""int"">0</Timestamp><DateUtc dt:dt=""string"">2021-08-28T15:16:51Z</DateUtc></StartTime><FrequencyChanges><FrequencyChange><Frequency dt:dt=""r8"">2835936</Frequency><Timestamp dt:dt=""r8"">11496157330702</Timestamp><Current dt:dt=""r8"">0</Current><DateUtc dt:dt=""string"">2021-08-28T15:16:51Z</DateUtc></FrequencyChange></FrequencyChanges></Clock>\n",SRT,1,SL003_1SRT7D2B,7,1.0.0.778,1,91.67,0.276385399,Press SPACEBAR to begin.,1,100,0,0,97.44,59.988,-1469570573,Full,3.0.3.80,3.0.3.80,8/28/21,8/28/21 15:16,10:16:51,3.0.3.82,D2,0,1,2,Keyboard,1,1,2,1,BlockProc,BlockList,1,1,1,1,Thank you!,Keyboard,Keyboard,No,BlockTrialProc,BlockTrialList,29,1,,0,0,4,T,0,0,TrialProc,TrialList,1,1,Keyboard,0,15,97989,517,1,484,98473,29,2,29,NonTarget,11
NB_DURING,3,1,B,"<?xml version=""1.0""?>\n<Clock xmlns:dt=""urn:schemas-microsoft-com:datatypes""><Description dt:dt=""string"">E-Prime Primary Realtime Clock</Description><StartTime><Timestamp dt:dt=""int"">0</Timestamp><DateUtc dt:dt=""string"">2021-08-28T15:16:51Z</DateUtc></StartTime><FrequencyChanges><FrequencyChange><Frequency dt:dt=""r8"">2835936</Frequency><Timestamp dt:dt=""r8"">11496157330702</Timestamp><Current dt:dt=""r8"">0</Current><DateUtc dt:dt=""string"">2021-08-28T15:16:51Z</DateUtc></FrequencyChange></FrequencyChanges></Clock>\n",SRT,1,SL003_1SRT7D2B,7,1.0.0.778,1,91.67,0.276385399,Press SPACEBAR to begin.,1,100,0,0,97.44,59.988,-1469570573,Full,3.0.3.80,3.0.3.80,8/28/21,8/28/21 15:16,10:16:51,3.0.3.82,D2,0,1,2,Keyboard,1,1,2,1,BlockProc,BlockList,1,1,1,1,Thank you!,Keyboard,Keyboard,No,BlockTrialProc,BlockTrialList,30,1,,0,0,4,P,0,0,TrialProc,TrialList,1,1,Keyboard,0,14,101022,517,1,443,101465,30,2,30,NonTarget,11
NB_DURING,3,1,B,"<?xml version=""1.0""?>\n<Clock xmlns:dt=""urn:schemas-microsoft-com:datatypes""><Description dt:dt=""string"">E-Prime Primary Realtime Clock</Description><StartTime><Timestamp dt:dt=""int"">0</Timestamp><DateUtc dt:dt=""string"">2021-08-28T15:16:51Z</DateUtc></StartTime><FrequencyChanges><FrequencyChange><Frequency dt:dt=""r8"">2835936</Frequency><Timestamp dt:dt=""r8"">11496157330702</Timestamp><Current dt:dt=""r8"">0</Current><DateUtc dt:dt=""string"">2021-08-28T15:16:51Z</DateUtc></FrequencyChange></FrequencyChanges></Clock>\n",SRT,1,SL003_1SRT7D2B,7,1.0.0.778,1,91.67,0.276385399,Press SPACEBAR to begin.,1,100,0,0,97.44,59.988,-1469570573,Full,3.0.3.80,3.0.3.80,8/28/21,8/28/21 15:16,10:16:51,3.0.3.82,D2,0,1,2,Keyboard,1,1,2,1,BlockProc,BlockList,1,1,1,1,Thank you!,Keyboard,Keyboard,No,BlockTrialProc,BlockTrialList,31,1,,0,0,4,k,0,0,TrialProc,TrialList,1,1,Keyboard,0,15,104056,516,1,488,104544,31,2,31,NonTarget,11
NB_DURING,3,1,B,"<?xml version=""1.0""?>\n<Clock xmlns:dt=""urn:schemas-microsoft-com:datatypes""><Description dt:dt=""string"">E-Prime Primary Realtime Clock</Description><StartTime><Timestamp dt:dt=""int"">0</Timestamp><DateUtc dt:dt=""string"">2021-08-28T15:16:51Z</DateUtc></StartTime><FrequencyChanges><FrequencyChange><Frequency dt:dt=""r8"">2835936</Frequency><Timestamp dt:dt=""r8"">11496157330702</Timestamp><Current dt:dt=""r8"">0</Current><DateUtc dt:dt=""string"">2021-08-28T15:16:51Z</DateUtc></FrequencyChange></FrequencyChanges></Clock>\n",SRT,1,SL003_1SRT7D2B,7,1.0.0.778,1,91.67,0.276385399,Press SPACEBAR to begin.,1,100,0,0,97.44,59.988,-1469570573,Full,3.0.3.80,3.0.3.80,8/28/21,8/28/21 15:16,10:16:51,3.0.3.82,D2,0,1,2,Keyboard,1,1,2,1,BlockProc,BlockList,1,1,1,1,Thank you!,Keyboard,Keyboard,No,BlockTrialProc,BlockTrialList,32,1,,0,0,4,b,0,0,TrialProc,TrialList,1,1,Keyboard,0,15,107089,517,1,398,107487,32,2,32,NonTarget,11
NB_DURING,3,1,B,"<?xml version=""1.0""?>\n<Clock xmlns:dt=""urn:schemas-microsoft-com:datatypes""><Description dt:dt=""string"">E-Prime Primary Realtime Clock</Description><StartTime><Timestamp dt:dt=""int"">0</Timestamp><DateUtc dt:dt=""string"">2021-08-28T15:16:51Z</DateUtc></StartTime><FrequencyChanges><FrequencyChange><Frequency dt:dt=""r8"">2835936</Frequency><Timestamp dt:dt=""r8"">11496157330702</Timestamp><Current dt:dt=""r8"">0</Current><DateUtc dt:dt=""string"">2021-08-28T15:16:51Z</DateUtc></FrequencyChange></FrequencyChanges></Clock>\n",SRT,1,SL003_1SRT7D2B,7,1.0.0.778,1,91.67,0.276385399,Press SPACEBAR to begin.,1,100,0,0,97.44,59.988,-1469570573,Full,3.0.3.80,3.0.3.80,8/28/21,8/28/21 15:16,10:16:51,3.0.3.82,D2,0,1,2,Keyboard,1,1,2,1,BlockProc,BlockList,1,1,1,1,Thank you!,Keyboard,Keyboard,No,BlockTrialProc,BlockTrialList,33,1,,0,0,4,k,0,0,TrialProc,TrialList,1,1,Keyboard,0,14,110122,517,1,502,110624,33,2,33,NonTarget,11
NB_DURING,3,1,B,"<?xml version=""1.0""?>\n<Clock xmlns:dt=""urn:schemas-microsoft-com:datatypes""><Description dt:dt=""string"">E-Prime Primary Realtime Clock</Description><StartTime><Timestamp dt:dt=""int"">0</Timestamp><DateUtc dt:dt=""string"">2021-08-28T15:16:51Z</DateUtc></StartTime><FrequencyChanges><FrequencyChange><Frequency dt:dt=""r8"">2835936</Frequency><Timestamp dt:dt=""r8"">11496157330702</Timestamp><Current dt:dt=""r8"">0</Current><DateUtc dt:dt=""string"">2021-08-28T15:16:51Z</DateUtc></FrequencyChange></FrequencyChanges></Clock>\n",SRT,1,SL003_1SRT7D2B,7,1.0.0.778,1,91.67,0.276385399,Press SPACEBAR to begin.,1,100,0,0,97.44,59.988,-1469570573,Full,3.0.3.80,3.0.3.80,8/28/21,8/28/21 15:16,10:16:51,3.0.3.82,D2,0,1,2,Keyboard,1,1,2,1,BlockProc,BlockList,1,1,1,1,Thank you!,Keyboard,Keyboard,No,BlockTrialProc,BlockTrialList,34,4,,0,0,1,K,0,0,TrialProc,TrialList,1,4,Keyboard,0,15,113156,517,4,480,113636,34,2,34,Target,44
NB_DURING,3,1,B,"<?xml version=""1.0""?>\n<Clock xmlns:dt=""urn:schemas-microsoft-com:datatypes""><Description dt:dt=""string"">E-Prime Primary Realtime Clock</Description><StartTime><Timestamp dt:dt=""int"">0</Timestamp><DateUtc dt:dt=""string"">2021-08-28T15:16:51Z</DateUtc></StartTime><FrequencyChanges><FrequencyChange><Frequency dt:dt=""r8"">2835936</Frequency><Timestamp dt:dt=""r8"">11496157330702</Timestamp><Current dt:dt=""r8"">0</Current><DateUtc dt:dt=""string"">2021-08-28T15:16:51Z</DateUtc></FrequencyChange></FrequencyChanges></Clock>\n",SRT,1,SL003_1SRT7D2B,7,1.0.0.778,1,91.67,0.276385399,Press SPACEBAR to begin.,1,100,0,0,97.44,59.988,-1469570573,Full,3.0.3.80,3.0.3.80,8/28/21,8/28/21 15:16,10:16:51,3.0.3.82,D2,0,1,2,Keyboard,1,1,2,1,BlockProc,BlockList,1,1,1,1,Thank you!,Keyboard,Keyboard,No,BlockTrialProc,BlockTrialList,35,1,,0,0,4,r,0,0,TrialProc,TrialList,1,1,Keyboard,0,14,116189,517,1,346,116535,35,2,35,NonTarget,11
NB_DURING,3,1,B,"<?xml version=""1.0""?>\n<Clock xmlns:dt=""urn:schemas-microsoft-com:datatypes""><Description dt:dt=""string"">E-Prime Primary Realtime Clock</Description><StartTime><Timestamp dt:dt=""int"">0</Timestamp><DateUtc dt:dt=""string"">2021-08-28T15:16:51Z</DateUtc></StartTime><FrequencyChanges><FrequencyChange><Frequency dt:dt=""r8"">2835936</Frequency><Timestamp dt:dt=""r8"">11496157330702</Timestamp><Current dt:dt=""r8"">0</Current><DateUtc dt:dt=""string"">2021-08-28T15:16:51Z</DateUtc></FrequencyChange></FrequencyChanges></Clock>\n",SRT,1,SL003_1SRT7D2B,7,1.0.0.778,1,91.67,0.276385399,Press SPACEBAR to begin.,1,100,0,0,97.44,59.988,-1469570573,Full,3.0.3.80,3.0.3.80,8/28/21,8/28/21 15:16,10:16:51,3.0.3.82,D2,0,1,2,Keyboard,1,1,2,1,BlockProc,BlockList,1,1,1,1,Thank you!,Keyboard,Keyboard,No,BlockTrialProc,BlockTrialList,36,1,,0,0,4,T,0,0,TrialProc,TrialList,1,1,Keyboard,0,15,119223,516,1,348,119571,36,2,36,NonTarget,11
NB_DURING,3,1,B,"<?xml version=""1.0""?>\n<Clock xmlns:dt=""urn:schemas-microsoft-com:datatypes""><Description dt:dt=""string"">E-Prime Primary Realtime Clock</Description><StartTime><Timestamp dt:dt=""int"">0</Timestamp><DateUtc dt:dt=""string"">2021-08-28T15:16:51Z</DateUtc></StartTime><FrequencyChanges><FrequencyChange><Frequency dt:dt=""r8"">2835936</Frequency><Timestamp dt:dt=""r8"">11496157330702</Timestamp><Current dt:dt=""r8"">0</Current><DateUtc dt:dt=""string"">2021-08-28T15:16:51Z</DateUtc></FrequencyChange></FrequencyChanges></Clock>\n",SRT,1,SL003_1SRT7D2B,7,1.0.0.778,1,91.67,0.276385399,Press SPACEBAR to begin.,1,100,0,0,97.44,59.988,-1469570573,Full,3.0.3.80,3.0.3.80,8/28/21,8/28/21 15:16,10:16:51,3.0.3.82,D2,0,1,2,Keyboard,1,1,2,1,BlockProc,BlockList,1,1,1,1,Thank you!,Keyboard,Keyboard,No,BlockTrialProc,BlockTrialList,37,4,,0,0,1,T,0,0,TrialProc,TrialList,1,4,Keyboard,0,15,122256,517,4,590,122846,37,2,37,Target,44
NB_DURING,3,1,B,"<?xml version=""1.0""?>\n<Clock xmlns:dt=""urn:schemas-microsoft-com:datatypes""><Description dt:dt=""string"">E-Prime Primary Realtime Clock</Description><StartTime><Timestamp dt:dt=""int"">0</Timestamp><DateUtc dt:dt=""string"">2021-08-28T15:16:51Z</DateUtc></StartTime><FrequencyChanges><FrequencyChange><Frequency dt:dt=""r8"">2835936</Frequency><Timestamp dt:dt=""r8"">11496157330702</Timestamp><Current dt:dt=""r8"">0</Current><DateUtc dt:dt=""string"">2021-08-28T15:16:51Z</DateUtc></FrequencyChange></FrequencyChanges></Clock>\n",SRT,1,SL003_1SRT7D2B,7,1.0.0.778,1,91.67,0.276385399,Press SPACEBAR to begin.,1,100,0,0,97.44,59.988,-1469570573,Full,3.0.3.80,3.0.3.80,8/28/21,8/28/21 15:16,10:16:51,3.0.3.82,D2,0,1,2,Keyboard,1,1,2,1,BlockProc,BlockList,1,1,1,1,Thank you!,Keyboard,Keyboard,No,BlockTrialProc,BlockTrialList,38,1,,0,0,4,R,0,0,TrialProc,TrialList,1,1,Keyboard,0,14,125289,517,1,372,125661,38,2,38,NonTarget,11
NB_DURING,3,1,B,"<?xml version=""1.0""?>\n<Clock xmlns:dt=""urn:schemas-microsoft-com:datatypes""><Description dt:dt=""string"">E-Prime Primary Realtime Clock</Description><StartTime><Timestamp dt:dt=""int"">0</Timestamp><DateUtc dt:dt=""string"">2021-08-28T15:16:51Z</DateUtc></StartTime><FrequencyChanges><FrequencyChange><Frequency dt:dt=""r8"">2835936</Frequency><Timestamp dt:dt=""r8"">11496157330702</Timestamp><Current dt:dt=""r8"">0</Current><DateUtc dt:dt=""string"">2021-08-28T15:16:51Z</DateUtc></FrequencyChange></FrequencyChanges></Clock>\n",SRT,1,SL003_1SRT7D2B,7,1.0.0.778,1,91.67,0.276385399,Press SPACEBAR to begin.,1,100,0,0,97.44,59.988,-1469570573,Full,3.0.3.80,3.0.3.80,8/28/21,8/28/21 15:16,10:16:51,3.0.3.82,D2,0,1,2,Keyboard,1,1,2,1,BlockProc,BlockList,1,1,1,1,Thank you!,Keyboard,Keyboard,No,BlockTrialProc,BlockTrialList,39,4,,1,0,1,r,0,0,TrialProc,TrialList,0,4,Keyboard,0,15,128323,516,1,395,128718,39,2,39,Target,44