C:\Users\pindus\Desktop\SITLess_Data\EXP1\COG\DURING\2B\SL001\SL001_N2N6D1A.edat3,,,,,,,,,,,,,,,,,,,,,,,,,,,,,,,,,,,,,,,,,,,,,,,,,,,,,,,,,,,,,,,,,,,,,,,,,
ExperimentName,Subject,Session,BlockID,Clock.Information,CogSeq,Condition,DataFile.Basename,Day,ExperimentVersion,Group,Hits.Mean,Hits.StdDevP,NB,NonTargetAcc.Mean,NonTargetAcc.StdDevP,OnebackLureCounter,OverallACC,Participant.RefreshRate,RandomSeed,RuntimeCapabilities,RuntimeVersion,RuntimeVersionExpected,SessionDate,SessionStartDateTimeUtc,SessionTime,StudioVersion,TIMING,Total_Ommision_Error,TotalComissionErrors,TwobackLureCounter,Welcome.DEVICE,Block,BlockList,BlockList.Cycle,BlockList.Sample,Procedure[Block],Running[Block],Trial,BlockTrialList,BlockTrialList.Cycle,BlockTrialList.Sample,BreakMessage,BreakMessage.DEVICE,GetReady.DEVICE,Practice,Procedure[Trial],Running[Trial],SubTrial,CorrectResp,CurrentLetters,HitsComissionErrors,HitsOmissions,IncorrectResp,Letter,NonTargetComissionErrors,NonTargetOmissions,Procedure[SubTrial],Running[SubTrial],Stimulus.ACC,Stimulus.CRESP,Stimulus.DEVICE,Stimulus.DurationError,Stimulus.OnsetDelay,Stimulus.OnsetTime,Stimulus.OnsetToOnsetTime,Stimulus.RESP,Stimulus.RT,Stimulus.RTTime,TrialList,TrialList.Cycle,TrialList.Sample,TrialType,Type
NB_DURING,1,1,A,"<?xml version=""1.0""?>\n<Clock xmlns:dt=""urn:schemas-microsoft-com:datatypes""><Description dt:dt=""string"">E-Prime Primary Realtime Clock</Description><StartTime><Timestamp dt:dt=""int"">0</Timestamp><DateUtc dt:dt=""string"">2021-07-01T15:10:36Z</DateUtc></StartTime><FrequencyChanges><FrequencyChange><Frequency dt:dt=""r8"">2835939</Frequency><Timestamp dt:dt=""r8"">2394320581500</Timestamp><Current dt:dt=""r8"">0</Current><DateUtc dt:dt=""string"">2021-07-01T15:10:36Z</DateUtc></FrequencyChange></FrequencyChanges></Clock>\n",N,2,SL001_N2N6D1A,6,1.0.0.786,1,100,0,2,100,0,3,100,59.984,2024363897,Full,3.0.3.80,3.0.3.80,7/1/21,7/1/21 15:10,10:10:36,3.0.3.82,D1,0,0,0,Keyboard,1,1,2,1,BlockProc,BlockList,1,1,1,1,Thank you!,Keyboard,Keyboard,No,BlockTrialProc,BlockTrialList,1,1,,0,0,4,x,0,0,TrialProc,TrialList,1,1,Keyboard,0,33,12341,516,1,467,12808,1,2,1,NonTarget,11
NB_DURING,1,1,A,"<?xml version=""1.0""?>\n<Clock xmlns:dt=""urn:schemas-microsoft-com:datatypes""><Description dt:dt=""string"">E-Prime Primary Realtime Clock</Description><StartTime><Timestamp dt:dt=""int"">0</Timestamp><DateUtc dt:dt=""string"">2021-07-01T15:10:36Z</DateUtc></StartTime><FrequencyChanges><FrequencyChange><Frequency dt:dt=""r8"">2835939</Frequency><Timestamp dt:dt=""r8"">2394320581500</Timestamp><Current dt:dt=""r8"">0</Current><DateUtc dt:dt=""string"">2021-07-01T15:10:36Z</DateUtc></FrequencyChange></FrequencyChanges></Clock>\n",N,2,SL001_N2N6D1A,6,1.0.0.786,1,100,0,2,100,0,3,100,59.984,2024363897,Full,3.0.3.80,3.0.3.80,7/1/21,7/1/21 15:10,10:10:36,3.0.3.82,D1,0,0,0,Keyboard,1,1,2,1,BlockProc,BlockList,1,1,1,1,Thank you!,Keyboard,Keyboard,No,BlockTrialProc,BlockTrialList,2,1,,0,0,4,r,0,0,TrialProc,TrialList,1,1,Keyboard,0,15,15374,517,1,293,15667,2,2,2,NonTarget,11
NB_DURING,1,1,A,"<?xml version=""1.0""?>\n<Clock xmlns:dt=""urn:schemas-microsoft-com:datatypes""><Description dt:dt=""string"">E-Prime Primary Realtime Clock</Description><StartTime><Timestamp dt:dt=""int"">0</Timestamp><DateUtc dt:dt=""string"">2021-07-01T15:10:36Z</DateUtc></StartTime><FrequencyChanges><FrequencyChange><Frequency dt:dt=""r8"">2835939</Frequency><Timestamp dt:dt=""r8"">2394320581500</Timestamp><Current dt:dt=""r8"">0</Current><DateUtc dt:dt=""string"">2021-07-01T15:10:36Z</DateUtc></FrequencyChange></FrequencyChanges></Clock>\n",N,2,SL001_N2N6D1A,6,1.0.0.786,1,100,0,2,100,0,3,100,59.984,2024363897,Full,3.0.3.80,3.0.3.80,7/1/21,7/1/21 15:10,10:10:36,3.0.3.82,D1,0,0,0,Keyboard,1,1,2,1,BlockProc,BlockList,1,1,1,1,Thank you!,Keyboard,Keyboard,No,BlockTrialProc,BlockTrialList,3,1,,0,0,4,K,0,0,TrialProc,TrialList,1,1,Keyboard,0,14,18407,517,1,665,19072,3,2,3,NonTarget,11
NB_DURING,1,1,A,"<?xml version=""1.0""?>\n<Clock xmlns:dt=""urn:schemas-microsoft-com:datatypes""><Description dt:dt=""string"">E-Prime Primary Realtime Clock</Description><StartTime><Timestamp dt:dt=""int"">0</Timestamp><DateUtc dt:dt=""string"">2021-07-01T15:10:36Z</DateUtc></StartTime><FrequencyChanges><FrequencyChange><Frequency dt:dt=""r8"">2835939</Frequency><Timestamp dt:dt=""r8"">2394320581500</Timestamp><Current dt:dt=""r8"">0</Current><DateUtc dt:dt=""string"">2021-07-01T15:10:36Z</DateUtc></FrequencyChange></FrequencyChanges></Clock>\n",N,2,SL001_N2N6D1A,6,1.0.0.786,1,100,0,2,100,0,3,100,59.984,2024363897,Full,3.0.3.80,3.0.3.80,7/1/21,7/1/21 15:10,10:10:36,3.0.3.82,D1,0,0,0,Keyboard,1,1,2,1,BlockProc,BlockList,1,1,1,1,Thank you!,Keyboard,Keyboard,No,BlockTrialProc,BlockTrialList,4,4,,0,0,1,R,0,0,TrialProc,TrialList,1,4,Keyboard,0,15,21441,516,4,390,21831,4,2,4,Target,44
NB_DURING,1,1,A,"<?xml version=""1.0""?>\n<Clock xmlns:dt=""urn:schemas-microsoft-com:datatypes""><Description dt:dt=""string"">E-Prime Primary Realtime Clock</Description><StartTime><Timestamp dt:dt=""int"">0</Timestamp><DateUtc dt:dt=""string"">2021-07-01T15:10:36Z</DateUtc></StartTime><FrequencyChanges><FrequencyChange><Frequency dt:dt=""r8"">2835939</Frequency><Timestamp dt:dt=""r8"">2394320581500</Timestamp><Current dt:dt=""r8"">0</Current><DateUtc dt:dt=""string"">2021-07-01T15:10:36Z</DateUtc></FrequencyChange></FrequencyChanges></Clock>\n",N,2,SL001_N2N6D1A,6,1.0.0.786,1,100,0,2,100,0,3,100,59.984,2024363897,Full,3.0.3.80,3.0.3.80,7/1/21,7/1/21 15:10,10:10:36,3.0.3.82,D1,0,0,0,Keyboard,1,1,2,1,BlockProc,BlockList,1,1,1,1,Thank you!,Keyboard,Keyboard,No,BlockTrialProc,BlockTrialList,5,1,,0,0,4,b,0,0,TrialProc,TrialList,1,1,Keyboard,0,15,24474,517,1,441,24915,5,2,5,NonTarget,11
NB_DURING,1,1,A,"<?xml version=""1.0""?>\n<Clock xmlns:dt=""urn:schemas-microsoft-com:datatypes""><Description dt:dt=""string"">E-Prime Primary Realtime Clock</Description><StartTime><Timestamp dt:dt=""int"">0</Timestamp><DateUtc dt:dt=""string"">2021-07-01T15:10:36Z</DateUtc></StartTime><FrequencyChanges><FrequencyChange><Frequency dt:dt=""r8"">2835939</Frequency><Timestamp dt:dt=""r8"">2394320581500</Timestamp><Current dt:dt=""r8"">0</Current><DateUtc dt:dt=""string"">2021-07-01T15:10:36Z</DateUtc></FrequencyChange></FrequencyChanges></Clock>\n",N,2,SL001_N2N6D1A,6,1.0.0.786,1,100,0,2,100,0,3,100,59.984,2024363897,Full,3.0.3.80,3.0.3.80,7/1/21,7/1/21 15:10,10:10:36,3.0.3.82,D1,0,0,0,Keyboard,1,1,2,1,BlockProc,BlockList,1,1,1,1,Thank you!,Keyboard,Keyboard,No,BlockTrialProc,BlockTrialList,6,4,,0,0,1,R,0,0,TrialProc,TrialList,1,4,Keyboard,0,15,27508,516,4,506,28014,6,2,6,Target,44
NB_DURING,1,1,A,"<?xml version=""1.0""?>\n<Clock xmlns:dt=""urn:schemas-microsoft-com:datatypes""><Description dt:dt=""string"">E-Prime Primary Realtime Clock</Description><StartTime><Timestamp dt:dt=""int"">0</Timestamp><DateUtc dt:dt=""string"">2021-07-01T15:10:36Z</DateUtc></StartTime><FrequencyChanges><FrequencyChange><Frequency dt:dt=""r8"">2835939</Frequency><Timestamp dt:dt=""r8"">2394320581500</Timestamp><Current dt:dt=""r8"">0</Current><DateUtc dt:dt=""string"">2021-07-01T15:10:36Z</DateUtc></FrequencyChange></FrequencyChanges></Clock>\n",N,2,SL001_N2N6D1A,6,1.0.0.786,1,100,0,2,100,0,3,100,59.984,2024363897,Full,3.0.3.80,3.0.3.80,7/1/21,7/1/21 15:10,10:10:36,3.0.3.82,D1,0,0,0,Keyboard,1,1,2,1,BlockProc,BlockList,1,1,1,1,Thank you!,Keyboard,Keyboard,No,BlockTrialProc,BlockTrialList,7,1,,0,0,4,s,0,0,TrialProc,TrialList,1,1,Keyboard,0,15,30541,517,1,323,30864,7,2,7,NonTarget,11
NB_DURING,1,1,A,"<?xml version=""1.0""?>\n<Clock xmlns:dt=""urn:schemas-microsoft-com:datatypes""><Description dt:dt=""string"">E-Prime Primary Realtime Clock</Description><StartTime><Timestamp dt:dt=""int"">0</Timestamp><DateUtc dt:dt=""string"">2021-07-01T15:10:36Z</DateUtc></StartTime><FrequencyChanges><FrequencyChange><Frequency dt:dt=""r8"">2835939</Frequency><Timestamp dt:dt=""r8"">2394320581500</Timestamp><Current dt:dt=""r8"">0</Current><DateUtc dt:dt=""string"">2021-07-01T15:10:36Z</DateUtc></FrequencyChange></FrequencyChanges></Clock>\n",N,2,SL001_N2N6D1A,6,1.0.0.786,1,100,0,2,100,0,3,100,59.984,2024363897,Full,3.0.3.80,3.0.3.80,7/1/21,7/1/21 15:10,10:10:36,3.0.3.82,D1,0,0,0,Keyboard,1,1,2,1,BlockProc,BlockList,1,1,1,1,Thank you!,Keyboard,Keyboard,No,BlockTrialProc,BlockTrialList,8,1,,0,0,4,T,0,0,TrialProc,TrialList,1,1,Keyboard,0,14,33574,517,1,388,33962,8,2,8,NonTarget,11
NB_DURING,1,1,A,"<?xml version=""1.0""?>\n<Clock xmlns:dt=""urn:schemas-microsoft-com:datatypes""><Description dt:dt=""string"">E-Prime Primary Realtime Clock</Description><StartTime><Timestamp dt:dt=""int"">0</Timestamp><DateUtc dt:dt=""string"">2021-07-01T15:10:36Z</DateUtc></StartTime><FrequencyChanges><FrequencyChange><Frequency dt:dt=""r8"">2835939</Frequency><Timestamp dt:dt=""r8"">2394320581500</Timestamp><Current dt:dt=""r8"">0</Current><DateUtc dt:dt=""string"">2021-07-01T15:10:36Z</DateUtc></FrequencyChange></FrequencyChanges></Clock>\n",N,2,SL001_N2N6D1A,6,1.0.0.786,1,100,0,2,100,0,3,100,59.984,2024363897,Full,3.0.3.80,3.0.3.80,7/1/21,7/1/21 15:10,10:10:36,3.0.3.82,D1,0,0,0,Keyboard,1,1,2,1,BlockProc,BlockList,1,1,1,1,Thank you!,Keyboard,Keyboard,No,BlockTrialProc,BlockTrialList,9,1,,0,0,4,C,0,0,TrialProc,TrialList,1,1,Keyboard,0,15,36608,516,1,403,37011,9,2,9,NonTarget,11
NB_DURING,1,1,A,"<?xml version=""1.0""?>\n<Clock xmlns:dt=""urn:schemas-microsoft-com:datatypes""><Description dt:dt=""string"">E-Prime Primary Realtime Clock</Description><StartTime><Timestamp dt:dt=""int"">0</Timestamp><DateUtc dt:dt=""string"">2021-07-01T15:10:36Z</DateUtc></StartTime><FrequencyChanges><FrequencyChange><Frequency dt:dt=""r8"">2835939</Frequency><Timestamp dt:dt=""r8"">2394320581500</Timestamp><Current dt:dt=""r8"">0</Current><DateUtc dt:dt=""string"">2021-07-01T15:10:36Z</DateUtc></FrequencyChange></FrequencyChanges></Clock>\n",N,2,SL001_N2N6D1A,6,1.0.0.786,1,100,0,2,100,0,3,100,59.984,2024363897,Full,3.0.3.80,3.0.3.80,7/1/21,7/1/21 15:10,10:10:36,3.0.3.82,D1,0,0,0,Keyboard,1,1,2,1,BlockProc,BlockList,1,1,1,1,Thank you!,Keyboard,Keyboard,No,BlockTrialProc,BlockTrialList,10,1,,0,0,4,f,0,0,TrialProc,TrialList,1,1,Keyboard,0,15,39641,517,1,425,40066,10,2,10,NonTarget,11
NB_DURING,1,1,A,"<?xml version=""1.0""?>\n<Clock xmlns:dt=""urn:schemas-microsoft-com:datatypes""><Description dt:dt=""string"">E-Prime Primary Realtime Clock</Description><StartTime><Timestamp dt:dt=""int"">0</Timestamp><DateUtc dt:dt=""string"">2021-07-01T15:10:36Z</DateUtc></StartTime><FrequencyChanges><FrequencyChange><Frequency dt:dt=""r8"">2835939</Frequency><Timestamp dt:dt=""r8"">2394320581500</Timestamp><Current dt:dt=""r8"">0</Current><DateUtc dt:dt=""string"">2021-07-01T15:10:36Z</DateUtc></FrequencyChange></FrequencyChanges></Clock>\n",N,2,SL001_N2N6D1A,6,1.0.0.786,1,100,0,2,100,0,3,100,59.984,2024363897,Full,3.0.3.80,3.0.3.80,7/1/21,7/1/21 15:10,10:10:36,3.0.3.82,D1,0,0,0,Keyboard,1,1,2,1,BlockProc,BlockList,1,1,1,1,Thank you!,Keyboard,Keyboard,No,BlockTrialProc,BlockTrialList,11,1,,0,0,4,F,0,0,TrialProc,TrialList,1,1,Keyboard,0,14,42674,517,1,898,43572,11,2,11,NonTarget,11
NB_DURING,1,1,A,"<?xml version=""1.0""?>\n<Clock xmlns:dt=""urn:schemas-microsoft-com:datatypes""><Description dt:dt=""string"">E-Prime Primary Realtime Clock</Description><StartTime><Timestamp dt:dt=""int"">0</Timestamp><DateUtc dt:dt=""string"">2021-07-01T15:10:36Z</DateUtc></StartTime><FrequencyChanges><FrequencyChange><Frequency dt:dt=""r8"">2835939</Frequency><Timestamp dt:dt=""r8"">2394320581500</Timestamp><Current dt:dt=""r8"">0</Current><DateUtc dt:dt=""string"">2021-07-01T15:10:36Z</DateUtc></FrequencyChange></FrequencyChanges></Clock>\n",N,2,SL001_N2N6D1A,6,1.0.0.786,1,100,0,2,100,0,3,100,59.984,2024363897,Full,3.0.3.80,3.0.3.80,7/1/21,7/1/21 15:10,10:10:36,3.0.3.82,D1,0,0,0,Keyboard,1,1,2,1,BlockProc,BlockList,1,1,1,1,Thank you!,Keyboard,Keyboard,No,BlockTrialProc,BlockTrialList,12,4,,0,0,1,f,0,0,TrialProc,TrialList,1,4,Keyboard,0,15,45708,516,4,367,46075,12,2,12,Target,44
NB_DURING,1,1,A,"<?xml version=""1.0""?>\n<Clock xmlns:dt=""urn:schemas-microsoft-com:datatypes""><Description dt:dt=""string"">E-Prime Primary Realtime Clock</Description><StartTime><Timestamp dt:dt=""int"">0</Timestamp><DateUtc dt:dt=""string"">2021-07-01T15:10:36Z</DateUtc></StartTime><FrequencyChanges><FrequencyChange><Frequency dt:dt=""r8"">2835939</Frequency><Timestamp dt:dt=""r8"">2394320581500</Timestamp><Current dt:dt=""r8"">0</Current><DateUtc dt:dt=""string"">2021-07-01T15:10:36Z</DateUtc></FrequencyChange></FrequencyChanges></Clock>\n",N,2,SL001_N2N6D1A,6,1.0.0.786,1,100,0,2,100,0,3,100,59.984,2024363897,Full,3.0.3.80,3.0.3.80,7/1/21,7/1/21 15:10,10:10:36,3.0.3.82,D1,0,0,0,Keyboard,1,1,2,1,BlockProc,BlockList,1,1,1,1,Thank you!,Keyboard,Keyboard,No,BlockTrialProc,BlockTrialList,13,4,,0,0,1,f,0,0,TrialProc,TrialList,1,4,Keyboard,0,15,48741,517,4,367,49108,13,2,13,Target,44
NB_DURING,1,1,A,"<?xml version=""1.0""?>\n<Clock xmlns:dt=""urn:schemas-microsoft-com:datatypes""><Description dt:dt=""string"">E-Prime Primary Realtime Clock</Description><StartTime><Timestamp dt:dt=""int"">0</Timestamp><DateUtc dt:dt=""string"">2021-07-01T15:10:36Z</DateUtc></StartTime><FrequencyChanges><FrequencyChange><Frequency dt:dt=""r8"">2835939</Frequency><Timestamp dt:dt=""r8"">2394320581500</Timestamp><Current dt:dt=""r8"">0</Current><DateUtc dt:dt=""string"">2021-07-01T15:10:36Z</DateUtc></FrequencyChange></FrequencyChanges></Clock>\n",N,2,SL001_N2N6D1A,6,1.0.0.786,1,100,0,2,100,0,3,100,59.984,2024363897,Full,3.0.3.80,3.0.3.80,7/1/21,7/1/21 15:10,10:10:36,3.0.3.82,D1,0,0,0,Keyboard,1,1,2,1,BlockProc,BlockList,1,1,1,1,Thank you!,Keyboard,Keyboard,No,BlockTrialProc,BlockTrialList,14,1,,0,0,4,S,0,0,TrialProc,TrialList,1,1,Keyboard,0,14,51774,517,1,331,52105,14,2,14,NonTarget,11
NB_DURING,1,1,A,"<?xml version=""1.0""?>\n<Clock xmlns:dt=""urn:schemas-microsoft-com:datatypes""><Description dt:dt=""string"">E-Prime Primary Realtime Clock</Description><StartTime><Timestamp dt:dt=""int"">0</Timestamp><DateUtc dt:dt=""string"">2021-07-01T15:10:36Z</DateUtc></StartTime><FrequencyChanges><FrequencyChange><Frequency dt:dt=""r8"">2835939</Frequency><Timestamp dt:dt=""r8"">2394320581500</Timestamp><Current dt:dt=""r8"">0</Current><DateUtc dt:dt=""string"">2021-07-01T15:10:36Z</DateUtc></FrequencyChange></FrequencyChanges></Clock>\n",N,2,SL001_N2N6D1A,6,1.0.0.786,1,100,0,2,100,0,3,100,59.984,2024363897,Full,3.0.3.80,3.0.3.80,7/1/21,7/1/21 15:10,10:10:36,3.0.3.82,D1,0,0,0,Keyboard,1,1,2,1,BlockProc,BlockList,1,1,1,1,Thank you!,Keyboard,Keyboard,No,BlockTrialProc,BlockTrialList,15,1,,0,0,4,P,0,0,TrialProc,TrialList,1,1,Keyboard,0,15,54808,516,1,461,55269,15,2,15,NonTarget,11
NB_DURING,1,1,A,"<?xml version=""1.0""?>\n<Clock xmlns:dt=""urn:schemas-microsoft-com:datatypes""><Description dt:dt=""string"">E-Prime Primary Realtime Clock</Description><StartTime><Timestamp dt:dt=""int"">0</Timestamp><DateUtc dt:dt=""string"">2021-07-01T15:10:36Z</DateUtc></StartTime><FrequencyChanges><FrequencyChange><Frequency dt:dt=""r8"">2835939</Frequency><Timestamp dt:dt=""r8"">2394320581500</Timestamp><Current dt:dt=""r8"">0</Current><DateUtc dt:dt=""string"">2021-07-01T15:10:36Z</DateUtc></FrequencyChange></FrequencyChanges></Clock>\n",N,2,SL001_N2N6D1A,6,1.0.0.786,1,100,0,2,100,0,3,100,59.984,2024363897,Full,3.0.3.80,3.0.3.80,7/1/21,7/1/21 15:10,10:10:36,3.0.3.82,D1,0,0,0,Keyboard,1,1,2,1,BlockProc,BlockList,1,1,1,1,Thank you!,Keyboard,Keyboard,No,BlockTrialProc,BlockTrialList,16,1,,0,0,4,X,0,0,TrialProc,TrialList,1,1,Keyboard,0,15,57841,517,1,463,58304,16,2,16,NonTarget,11
NB_DURING,1,1,A,"<?xml version=""1.0""?>\n<Clock xmlns:dt=""urn:schemas-microsoft-com:datatypes""><Description dt:dt=""string"">E-Prime Primary Realtime Clock</Description><StartTime><Timestamp dt:dt=""int"">0</Timestamp><DateUtc dt:dt=""string"">2021-07-01T15:10:36Z</DateUtc></StartTime><FrequencyChanges><FrequencyChange><Frequency dt:dt=""r8"">2835939</Frequency><Timestamp dt:dt=""r8"">2394320581500</Timestamp><Current dt:dt=""r8"">0</Current><DateUtc dt:dt=""string"">2021-07-01T15:10:36Z</DateUtc></FrequencyChange></FrequencyChanges></Clock>\n",N,2,SL001_N2N6D1A,6,1.0.0.786,1,100,0,2,100,0,3,100,59.984,2024363897,Full,3.0.3.80,3.0.3.80,7/1/21,7/1/21 15:10,10:10:36,3.0.3.82,D1,0,0,0,Keyboard,1,1,2,1,BlockProc,BlockList,1,1,1,1,Thank you!,Keyboard,Keyboard,No,BlockTrialProc,BlockTrialList,17,4,,0,0,1,P,0,0,TrialProc,TrialList,1,4,Keyboard,0,14,60874,517,4,446,61320,17,2,17,Target,44
NB_DURING,1,1,A,"<?xml version=""1.0""?>\n<Clock xmlns:dt=""urn:schemas-microsoft-com:datatypes""><Description dt:dt=""string"">E-Prime Primary Realtime Clock</Description><StartTime><Timestamp dt:dt=""int"">0</Timestamp><DateUtc dt:dt=""string"">2021-07-01T15:10:36Z</DateUtc></StartTime><FrequencyChanges><FrequencyChange><Frequency dt:dt=""r8"">2835939</Frequency><Timestamp dt:dt=""r8"">2394320581500</Timestamp><Current dt:dt=""r8"">0</Current><DateUtc dt:dt=""string"">2021-07-01T15:10:36Z</DateUtc></FrequencyChange></FrequencyChanges></Clock>\n",N,2,SL001_N2N6D1A,6,1.0.0.786,1,100,0,2,100,0,3,100,59.984,2024363897,Full,3.0.3.80,3.0.3.80,7/1/21,7/1/21 15:10,10:10:36,3.0.3.82,D1,0,0,0,Keyboard,1,1,2,1,BlockProc,BlockList,1,1,1,1,Thank you!,Keyboard,Keyboard,No,BlockTrialProc,BlockTrialList,18,1,,0,0,4,k,0,0,TrialProc,TrialList,1,1,Keyboard,0,15,63908,516,1,435,64343,18,2,18,NonTarget,11
NB_DURING,1,1,A,"<?xml version=""1.0""?>\n<Clock xmlns:dt=""urn:schemas-microsoft-com:datatypes""><Description dt:dt=""string"">E-Prime Primary Realtime Clock</Description><StartTime><Timestamp dt:dt=""int"">0</Timestamp><DateUtc dt:dt=""string"">2021-07-01T15:10:36Z</DateUtc></StartTime><FrequencyChanges><FrequencyChange><Frequency dt:dt=""r8"">2835939</Frequency><Timestamp dt:dt=""r8"">2394320581500</Timestamp><Current dt:dt=""r8"">0</Current><DateUtc dt:dt=""string"">2021-07-01T15:10:36Z</DateUtc></FrequencyChange></FrequencyChanges></Clock>\n",N,2,SL001_N2N6D1A,6,1.0.0.786,1,100,0,2,100,0,3,100,59.984,2024363897,Full,3.0.3.80,3.0.3.80,7/1/21,7/1/21 15:10,10:10:36,3.0.3.82,D1,0,0,0,Keyboard,1,1,2,1,BlockProc,BlockList,1,1,1,1,Thank you!,Keyboard,Keyboard,No,BlockTrialProc,BlockTrialList,19,4,,0,0,1,P,0,0,TrialProc,TrialList,1,4,Keyboard,0,15,66941,517,4,427,67368,19,2,19,Target,44
NB_DURING,1,1,A,"<?xml version=""1.0""?>\n<Clock xmlns:dt=""urn:schemas-microsoft-com:datatypes""><Description dt:dt=""string"">E-Prime Primary Realtime Clock</Description><StartTime><Timestamp dt:dt=""int"">0</Timestamp><DateUtc dt:dt=""string"">2021-07-01T15:10:36Z</DateUtc></StartTime><FrequencyChanges><FrequencyChange><Frequency dt:dt=""r8"">2835939</Frequency><Timestamp dt:dt=""r8"">2394320581500</Timestamp><Current dt:dt=""r8"">0</Current><DateUtc dt:dt=""string"">2021-07-01T15:10:36Z</DateUtc></FrequencyChange></FrequencyChanges></Clock>\n",N,2,SL001_N2N6D1A,6,1.0.0.786,1,100,0,2,100,0,3,100,59.984,2024363897,Full,3.0.3.80,3.0.3.80,7/1/21,7/1/21 15:10,10:10:36,3.0.3.82,D1,0,0,0,Keyboard,1,1,2,1,BlockProc,BlockList,1,1,1,1,Thank you!,Keyboard,Keyboard,No,BlockTrialProc,BlockTrialList,20,4,,0,0,1,K,0,0,TrialProc,TrialList,1,4,Keyboard,0,14,69974,517,4,384,70358,20,2,20,Target,44
NB_DURING,1,1,A,"<?xml version=""1.0""?>\n<Clock xmlns:dt=""urn:schemas-microsoft-com:datatypes""><Description dt:dt=""string"">E-Prime Primary Realtime Clock</Description><StartTime><Timestamp dt:dt=""int"">0</Timestamp><DateUtc dt:dt=""string"">2021-07-01T15:10:36Z</DateUtc></StartTime><FrequencyChanges><FrequencyChange><Frequency dt:dt=""r8"">2835939</Frequency><Timestamp dt:dt=""r8"">2394320581500</Timestamp><Current dt:dt=""r8"">0</Current><DateUtc dt:dt=""string"">2021-07-01T15:10:36Z</DateUtc></FrequencyChange></FrequencyChanges></Clock>\n",N,2,SL001_N2N6D1A,6,1.0.0.786,1,100,0,2,100,0,3,100,59.984,2024363897,Full,3.0.3.80,3.0.3.80,7/1/21,7/1/21 15:10,10:10:36,3.0.3.82,D1,0,0,0,Keyboard,1,1,2,1,BlockProc,BlockList,1,1,1,1,Thank you!,Keyboard,Keyboard,No,BlockTrialProc,BlockTrialList,21,1,,0,0,4,s,0,0,TrialProc,TrialList,1,1,Keyboard,0,15,73008,517,1,433,73441,21,2,21,NonTarget,11
NB_DURING,1,1,A,"<?xml version=""1.0""?>\n<Clock xmlns:dt=""urn:schemas-microsoft-com:datatypes""><Description dt:dt=""string"">E-Prime Primary Realtime Clock</Description><StartTime><Timestamp dt:dt=""int"">0</Timestamp><DateUtc dt:dt=""string"">2021-07-01T15:10:36Z</DateUtc></StartTime><FrequencyChanges><FrequencyChange><Frequency dt:dt=""r8"">2835939</Frequency><Timestamp dt:dt=""r8"">2394320581500</Timestamp><Current dt:dt=""r8"">0</Current><DateUtc dt:dt=""string"">2021-07-01T15:10:36Z</DateUtc></FrequencyChange></FrequencyChanges></Clock>\n",N,2,SL001_N2N6D1A,6,1.0.0.786,1,100,0,2,100,0,3,100,59.984,2024363897,Full,3.0.3.80,3.0.3.80,7/1/21,7/1/21 15:10,10:10:36,3.0.3.82,D1,0,0,0,Keyboard,1,1,2,1,BlockProc,BlockList,1,1,1,1,Thank you!,Keyboard,Keyboard,No,BlockTrialProc,BlockTrialList,22,4,,0,0,1,k,0,0,TrialProc,TrialList,1,4,Keyboard,0,14,76041,517,4,571,76612,22,2,22,Target,44
NB_DURING,1,1,A,"<?xml version=""1.0""?>\n<Clock xmlns:dt=""urn:schemas-microsoft-com:datatypes""><Description dt:dt=""string"">E-Prime Primary Realtime Clock</Description><StartTime><Timestamp dt:dt=""int"">0</Timestamp><DateUtc dt:dt=""string"">2021-07-01T15:10:36Z</DateUtc></StartTime><FrequencyChanges><FrequencyChange><Frequency dt:dt=""r8"">2835939</Frequency><Timestamp dt:dt=""r8"">2394320581500</Timestamp><Current dt:dt=""r8"">0</Current><DateUtc dt:dt=""string"">2021-07-01T15:10:36Z</DateUtc></FrequencyChange></FrequencyChanges></Clock>\n",N,2,SL001_N2N6D1A,6,1.0.0.786,1,100,0,2,100,0,3,100,59.984,2024363897,Full,3.0.3.80,3.0.3.80,7/1/21,7/1/21 15:10,10:10:36,3.0.3.82,D1,0,0,0,Keyboard,1,1,2,1,BlockProc,BlockList,1,1,1,1,Thank you!,Keyboard,Keyboard,No,BlockTrialProc,BlockTrialList,23,1,,0,0,4,k,0,0,TrialProc,TrialList,1,1,Keyboard,0,15,79075,516,1,622,79697,23,2,23,NonTarget,11
NB_DURING,1,1,A,"<?xml version=""1.0""?>\n<Clock xmlns:dt=""urn:schemas-microsoft-com:datatypes""><Description dt:dt=""string"">E-Prime Primary Realtime Clock</Description><StartTime><Timestamp dt:dt=""int"">0</Timestamp><DateUtc dt:dt=""string"">2021-07-01T15:10:36Z</DateUtc></StartTime><FrequencyChanges><FrequencyChange><Frequency dt:dt=""r8"">2835939</Frequency><Timestamp dt:dt=""r8"">2394320581500</Timestamp><Current dt:dt=""r8"">0</Current><DateUtc dt:dt=""string"">2021-07-01T15:10:36Z</DateUtc></FrequencyChange></FrequencyChanges></Clock>\n",N,2,SL001_N2N6D1A,6,1.0.0.786,1,100,0,2,100,0,3,100,59.984,2024363897,Full,3.0.3.80,3.0.3.80,7/1/21,7/1/21 15:10,10:10:36,3.0.3.82,D1,0,0,0,Keyboard,1,1,2,1,BlockProc,BlockList,1,1,1,1,Thank you!,Keyboard,Keyboard,No,BlockTrialProc,BlockTrialList,24,1,,0,0,4,C,0,0,TrialProc,TrialList,1,1,Keyboard,0,15,82108,517,1,401,82509,24,2,24,NonTarget,11
NB_DURING,1,1,A,"<?xml version=""1.0""?>\n<Clock xmlns:dt=""urn:schemas-microsoft-com:datatypes""><Description dt:dt=""string"">E-Prime Primary Realtime Clock</Description><StartTime><Timestamp dt:dt=""int"">0</Timestamp><DateUtc dt:dt=""string"">2021-07-01T15:10:36Z</DateUtc></StartTime><FrequencyChanges><FrequencyChange><Frequency dt:dt=""r8"">2835939</Frequency><Timestamp dt:dt=""r8"">2394320581500</Timestamp><Current dt:dt=""r8"">0</Current><DateUtc dt:dt=""string"">2021-07-01T15:10:36Z</DateUtc></FrequencyChange></FrequencyChanges></Clock>\n",N,2,SL001_N2N6D1A,6,1.0.0.786,1,100,0,2,100,0,3,100,59.984,2024363897,Full,3.0.3.80,3.0.3.80,7/1/21,7/1/21 15:10,10:10:36,3.0.3.82,D1,0,0,0,Keyboard,1,1,2,1,BlockProc,BlockList,1,1,1,1,Thank you!,Keyboard,Keyboard,No,BlockTrialProc,BlockTrialList,25,1,,0,0,4,f,0,0,TrialProc,TrialList,1,1,Keyboard,0,14,85141,517,1,408,85549,25,2,25,NonTarget,11
NB_DURING,1,1,A,"<?xml version=""1.0""?>\n<Clock xmlns:dt=""urn:schemas-microsoft-com:datatypes""><Description dt:dt=""string"">E-Prime Primary Realtime Clock</Description><StartTime><Timestamp dt:dt=""int"">0</Timestamp><DateUtc dt:dt=""string"">2021-07-01T15:10:36Z</DateUtc></StartTime><FrequencyChanges><FrequencyChange><Frequency dt:dt=""r8"">2835939</Frequency><Timestamp dt:dt=""r8"">2394320581500</Timestamp><Current dt:dt=""r8"">0</Current><DateUtc dt:dt=""string"">2021-07-01T15:10:36Z</DateUtc></FrequencyChange></FrequencyChanges></Clock>\n",N,2,SL001_N2N6D1A,6,1.0.0.786,1,100,0,2,100,0,3,100,59.984,2024363897,Full,3.0.3.80,3.0.3.80,7/1/21,7/1/21 15:10,10:10:36,3.0.3.82,D1,0,0,0,Keyboard,1,1,2,1,BlockProc,BlockList,1,1,1,1,Thank you!,Keyboard,Keyboard,No,BlockTrialProc,BlockTrialList,26,1,,0,0,4,p,0,0,TrialProc,TrialList,1,1,Keyboard,0,15,88175,516,1,393,88568,26,2,26,NonTarget,11
NB_DURING,1,1,A,"<?xml version=""1.0""?>\n<Clock xmlns:dt=""urn:schemas-microsoft-com:datatypes""><Description dt:dt=""string"">E-Prime Primary Realtime Clock</Description><StartTime><Timestamp dt:dt=""int"">0</Timestamp><DateUtc dt:dt=""string"">2021-07-01T15:10:36Z</DateUtc></StartTime><FrequencyChanges><FrequencyChange><Frequency dt:dt=""r8"">2835939</Frequency><Timestamp dt:dt=""r8"">2394320581500</Timestamp><Current dt:dt=""r8"">0</Current><DateUtc dt:dt=""string"">2021-07-01T15:10:36Z</DateUtc></FrequencyChange></FrequencyChanges></Clock>\n",N,2,SL001_N2N6D1A,6,1.0.0.786,1,100,0,2,100,0,3,100,59.984,2024363897,Full,3.0.3.80,3.0.3.80,7/1/21,7/1/21 15:10,10:10:36,3.0.3.82,D1,0,0,0,Keyboard,1,1,2,1,BlockProc,BlockList,1,1,1,1,Thank you!,Keyboard,Keyboard,No,BlockTrialProc,BlockTrialList,27,4,,0,0,1,F,0,0,TrialProc,TrialList,1,4,Keyboard,0,15,91208,517,4,493,91701,27,2,27,Target,44
NB_DURING,1,1,A,"<?xml version=""1.0""?>\n<Clock xmlns:dt=""urn:schemas-microsoft-com:datatypes""><Description dt:dt=""string"">E-Prime Primary Realtime Clock</Description><StartTime><Timestamp dt:dt=""int"">0</Timestamp><DateUtc dt:dt=""string"">2021-07-01T15:10:36Z</DateUtc></StartTime><FrequencyChanges><FrequencyChange><Frequency dt:dt=""r8"">2835939</Frequency><Timestamp dt:dt=""r8"">2394320581500</Timestamp><Current dt:dt=""r8"">0</Current><DateUtc dt:dt=""string"">2021-07-01T15:10:36Z</DateUtc></FrequencyChange></FrequencyChanges></Clock>\n",N,2,SL001_N2N6D1A,6,1.0.0.786,1,100,0,2,100,0,3,100,59.984,2024363897,Full,3.0.3.80,3.0.3.80,7/1/21,7/1/21 15:10,10:10:36,3.0.3.82,D1,0,0,0,Keyboard,1,1,2,1,BlockProc,BlockList,1,1,1,1,Thank you!,Keyboard,Keyboard,No,BlockTrialProc,BlockTrialList,28,1,,0,0,4,R,0,0,TrialProc,TrialList,1,1,Keyboard,0,14,94241,517,1,424,94665,28,2,28,NonTarget,11
NB_DURING,1,1,A,"<?xml version=""1.0""?>\n<Clock xmlns:dt=""urn:schemas-microsoft-com:datatypes""><Description dt:dt=""string"">E-Prime Primary Realtime Clock</Description><StartTime><Timestamp dt:dt=""int"">0</Timestamp><DateUtc dt:dt=""string"">2021-07-01T15:10:36Z</DateUtc></StartTime><FrequencyChanges><FrequencyChange><Frequency dt:dt=""r8"">2835939</Frequency><Timestamp dt:dt=""r8"">2394320581500</Timestamp><Current dt:dt=""r8"">0</Current><DateUtc dt:dt=""string"">2021-07-01T15:10:36Z</DateUtc></FrequencyChange></FrequencyChanges></Clock>\n",N,2,SL001_N2N6D1A,6,1.0.0.786,1,100,0,2,100,0,3,100,59.984,2024363897,Full,3.0.3.80,3.0.3.80,7/1/21,7/1/21 15:10,10:10:36,3.0.3.82,D1,0,0,0,Keyboard,1,1,2,1,BlockProc,BlockList,1,1,1,1,Thank you!,Keyboard,Keyboard,No,BlockTrialProc,BlockTrialList,29,1,,0,0,4,C,0,0,TrialProc,TrialList,1,1,Keyboard,0,15,97275,516,1,428,97703,29,2,29,NonTarget,11
NB_DURING,1,1,A,"<?xml version=""1.0""?>\n<Clock xmlns:dt=""urn:schemas-microsoft-com:datatypes""><Description dt:dt=""string"">E-Prime Primary Realtime Clock</Description><StartTime><Timestamp dt:dt=""int"">0</Timestamp><DateUtc dt:dt=""string"">2021-07-01T15:10:36Z</DateUtc></StartTime><FrequencyChanges><FrequencyChange><Frequency dt:dt=""r8"">2835939</Frequency><Timestamp dt:dt=""r8"">2394320581500</Timestamp><Current dt:dt=""r8"">0</Current><DateUtc dt:dt=""string"">2021-07-01T15:10:36Z</DateUtc></FrequencyChange></FrequencyChanges></Clock>\n",N,2,SL001_N2N6D1A,6,1.0.0.786,1,100,0,2,100,0,3,100,59.984,2024363897,Full,3.0.3.80,3.0.3.80,7/1/21,7/1/21 15:10,10:10:36,3.0.3.82,D1,0,0,0,Keyboard,1,1,2,1,BlockProc,BlockList,1,1,1,1,Thank you!,Keyboard,Keyboard,No,BlockTrialProc,BlockTrialList,30,1,,0,0,4,b,0,0,TrialProc,TrialList,1,1,Keyboard,0,15,100308,517,1,477,100785,30,2,30,NonTarget,11
NB_DURING,1,1,A,"<?xml version=""1.0""?>\n<Clock xmlns:dt=""urn:schemas-microsoft-com:datatypes""><Description dt:dt=""string"">E-Prime Primary Realtime Clock</Description><StartTime><Timestamp dt:dt=""int"">0</Timestamp><DateUtc dt:dt=""string"">2021-07-01T15:10:36Z</DateUtc></StartTime><FrequencyChanges><FrequencyChange><Frequency dt:dt=""r8"">2835939</Frequency><Timestamp dt:dt=""r8"">2394320581500</Timestamp><Current dt:dt=""r8"">0</Current><DateUtc dt:dt=""string"">2021-07-01T15:10:36Z</DateUtc></FrequencyChange></FrequencyChanges></Clock>\n",N,2,SL001_N2N6D1A,6,1.0.0.786,1,100,0,2,100,0,3,100,59.984,2024363897,Full,3.0.3.80,3.0.3.80,7/1/21,7/1/21 15:10,10:10:36,3.0.3.82,D1,0,0,0,Keyboard,1,1,2,1,BlockProc,BlockList,1,1,1,1,Thank you!,Keyboard,Keyboard,No,BlockTrialProc,BlockTrialList,31,4,,0,0,1,C,0,0,TrialProc,TrialList,1,4,Keyboard,0,14,103341,517,4,466,103807,31,2,31,Target,44
NB_DURING,1,1,A,"<?xml version=""1.0""?>\n<Clock xmlns:dt=""urn:schemas-microsoft-com:datatypes""><Description dt:dt=""string"">E-Prime Primary Realtime Clock</Description><StartTime><Timestamp dt:dt=""int"">0</Timestamp><DateUtc dt:dt=""string"">2021-07-01T15:10:36Z</DateUtc></StartTime><FrequencyChanges><FrequencyChange><Frequency dt:dt=""r8"">2835939</Frequency><Timestamp dt:dt=""r8"">2394320581500</Timestamp><Current dt:dt=""r8"">0</Current><DateUtc dt:dt=""string"">2021-07-01T15:10:36Z</DateUtc></FrequencyChange></FrequencyChanges></Clock>\n",N,2,SL001_N2N6D1A,6,1.0.0.786,1,100,0,2,100,0,3,100,59.984,2024363897,Full,3.0.3.80,3.0.3.80,7/1/21,7/1/21 15:10,10:10:36,3.0.3.82,D1,0,0,0,Keyboard,1,1,2,1,BlockProc,BlockList,1,1,1,1,Thank you!,Keyboard,Keyboard,No,BlockTrialProc,BlockTrialList,32,1,,0,0,4,X,0,0,TrialProc,TrialList,1,1,Keyboard,0,15,106375,516,1,358,106733,32,2,32,NonTarget,11
NB_DURING,1,1,A,"<?xml version=""1.0""?>\n<Clock xmlns:dt=""urn:schemas-microsoft-com:datatypes""><Description dt:dt=""string"">E-Prime Primary Realtime Clock</Description><StartTime><Timestamp dt:dt=""int"">0</Timestamp><DateUtc dt:dt=""string"">2021-07-01T15:10:36Z</DateUtc></StartTime><FrequencyChanges><FrequencyChange><Frequency dt:dt=""r8"">2835939</Frequency><Timestamp dt:dt=""r8"">2394320581500</Timestamp><Current dt:dt=""r8"">0</Current><DateUtc dt:dt=""string"">2021-07-01T15:10:36Z</DateUtc></FrequencyChange></FrequencyChanges></Clock>\n",N,2,SL001_N2N6D1A,6,1.0.0.786,1,100,0,2,100,0,3,100,59.984,2024363897,Full,3.0.3.80,3.0.3.80,7/1/21,7/1/21 15:10,10:10:36,3.0.3.82,D1,0,0,0,Keyboard,1,1,2,1,BlockProc,BlockList,1,1,1,1,Thank you!,Keyboard,Keyboard,No,BlockTrialProc,BlockTrialList,33,4,,0,0,1,c,0,0,TrialProc,TrialList,1,4,Keyboard,0,15,109408,517,4,666,110074,33,2,33,Target,44
NB_DURING,1,1,A,"<?xml version=""1.0""?>\n<Clock xmlns:dt=""urn:schemas-microsoft-com:datatypes""><Description dt:dt=""string"">E-Prime Primary Realtime Clock</Description><StartTime><Timestamp dt:dt=""int"">0</Timestamp><DateUtc dt:dt=""string"">2021-07-01T15:10:36Z</DateUtc></StartTime><FrequencyChanges><FrequencyChange><Frequency dt:dt=""r8"">2835939</Frequency><Timestamp dt:dt=""r8"">2394320581500</Timestamp><Current dt:dt=""r8"">0</Current><DateUtc dt:dt=""string"">2021-07-01T15:10:36Z</DateUtc></FrequencyChange></FrequencyChanges></Clock>\n",N,2,SL001_N2N6D1A,6,1.0.0.786,1,100,0,2,100,0,3,100,59.984,2024363897,Full,3.0.3.80,3.0.3.80,7/1/21,7/1/21 15:10,10:10:36,3.0.3.82,D1,0,0,0,Keyboard,1,1,2,1,BlockProc,BlockList,1,1,1,1,Thank you!,Keyboard,Keyboard,No,BlockTrialProc,BlockTrialList,34,1,,0,0,4,p,0,0,TrialProc,TrialList,1,1,Keyboard,0,14,112441,517,1,371,112812,34,2,34,NonTarget,11
NB_DURING,1,1,A,"<?xml version=""1.0""?>\n<Clock xmlns:dt=""urn:schemas-microsoft-com:datatypes""><Description dt:dt=""string"">E-Prime Primary Realtime Clock</Description><StartTime><Timestamp dt:dt=""int"">0</Timestamp><DateUtc dt:dt=""string"">2021-07-01T15:10:36Z</DateUtc></StartTime><FrequencyChanges><FrequencyChange><Frequency dt:dt=""r8"">2835939</Frequency><Timestamp dt:dt=""r8"">2394320581500</Timestamp><Current dt:dt=""r8"">0</Current><DateUtc dt:dt=""string"">2021-07-01T15:10:36Z</DateUtc></FrequencyChange></FrequencyChanges></Clock>\n",N,2,SL001_N2N6D1A,6,1.0.0.786,1,100,0,2,100,0,3,100,59.984,2024363897,Full,3.0.3.80,3.0.3.80,7/1/21,7/1/21 15:10,10:10:36,3.0.3.82,D1,0,0,0,Keyboard,1,1,2,1,BlockProc,BlockList,1,1,1,1,Thank you!,Keyboard,Keyboard,No,BlockTrialProc,BlockTrialList,35,1,,0,0,4,T,0,0,TrialProc,TrialList,1,1,Keyboard,0,15,115475,516,1,443,115918,35,2,35,NonTarget,11
NB_DURING,1,1,A,"<?xml version=""1.0""?>\n<Clock xmlns:dt=""urn:schemas-microsoft-com:datatypes""><Description dt:dt=""string"">E-Prime Primary Realtime Clock</Description><StartTime><Timestamp dt:dt=""int"">0</Timestamp><DateUtc dt:dt=""string"">2021-07-01T15:10:36Z</DateUtc></StartTime><FrequencyChanges><FrequencyChange><Frequency dt:dt=""r8"">2835939</Frequency><Timestamp dt:dt=""r8"">2394320581500</Timestamp><Current dt:dt=""r8"">0</Current><DateUtc dt:dt=""string"">2021-07-01T15:10:36Z</DateUtc></FrequencyChange></FrequencyChanges></Clock>\n",N,2,SL001_N2N6D1A,6,1.0.0.786,1,100,0,2,100,0,3,100,59.984,2024363897,Full,3.0.3.80,3.0.3.80,7/1/21,7/1/21 15:10,10:10:36,3.0.3.82,D1,0,0,0,Keyboard,1,1,2,1,BlockProc,BlockList,1,1,1,1,Thank you!,Keyboard,Keyboard,No,BlockTrialProc,BlockTrialList,36,1,,0,0,4,T,0,0,TrialProc,TrialList,1,1,Keyboard,0,15,118508,517,1,761,119269,36,2,36,NonTarget,11
NB_DURING,1,1,A,"<?xml version=""1.0""?>\n<Clock xmlns:dt=""urn:schemas-microsoft-com:datatypes""><Description dt:dt=""string"">E-Prime Primary Realtime Clock</Description><StartTime><Timestamp dt:dt=""int"">0</Timestamp><DateUtc dt:dt=""string"">2021-07-01T15:10:36Z</DateUtc></StartTime><FrequencyChanges><FrequencyChange><Frequency dt:dt=""r8"">2835939</Frequency><Timestamp dt:dt=""r8"">2394320581500</Timestamp><Current dt:dt=""r8"">0</Current><DateUtc dt:dt=""string"">2021-07-01T15:10:36Z</DateUtc></FrequencyChange></FrequencyChanges></Clock>\n",N,2,SL001_N2N6D1A,6,1.0.0.786,1,100,0,2,100,0,3,100,59.984,2024363897,Full,3.0.3.80,3.0.3.80,7/1/21,7/1/21 15:10,10:10:36,3.0.3.82,D1,0,0,0,Keyboard,1,1,2,1,BlockProc,BlockList,1,1,1,1,Thank you!,Keyboard,Keyboard,No,BlockTrialProc,BlockTrialList,37,1,,0,0,4,C,0,0,TrialProc,TrialList,1,1,Keyboard,0,14,121541,517,1,353,121894,37,2,37,NonTarget,11
NB_DURING,1,1,A,"<?xml version=""1.0""?>\n<Clock xmlns:dt=""urn:schemas-microsoft-com:datatypes""><Description dt:dt=""string"">E-Prime Primary Realtime Clock</Description><StartTime><Timestamp dt:dt=""int"">0</Timestamp><DateUtc dt:dt=""string"">2021-07-01T15:10:36Z</DateUtc></StartTime><FrequencyChanges><FrequencyChange><Frequency dt:dt=""r8"">2835939</Frequency><Timestamp dt:dt=""r8"">2394320581500</Timestamp><Current dt:dt=""r8"">0</Current><DateUtc dt:dt=""string"">2021-07-01T15:10:36Z</DateUtc></FrequencyChange></FrequencyChanges></Clock>\n",N,2,SL001_N2N6D1A,6,1.0.0.786,1,100,0,2,100,0,3,100,59.984,2024363897,Full,3.0.3.80,3.0.3.80,7/1/21,7/1/21 15:10,10:10:36,3.0.3.82,D1,0,0,0,Keyboard,1,1,2,1,BlockProc,BlockList,1,1,1,1,Thank you!,Keyboard,Keyboard,No,BlockTrialProc,BlockTrialList,38,4,,0,0,1,T,0,0,TrialProc,TrialList,1,4,Keyboard,0,15,124575,516,4,394,124969,38,2,38,Target,44
NB_DURING,1,1,A,"<?xml version=""1.0""?>\n<Clock xmlns:dt=""urn:schemas-microsoft-com:datatypes""><Description dt:dt=""string"">E-Prime Primary Realtime Clock</Description><StartTime><Timestamp dt:dt=""int"">0</Timestamp><DateUtc dt:dt=""string"">2021-07-01T15:10:36Z</DateUtc></StartTime><FrequencyChanges><FrequencyChange><Frequency dt:dt=""r8"">2835939</Frequency><Timestamp dt:dt=""r8"">2394320581500</Timestamp><Current dt:dt=""r8"">0</Current><DateUtc dt:dt=""string"">2021-07-01T15:10:36Z</DateUtc></FrequencyChange></FrequencyChanges></Clock>\n",N,2,SL001_N2N6D1A,6,1.0.0.786,1,100,0,2,100,0,3,100,59.984,2024363897,Full,3.0.3.80,3.0.3.80,7/1/21,7/1/21 15:10,10:10:36,3.0.3.82,D1,0,0,0,Keyboard,1,1,2,1,BlockProc,BlockList,1,1,1,1,Thank you!,Keyboard,Keyboard,No,BlockTrialProc,BlockTrialList,39,1,,0,0,4,r,0,0,TrialProc,TrialList,1,1,Keyboard,0,15,127608,517,1,393,128001,39,2,39,NonTarget,11