C:\Users\pindus\Desktop\SITLess_Data\EXP1\COG\DURING\2B\SL003\SL003_N2S6D3A.edat3,,,,,,,,,,,,,,,,,,,,,,,,,,,,,,,,,,,,,,,,,,,,,,,,,,,,,,,,,,,,,,,,,,,,,,,,,
ExperimentName,Subject,Session,BlockID,Clock.Information,CogSeq,Condition,DataFile.Basename,Day,ExperimentVersion,Group,Hits.Mean,Hits.StdDevP,NB,NonTargetAcc.Mean,NonTargetAcc.StdDevP,OnebackLureCounter,OverallACC,Participant.RefreshRate,RandomSeed,RuntimeCapabilities,RuntimeVersion,RuntimeVersionExpected,SessionDate,SessionStartDateTimeUtc,SessionTime,StudioVersion,TIMING,Total_Ommision_Error,TotalComissionErrors,TwobackLureCounter,Welcome.DEVICE,Block,BlockList,BlockList.Cycle,BlockList.Sample,Procedure[Block],Running[Block],Trial,BlockTrialList,BlockTrialList.Cycle,BlockTrialList.Sample,BreakMessage,BreakMessage.DEVICE,GetReady.DEVICE,Practice,Procedure[Trial],Running[Trial],SubTrial,CorrectResp,CurrentLetters,HitsComissionErrors,HitsOmissions,IncorrectResp,Letter,NonTargetComissionErrors,NonTargetOmissions,Procedure[SubTrial],Running[SubTrial],Stimulus.ACC,Stimulus.CRESP,Stimulus.DEVICE,Stimulus.DurationError,Stimulus.OnsetDelay,Stimulus.OnsetTime,Stimulus.OnsetToOnsetTime,Stimulus.RESP,Stimulus.RT,Stimulus.RTTime,TrialList,TrialList.Cycle,TrialList.Sample,TrialType,Type
NB_DURING,3,1,A,"<?xml version=""1.0""?>\n<Clock xmlns:dt=""urn:schemas-microsoft-com:datatypes""><Description dt:dt=""string"">E-Prime Primary Realtime Clock</Description><StartTime><Timestamp dt:dt=""int"">0</Timestamp><DateUtc dt:dt=""string"">2021-08-22T15:54:09Z</DateUtc></StartTime><FrequencyChanges><FrequencyChange><Frequency dt:dt=""r8"">2835939</Frequency><Timestamp dt:dt=""r8"">515219896038</Timestamp><Current dt:dt=""r8"">0</Current><DateUtc dt:dt=""string"">2021-08-22T15:54:09Z</DateUtc></FrequencyChange></FrequencyChanges></Clock>\n",S,2,SL003_N2S6D3A,6,1.0.0.786,1,91.67,0.276385399,2,100,0,0,97.44,60,-175599875,Full,3.0.3.80,3.0.3.80,8/22/21,8/22/21 15:54,10:54:10,3.0.3.82,D3,0,1,0,Keyboard,1,1,2,1,BlockProc,BlockList,1,1,1,1,Thank you!,Keyboard,Keyboard,No,BlockTrialProc,BlockTrialList,1,1,,0,0,4,F,0,0,TrialProc,TrialList,1,1,Keyboard,0,28,46310,517,1,618,46928,1,2,1,NonTarget,11
NB_DURING,3,1,A,"<?xml version=""1.0""?>\n<Clock xmlns:dt=""urn:schemas-microsoft-com:datatypes""><Description dt:dt=""string"">E-Prime Primary Realtime Clock</Description><StartTime><Timestamp dt:dt=""int"">0</Timestamp><DateUtc dt:dt=""string"">2021-08-22T15:54:09Z</DateUtc></StartTime><FrequencyChanges><FrequencyChange><Frequency dt:dt=""r8"">2835939</Frequency><Timestamp dt:dt=""r8"">515219896038</Timestamp><Current dt:dt=""r8"">0</Current><DateUtc dt:dt=""string"">2021-08-22T15:54:09Z</DateUtc></FrequencyChange></FrequencyChanges></Clock>\n",S,2,SL003_N2S6D3A,6,1.0.0.786,1,91.67,0.276385399,2,100,0,0,97.44,60,-175599875,Full,3.0.3.80,3.0.3.80,8/22/21,8/22/21 15:54,10:54:10,3.0.3.82,D3,0,1,0,Keyboard,1,1,2,1,BlockProc,BlockList,1,1,1,1,Thank you!,Keyboard,Keyboard,No,BlockTrialProc,BlockTrialList,2,1,,0,0,4,r,0,0,TrialProc,TrialList,1,1,Keyboard,0,31,49360,517,1,489,49849,2,2,2,NonTarget,11
NB_DURING,3,1,A,"<?xml version=""1.0""?>\n<Clock xmlns:dt=""urn:schemas-microsoft-com:datatypes""><Description dt:dt=""string"">E-Prime Primary Realtime Clock</Description><StartTime><Timestamp dt:dt=""int"">0</Timestamp><DateUtc dt:dt=""string"">2021-08-22T15:54:09Z</DateUtc></StartTime><FrequencyChanges><FrequencyChange><Frequency dt:dt=""r8"">2835939</Frequency><Timestamp dt:dt=""r8"">515219896038</Timestamp><Current dt:dt=""r8"">0</Current><DateUtc dt:dt=""string"">2021-08-22T15:54:09Z</DateUtc></FrequencyChange></FrequencyChanges></Clock>\n",S,2,SL003_N2S6D3A,6,1.0.0.786,1,91.67,0.276385399,2,100,0,0,97.44,60,-175599875,Full,3.0.3.80,3.0.3.80,8/22/21,8/22/21 15:54,10:54:10,3.0.3.82,D3,0,1,0,Keyboard,1,1,2,1,BlockProc,BlockList,1,1,1,1,Thank you!,Keyboard,Keyboard,No,BlockTrialProc,BlockTrialList,3,1,,0,0,4,C,0,0,TrialProc,TrialList,1,1,Keyboard,0,14,52393,517,1,413,52806,3,2,3,NonTarget,11
NB_DURING,3,1,A,"<?xml version=""1.0""?>\n<Clock xmlns:dt=""urn:schemas-microsoft-com:datatypes""><Description dt:dt=""string"">E-Prime Primary Realtime Clock</Description><StartTime><Timestamp dt:dt=""int"">0</Timestamp><DateUtc dt:dt=""string"">2021-08-22T15:54:09Z</DateUtc></StartTime><FrequencyChanges><FrequencyChange><Frequency dt:dt=""r8"">2835939</Frequency><Timestamp dt:dt=""r8"">515219896038</Timestamp><Current dt:dt=""r8"">0</Current><DateUtc dt:dt=""string"">2021-08-22T15:54:09Z</DateUtc></FrequencyChange></FrequencyChanges></Clock>\n",S,2,SL003_N2S6D3A,6,1.0.0.786,1,91.67,0.276385399,2,100,0,0,97.44,60,-175599875,Full,3.0.3.80,3.0.3.80,8/22/21,8/22/21 15:54,10:54:10,3.0.3.82,D3,0,1,0,Keyboard,1,1,2,1,BlockProc,BlockList,1,1,1,1,Thank you!,Keyboard,Keyboard,No,BlockTrialProc,BlockTrialList,4,1,,0,0,4,x,0,0,TrialProc,TrialList,1,1,Keyboard,0,15,55427,516,1,383,55810,4,2,4,NonTarget,11
NB_DURING,3,1,A,"<?xml version=""1.0""?>\n<Clock xmlns:dt=""urn:schemas-microsoft-com:datatypes""><Description dt:dt=""string"">E-Prime Primary Realtime Clock</Description><StartTime><Timestamp dt:dt=""int"">0</Timestamp><DateUtc dt:dt=""string"">2021-08-22T15:54:09Z</DateUtc></StartTime><FrequencyChanges><FrequencyChange><Frequency dt:dt=""r8"">2835939</Frequency><Timestamp dt:dt=""r8"">515219896038</Timestamp><Current dt:dt=""r8"">0</Current><DateUtc dt:dt=""string"">2021-08-22T15:54:09Z</DateUtc></FrequencyChange></FrequencyChanges></Clock>\n",S,2,SL003_N2S6D3A,6,1.0.0.786,1,91.67,0.276385399,2,100,0,0,97.44,60,-175599875,Full,3.0.3.80,3.0.3.80,8/22/21,8/22/21 15:54,10:54:10,3.0.3.82,D3,0,1,0,Keyboard,1,1,2,1,BlockProc,BlockList,1,1,1,1,Thank you!,Keyboard,Keyboard,No,BlockTrialProc,BlockTrialList,5,1,,0,0,4,R,0,0,TrialProc,TrialList,1,1,Keyboard,0,15,58460,517,1,358,58818,5,2,5,NonTarget,11
NB_DURING,3,1,A,"<?xml version=""1.0""?>\n<Clock xmlns:dt=""urn:schemas-microsoft-com:datatypes""><Description dt:dt=""string"">E-Prime Primary Realtime Clock</Description><StartTime><Timestamp dt:dt=""int"">0</Timestamp><DateUtc dt:dt=""string"">2021-08-22T15:54:09Z</DateUtc></StartTime><FrequencyChanges><FrequencyChange><Frequency dt:dt=""r8"">2835939</Frequency><Timestamp dt:dt=""r8"">515219896038</Timestamp><Current dt:dt=""r8"">0</Current><DateUtc dt:dt=""string"">2021-08-22T15:54:09Z</DateUtc></FrequencyChange></FrequencyChanges></Clock>\n",S,2,SL003_N2S6D3A,6,1.0.0.786,1,91.67,0.276385399,2,100,0,0,97.44,60,-175599875,Full,3.0.3.80,3.0.3.80,8/22/21,8/22/21 15:54,10:54:10,3.0.3.82,D3,0,1,0,Keyboard,1,1,2,1,BlockProc,BlockList,1,1,1,1,Thank you!,Keyboard,Keyboard,No,BlockTrialProc,BlockTrialList,6,4,,0,0,1,x,0,0,TrialProc,TrialList,1,4,Keyboard,0,14,61493,517,4,668,62161,6,2,6,Target,44
NB_DURING,3,1,A,"<?xml version=""1.0""?>\n<Clock xmlns:dt=""urn:schemas-microsoft-com:datatypes""><Description dt:dt=""string"">E-Prime Primary Realtime Clock</Description><StartTime><Timestamp dt:dt=""int"">0</Timestamp><DateUtc dt:dt=""string"">2021-08-22T15:54:09Z</DateUtc></StartTime><FrequencyChanges><FrequencyChange><Frequency dt:dt=""r8"">2835939</Frequency><Timestamp dt:dt=""r8"">515219896038</Timestamp><Current dt:dt=""r8"">0</Current><DateUtc dt:dt=""string"">2021-08-22T15:54:09Z</DateUtc></FrequencyChange></FrequencyChanges></Clock>\n",S,2,SL003_N2S6D3A,6,1.0.0.786,1,91.67,0.276385399,2,100,0,0,97.44,60,-175599875,Full,3.0.3.80,3.0.3.80,8/22/21,8/22/21 15:54,10:54:10,3.0.3.82,D3,0,1,0,Keyboard,1,1,2,1,BlockProc,BlockList,1,1,1,1,Thank you!,Keyboard,Keyboard,No,BlockTrialProc,BlockTrialList,7,1,,0,0,4,p,0,0,TrialProc,TrialList,1,1,Keyboard,0,15,64527,516,1,372,64899,7,2,7,NonTarget,11
NB_DURING,3,1,A,"<?xml version=""1.0""?>\n<Clock xmlns:dt=""urn:schemas-microsoft-com:datatypes""><Description dt:dt=""string"">E-Prime Primary Realtime Clock</Description><StartTime><Timestamp dt:dt=""int"">0</Timestamp><DateUtc dt:dt=""string"">2021-08-22T15:54:09Z</DateUtc></StartTime><FrequencyChanges><FrequencyChange><Frequency dt:dt=""r8"">2835939</Frequency><Timestamp dt:dt=""r8"">515219896038</Timestamp><Current dt:dt=""r8"">0</Current><DateUtc dt:dt=""string"">2021-08-22T15:54:09Z</DateUtc></FrequencyChange></FrequencyChanges></Clock>\n",S,2,SL003_N2S6D3A,6,1.0.0.786,1,91.67,0.276385399,2,100,0,0,97.44,60,-175599875,Full,3.0.3.80,3.0.3.80,8/22/21,8/22/21 15:54,10:54:10,3.0.3.82,D3,0,1,0,Keyboard,1,1,2,1,BlockProc,BlockList,1,1,1,1,Thank you!,Keyboard,Keyboard,No,BlockTrialProc,BlockTrialList,8,1,,0,0,4,c,0,0,TrialProc,TrialList,1,1,Keyboard,0,15,67560,517,1,390,67950,8,2,8,NonTarget,11
NB_DURING,3,1,A,"<?xml version=""1.0""?>\n<Clock xmlns:dt=""urn:schemas-microsoft-com:datatypes""><Description dt:dt=""string"">E-Prime Primary Realtime Clock</Description><StartTime><Timestamp dt:dt=""int"">0</Timestamp><DateUtc dt:dt=""string"">2021-08-22T15:54:09Z</DateUtc></StartTime><FrequencyChanges><FrequencyChange><Frequency dt:dt=""r8"">2835939</Frequency><Timestamp dt:dt=""r8"">515219896038</Timestamp><Current dt:dt=""r8"">0</Current><DateUtc dt:dt=""string"">2021-08-22T15:54:09Z</DateUtc></FrequencyChange></FrequencyChanges></Clock>\n",S,2,SL003_N2S6D3A,6,1.0.0.786,1,91.67,0.276385399,2,100,0,0,97.44,60,-175599875,Full,3.0.3.80,3.0.3.80,8/22/21,8/22/21 15:54,10:54:10,3.0.3.82,D3,0,1,0,Keyboard,1,1,2,1,BlockProc,BlockList,1,1,1,1,Thank you!,Keyboard,Keyboard,No,BlockTrialProc,BlockTrialList,9,1,,0,0,4,X,0,0,TrialProc,TrialList,1,1,Keyboard,0,15,70594,516,1,432,71026,9,2,9,NonTarget,11
NB_DURING,3,1,A,"<?xml version=""1.0""?>\n<Clock xmlns:dt=""urn:schemas-microsoft-com:datatypes""><Description dt:dt=""string"">E-Prime Primary Realtime Clock</Description><StartTime><Timestamp dt:dt=""int"">0</Timestamp><DateUtc dt:dt=""string"">2021-08-22T15:54:09Z</DateUtc></StartTime><FrequencyChanges><FrequencyChange><Frequency dt:dt=""r8"">2835939</Frequency><Timestamp dt:dt=""r8"">515219896038</Timestamp><Current dt:dt=""r8"">0</Current><DateUtc dt:dt=""string"">2021-08-22T15:54:09Z</DateUtc></FrequencyChange></FrequencyChanges></Clock>\n",S,2,SL003_N2S6D3A,6,1.0.0.786,1,91.67,0.276385399,2,100,0,0,97.44,60,-175599875,Full,3.0.3.80,3.0.3.80,8/22/21,8/22/21 15:54,10:54:10,3.0.3.82,D3,0,1,0,Keyboard,1,1,2,1,BlockProc,BlockList,1,1,1,1,Thank you!,Keyboard,Keyboard,No,BlockTrialProc,BlockTrialList,10,4,,1,0,1,C,0,0,TrialProc,TrialList,0,4,Keyboard,0,15,73627,517,1,410,74037,10,2,10,Target,44
NB_DURING,3,1,A,"<?xml version=""1.0""?>\n<Clock xmlns:dt=""urn:schemas-microsoft-com:datatypes""><Description dt:dt=""string"">E-Prime Primary Realtime Clock</Description><StartTime><Timestamp dt:dt=""int"">0</Timestamp><DateUtc dt:dt=""string"">2021-08-22T15:54:09Z</DateUtc></StartTime><FrequencyChanges><FrequencyChange><Frequency dt:dt=""r8"">2835939</Frequency><Timestamp dt:dt=""r8"">515219896038</Timestamp><Current dt:dt=""r8"">0</Current><DateUtc dt:dt=""string"">2021-08-22T15:54:09Z</DateUtc></FrequencyChange></FrequencyChanges></Clock>\n",S,2,SL003_N2S6D3A,6,1.0.0.786,1,91.67,0.276385399,2,100,0,0,97.44,60,-175599875,Full,3.0.3.80,3.0.3.80,8/22/21,8/22/21 15:54,10:54:10,3.0.3.82,D3,0,1,0,Keyboard,1,1,2,1,BlockProc,BlockList,1,1,1,1,Thank you!,Keyboard,Keyboard,No,BlockTrialProc,BlockTrialList,11,1,,1,0,4,s,0,0,TrialProc,TrialList,1,1,Keyboard,0,14,76660,517,1,385,77045,11,2,11,NonTarget,11
NB_DURING,3,1,A,"<?xml version=""1.0""?>\n<Clock xmlns:dt=""urn:schemas-microsoft-com:datatypes""><Description dt:dt=""string"">E-Prime Primary Realtime Clock</Description><StartTime><Timestamp dt:dt=""int"">0</Timestamp><DateUtc dt:dt=""string"">2021-08-22T15:54:09Z</DateUtc></StartTime><FrequencyChanges><FrequencyChange><Frequency dt:dt=""r8"">2835939</Frequency><Timestamp dt:dt=""r8"">515219896038</Timestamp><Current dt:dt=""r8"">0</Current><DateUtc dt:dt=""string"">2021-08-22T15:54:09Z</DateUtc></FrequencyChange></FrequencyChanges></Clock>\n",S,2,SL003_N2S6D3A,6,1.0.0.786,1,91.67,0.276385399,2,100,0,0,97.44,60,-175599875,Full,3.0.3.80,3.0.3.80,8/22/21,8/22/21 15:54,10:54:10,3.0.3.82,D3,0,1,0,Keyboard,1,1,2,1,BlockProc,BlockList,1,1,1,1,Thank you!,Keyboard,Keyboard,No,BlockTrialProc,BlockTrialList,12,1,,1,0,4,K,0,0,TrialProc,TrialList,1,1,Keyboard,0,15,79694,516,1,399,80093,12,2,12,NonTarget,11
NB_DURING,3,1,A,"<?xml version=""1.0""?>\n<Clock xmlns:dt=""urn:schemas-microsoft-com:datatypes""><Description dt:dt=""string"">E-Prime Primary Realtime Clock</Description><StartTime><Timestamp dt:dt=""int"">0</Timestamp><DateUtc dt:dt=""string"">2021-08-22T15:54:09Z</DateUtc></StartTime><FrequencyChanges><FrequencyChange><Frequency dt:dt=""r8"">2835939</Frequency><Timestamp dt:dt=""r8"">515219896038</Timestamp><Current dt:dt=""r8"">0</Current><DateUtc dt:dt=""string"">2021-08-22T15:54:09Z</DateUtc></FrequencyChange></FrequencyChanges></Clock>\n",S,2,SL003_N2S6D3A,6,1.0.0.786,1,91.67,0.276385399,2,100,0,0,97.44,60,-175599875,Full,3.0.3.80,3.0.3.80,8/22/21,8/22/21 15:54,10:54:10,3.0.3.82,D3,0,1,0,Keyboard,1,1,2,1,BlockProc,BlockList,1,1,1,1,Thank you!,Keyboard,Keyboard,No,BlockTrialProc,BlockTrialList,13,1,,1,0,4,B,0,0,TrialProc,TrialList,1,1,Keyboard,0,15,82727,517,1,341,83068,13,2,13,NonTarget,11
NB_DURING,3,1,A,"<?xml version=""1.0""?>\n<Clock xmlns:dt=""urn:schemas-microsoft-com:datatypes""><Description dt:dt=""string"">E-Prime Primary Realtime Clock</Description><StartTime><Timestamp dt:dt=""int"">0</Timestamp><DateUtc dt:dt=""string"">2021-08-22T15:54:09Z</DateUtc></StartTime><FrequencyChanges><FrequencyChange><Frequency dt:dt=""r8"">2835939</Frequency><Timestamp dt:dt=""r8"">515219896038</Timestamp><Current dt:dt=""r8"">0</Current><DateUtc dt:dt=""string"">2021-08-22T15:54:09Z</DateUtc></FrequencyChange></FrequencyChanges></Clock>\n",S,2,SL003_N2S6D3A,6,1.0.0.786,1,91.67,0.276385399,2,100,0,0,97.44,60,-175599875,Full,3.0.3.80,3.0.3.80,8/22/21,8/22/21 15:54,10:54:10,3.0.3.82,D3,0,1,0,Keyboard,1,1,2,1,BlockProc,BlockList,1,1,1,1,Thank you!,Keyboard,Keyboard,No,BlockTrialProc,BlockTrialList,14,1,,1,0,4,s,0,0,TrialProc,TrialList,1,1,Keyboard,0,14,85760,517,1,418,86178,14,2,14,NonTarget,11
NB_DURING,3,1,A,"<?xml version=""1.0""?>\n<Clock xmlns:dt=""urn:schemas-microsoft-com:datatypes""><Description dt:dt=""string"">E-Prime Primary Realtime Clock</Description><StartTime><Timestamp dt:dt=""int"">0</Timestamp><DateUtc dt:dt=""string"">2021-08-22T15:54:09Z</DateUtc></StartTime><FrequencyChanges><FrequencyChange><Frequency dt:dt=""r8"">2835939</Frequency><Timestamp dt:dt=""r8"">515219896038</Timestamp><Current dt:dt=""r8"">0</Current><DateUtc dt:dt=""string"">2021-08-22T15:54:09Z</DateUtc></FrequencyChange></FrequencyChanges></Clock>\n",S,2,SL003_N2S6D3A,6,1.0.0.786,1,91.67,0.276385399,2,100,0,0,97.44,60,-175599875,Full,3.0.3.80,3.0.3.80,8/22/21,8/22/21 15:54,10:54:10,3.0.3.82,D3,0,1,0,Keyboard,1,1,2,1,BlockProc,BlockList,1,1,1,1,Thank you!,Keyboard,Keyboard,No,BlockTrialProc,BlockTrialList,15,4,,1,0,1,B,0,0,TrialProc,TrialList,1,4,Keyboard,0,15,88794,516,4,580,89374,15,2,15,Target,44
NB_DURING,3,1,A,"<?xml version=""1.0""?>\n<Clock xmlns:dt=""urn:schemas-microsoft-com:datatypes""><Description dt:dt=""string"">E-Prime Primary Realtime Clock</Description><StartTime><Timestamp dt:dt=""int"">0</Timestamp><DateUtc dt:dt=""string"">2021-08-22T15:54:09Z</DateUtc></StartTime><FrequencyChanges><FrequencyChange><Frequency dt:dt=""r8"">2835939</Frequency><Timestamp dt:dt=""r8"">515219896038</Timestamp><Current dt:dt=""r8"">0</Current><DateUtc dt:dt=""string"">2021-08-22T15:54:09Z</DateUtc></FrequencyChange></FrequencyChanges></Clock>\n",S,2,SL003_N2S6D3A,6,1.0.0.786,1,91.67,0.276385399,2,100,0,0,97.44,60,-175599875,Full,3.0.3.80,3.0.3.80,8/22/21,8/22/21 15:54,10:54:10,3.0.3.82,D3,0,1,0,Keyboard,1,1,2,1,BlockProc,BlockList,1,1,1,1,Thank you!,Keyboard,Keyboard,No,BlockTrialProc,BlockTrialList,16,1,,1,0,4,p,0,0,TrialProc,TrialList,1,1,Keyboard,0,15,91827,517,1,443,92270,16,2,16,NonTarget,11
NB_DURING,3,1,A,"<?xml version=""1.0""?>\n<Clock xmlns:dt=""urn:schemas-microsoft-com:datatypes""><Description dt:dt=""string"">E-Prime Primary Realtime Clock</Description><StartTime><Timestamp dt:dt=""int"">0</Timestamp><DateUtc dt:dt=""string"">2021-08-22T15:54:09Z</DateUtc></StartTime><FrequencyChanges><FrequencyChange><Frequency dt:dt=""r8"">2835939</Frequency><Timestamp dt:dt=""r8"">515219896038</Timestamp><Current dt:dt=""r8"">0</Current><DateUtc dt:dt=""string"">2021-08-22T15:54:09Z</DateUtc></FrequencyChange></FrequencyChanges></Clock>\n",S,2,SL003_N2S6D3A,6,1.0.0.786,1,91.67,0.276385399,2,100,0,0,97.44,60,-175599875,Full,3.0.3.80,3.0.3.80,8/22/21,8/22/21 15:54,10:54:10,3.0.3.82,D3,0,1,0,Keyboard,1,1,2,1,BlockProc,BlockList,1,1,1,1,Thank you!,Keyboard,Keyboard,No,BlockTrialProc,BlockTrialList,17,4,,1,0,1,b,0,0,TrialProc,TrialList,1,4,Keyboard,0,14,94860,517,4,646,95506,17,2,17,Target,44
NB_DURING,3,1,A,"<?xml version=""1.0""?>\n<Clock xmlns:dt=""urn:schemas-microsoft-com:datatypes""><Description dt:dt=""string"">E-Prime Primary Realtime Clock</Description><StartTime><Timestamp dt:dt=""int"">0</Timestamp><DateUtc dt:dt=""string"">2021-08-22T15:54:09Z</DateUtc></StartTime><FrequencyChanges><FrequencyChange><Frequency dt:dt=""r8"">2835939</Frequency><Timestamp dt:dt=""r8"">515219896038</Timestamp><Current dt:dt=""r8"">0</Current><DateUtc dt:dt=""string"">2021-08-22T15:54:09Z</DateUtc></FrequencyChange></FrequencyChanges></Clock>\n",S,2,SL003_N2S6D3A,6,1.0.0.786,1,91.67,0.276385399,2,100,0,0,97.44,60,-175599875,Full,3.0.3.80,3.0.3.80,8/22/21,8/22/21 15:54,10:54:10,3.0.3.82,D3,0,1,0,Keyboard,1,1,2,1,BlockProc,BlockList,1,1,1,1,Thank you!,Keyboard,Keyboard,No,BlockTrialProc,BlockTrialList,18,4,,1,0,1,P,0,0,TrialProc,TrialList,1,4,Keyboard,0,15,97894,516,4,535,98429,18,2,18,Target,44
NB_DURING,3,1,A,"<?xml version=""1.0""?>\n<Clock xmlns:dt=""urn:schemas-microsoft-com:datatypes""><Description dt:dt=""string"">E-Prime Primary Realtime Clock</Description><StartTime><Timestamp dt:dt=""int"">0</Timestamp><DateUtc dt:dt=""string"">2021-08-22T15:54:09Z</DateUtc></StartTime><FrequencyChanges><FrequencyChange><Frequency dt:dt=""r8"">2835939</Frequency><Timestamp dt:dt=""r8"">515219896038</Timestamp><Current dt:dt=""r8"">0</Current><DateUtc dt:dt=""string"">2021-08-22T15:54:09Z</DateUtc></FrequencyChange></FrequencyChanges></Clock>\n",S,2,SL003_N2S6D3A,6,1.0.0.786,1,91.67,0.276385399,2,100,0,0,97.44,60,-175599875,Full,3.0.3.80,3.0.3.80,8/22/21,8/22/21 15:54,10:54:10,3.0.3.82,D3,0,1,0,Keyboard,1,1,2,1,BlockProc,BlockList,1,1,1,1,Thank you!,Keyboard,Keyboard,No,BlockTrialProc,BlockTrialList,19,1,,1,0,4,F,0,0,TrialProc,TrialList,1,1,Keyboard,0,15,100927,517,1,423,101350,19,2,19,NonTarget,11
NB_DURING,3,1,A,"<?xml version=""1.0""?>\n<Clock xmlns:dt=""urn:schemas-microsoft-com:datatypes""><Description dt:dt=""string"">E-Prime Primary Realtime Clock</Description><StartTime><Timestamp dt:dt=""int"">0</Timestamp><DateUtc dt:dt=""string"">2021-08-22T15:54:09Z</DateUtc></StartTime><FrequencyChanges><FrequencyChange><Frequency dt:dt=""r8"">2835939</Frequency><Timestamp dt:dt=""r8"">515219896038</Timestamp><Current dt:dt=""r8"">0</Current><DateUtc dt:dt=""string"">2021-08-22T15:54:09Z</DateUtc></FrequencyChange></FrequencyChanges></Clock>\n",S,2,SL003_N2S6D3A,6,1.0.0.786,1,91.67,0.276385399,2,100,0,0,97.44,60,-175599875,Full,3.0.3.80,3.0.3.80,8/22/21,8/22/21 15:54,10:54:10,3.0.3.82,D3,0,1,0,Keyboard,1,1,2,1,BlockProc,BlockList,1,1,1,1,Thank you!,Keyboard,Keyboard,No,BlockTrialProc,BlockTrialList,20,1,,1,0,4,S,0,0,TrialProc,TrialList,1,1,Keyboard,0,14,103960,517,1,412,104372,20,2,20,NonTarget,11
NB_DURING,3,1,A,"<?xml version=""1.0""?>\n<Clock xmlns:dt=""urn:schemas-microsoft-com:datatypes""><Description dt:dt=""string"">E-Prime Primary Realtime Clock</Description><StartTime><Timestamp dt:dt=""int"">0</Timestamp><DateUtc dt:dt=""string"">2021-08-22T15:54:09Z</DateUtc></StartTime><FrequencyChanges><FrequencyChange><Frequency dt:dt=""r8"">2835939</Frequency><Timestamp dt:dt=""r8"">515219896038</Timestamp><Current dt:dt=""r8"">0</Current><DateUtc dt:dt=""string"">2021-08-22T15:54:09Z</DateUtc></FrequencyChange></FrequencyChanges></Clock>\n",S,2,SL003_N2S6D3A,6,1.0.0.786,1,91.67,0.276385399,2,100,0,0,97.44,60,-175599875,Full,3.0.3.80,3.0.3.80,8/22/21,8/22/21 15:54,10:54:10,3.0.3.82,D3,0,1,0,Keyboard,1,1,2,1,BlockProc,BlockList,1,1,1,1,Thank you!,Keyboard,Keyboard,No,BlockTrialProc,BlockTrialList,21,1,,1,0,4,X,0,0,TrialProc,TrialList,1,1,Keyboard,0,15,106994,516,1,390,107384,21,2,21,NonTarget,11
NB_DURING,3,1,A,"<?xml version=""1.0""?>\n<Clock xmlns:dt=""urn:schemas-microsoft-com:datatypes""><Description dt:dt=""string"">E-Prime Primary Realtime Clock</Description><StartTime><Timestamp dt:dt=""int"">0</Timestamp><DateUtc dt:dt=""string"">2021-08-22T15:54:09Z</DateUtc></StartTime><FrequencyChanges><FrequencyChange><Frequency dt:dt=""r8"">2835939</Frequency><Timestamp dt:dt=""r8"">515219896038</Timestamp><Current dt:dt=""r8"">0</Current><DateUtc dt:dt=""string"">2021-08-22T15:54:09Z</DateUtc></FrequencyChange></FrequencyChanges></Clock>\n",S,2,SL003_N2S6D3A,6,1.0.0.786,1,91.67,0.276385399,2,100,0,0,97.44,60,-175599875,Full,3.0.3.80,3.0.3.80,8/22/21,8/22/21 15:54,10:54:10,3.0.3.82,D3,0,1,0,Keyboard,1,1,2,1,BlockProc,BlockList,1,1,1,1,Thank you!,Keyboard,Keyboard,No,BlockTrialProc,BlockTrialList,22,1,,1,0,4,P,0,0,TrialProc,TrialList,1,1,Keyboard,0,15,110027,517,1,460,110487,22,2,22,NonTarget,11
NB_DURING,3,1,A,"<?xml version=""1.0""?>\n<Clock xmlns:dt=""urn:schemas-microsoft-com:datatypes""><Description dt:dt=""string"">E-Prime Primary Realtime Clock</Description><StartTime><Timestamp dt:dt=""int"">0</Timestamp><DateUtc dt:dt=""string"">2021-08-22T15:54:09Z</DateUtc></StartTime><FrequencyChanges><FrequencyChange><Frequency dt:dt=""r8"">2835939</Frequency><Timestamp dt:dt=""r8"">515219896038</Timestamp><Current dt:dt=""r8"">0</Current><DateUtc dt:dt=""string"">2021-08-22T15:54:09Z</DateUtc></FrequencyChange></FrequencyChanges></Clock>\n",S,2,SL003_N2S6D3A,6,1.0.0.786,1,91.67,0.276385399,2,100,0,0,97.44,60,-175599875,Full,3.0.3.80,3.0.3.80,8/22/21,8/22/21 15:54,10:54:10,3.0.3.82,D3,0,1,0,Keyboard,1,1,2,1,BlockProc,BlockList,1,1,1,1,Thank you!,Keyboard,Keyboard,No,BlockTrialProc,BlockTrialList,23,4,,1,0,1,X,0,0,TrialProc,TrialList,1,4,Keyboard,0,14,113060,517,4,669,113729,23,2,23,Target,44
NB_DURING,3,1,A,"<?xml version=""1.0""?>\n<Clock xmlns:dt=""urn:schemas-microsoft-com:datatypes""><Description dt:dt=""string"">E-Prime Primary Realtime Clock</Description><StartTime><Timestamp dt:dt=""int"">0</Timestamp><DateUtc dt:dt=""string"">2021-08-22T15:54:09Z</DateUtc></StartTime><FrequencyChanges><FrequencyChange><Frequency dt:dt=""r8"">2835939</Frequency><Timestamp dt:dt=""r8"">515219896038</Timestamp><Current dt:dt=""r8"">0</Current><DateUtc dt:dt=""string"">2021-08-22T15:54:09Z</DateUtc></FrequencyChange></FrequencyChanges></Clock>\n",S,2,SL003_N2S6D3A,6,1.0.0.786,1,91.67,0.276385399,2,100,0,0,97.44,60,-175599875,Full,3.0.3.80,3.0.3.80,8/22/21,8/22/21 15:54,10:54:10,3.0.3.82,D3,0,1,0,Keyboard,1,1,2,1,BlockProc,BlockList,1,1,1,1,Thank you!,Keyboard,Keyboard,No,BlockTrialProc,BlockTrialList,24,1,,1,0,4,B,0,0,TrialProc,TrialList,1,1,Keyboard,0,15,116094,516,1,470,116564,24,2,24,NonTarget,11
NB_DURING,3,1,A,"<?xml version=""1.0""?>\n<Clock xmlns:dt=""urn:schemas-microsoft-com:datatypes""><Description dt:dt=""string"">E-Prime Primary Realtime Clock</Description><StartTime><Timestamp dt:dt=""int"">0</Timestamp><DateUtc dt:dt=""string"">2021-08-22T15:54:09Z</DateUtc></StartTime><FrequencyChanges><FrequencyChange><Frequency dt:dt=""r8"">2835939</Frequency><Timestamp dt:dt=""r8"">515219896038</Timestamp><Current dt:dt=""r8"">0</Current><DateUtc dt:dt=""string"">2021-08-22T15:54:09Z</DateUtc></FrequencyChange></FrequencyChanges></Clock>\n",S,2,SL003_N2S6D3A,6,1.0.0.786,1,91.67,0.276385399,2,100,0,0,97.44,60,-175599875,Full,3.0.3.80,3.0.3.80,8/22/21,8/22/21 15:54,10:54:10,3.0.3.82,D3,0,1,0,Keyboard,1,1,2,1,BlockProc,BlockList,1,1,1,1,Thank you!,Keyboard,Keyboard,No,BlockTrialProc,BlockTrialList,25,4,,1,0,1,X,0,0,TrialProc,TrialList,1,4,Keyboard,0,15,119127,517,4,603,119730,25,2,25,Target,44
NB_DURING,3,1,A,"<?xml version=""1.0""?>\n<Clock xmlns:dt=""urn:schemas-microsoft-com:datatypes""><Description dt:dt=""string"">E-Prime Primary Realtime Clock</Description><StartTime><Timestamp dt:dt=""int"">0</Timestamp><DateUtc dt:dt=""string"">2021-08-22T15:54:09Z</DateUtc></StartTime><FrequencyChanges><FrequencyChange><Frequency dt:dt=""r8"">2835939</Frequency><Timestamp dt:dt=""r8"">515219896038</Timestamp><Current dt:dt=""r8"">0</Current><DateUtc dt:dt=""string"">2021-08-22T15:54:09Z</DateUtc></FrequencyChange></FrequencyChanges></Clock>\n",S,2,SL003_N2S6D3A,6,1.0.0.786,1,91.67,0.276385399,2,100,0,0,97.44,60,-175599875,Full,3.0.3.80,3.0.3.80,8/22/21,8/22/21 15:54,10:54:10,3.0.3.82,D3,0,1,0,Keyboard,1,1,2,1,BlockProc,BlockList,1,1,1,1,Thank you!,Keyboard,Keyboard,No,BlockTrialProc,BlockTrialList,26,1,,1,0,4,k,0,0,TrialProc,TrialList,1,1,Keyboard,0,14,122160,517,1,452,122612,26,2,26,NonTarget,11
NB_DURING,3,1,A,"<?xml version=""1.0""?>\n<Clock xmlns:dt=""urn:schemas-microsoft-com:datatypes""><Description dt:dt=""string"">E-Prime Primary Realtime Clock</Description><StartTime><Timestamp dt:dt=""int"">0</Timestamp><DateUtc dt:dt=""string"">2021-08-22T15:54:09Z</DateUtc></StartTime><FrequencyChanges><FrequencyChange><Frequency dt:dt=""r8"">2835939</Frequency><Timestamp dt:dt=""r8"">515219896038</Timestamp><Current dt:dt=""r8"">0</Current><DateUtc dt:dt=""string"">2021-08-22T15:54:09Z</DateUtc></FrequencyChange></FrequencyChanges></Clock>\n",S,2,SL003_N2S6D3A,6,1.0.0.786,1,91.67,0.276385399,2,100,0,0,97.44,60,-175599875,Full,3.0.3.80,3.0.3.80,8/22/21,8/22/21 15:54,10:54:10,3.0.3.82,D3,0,1,0,Keyboard,1,1,2,1,BlockProc,BlockList,1,1,1,1,Thank you!,Keyboard,Keyboard,No,BlockTrialProc,BlockTrialList,27,1,,1,0,4,F,0,0,TrialProc,TrialList,1,1,Keyboard,0,15,125194,517,1,390,125584,27,2,27,NonTarget,11
NB_DURING,3,1,A,"<?xml version=""1.0""?>\n<Clock xmlns:dt=""urn:schemas-microsoft-com:datatypes""><Description dt:dt=""string"">E-Prime Primary Realtime Clock</Description><StartTime><Timestamp dt:dt=""int"">0</Timestamp><DateUtc dt:dt=""string"">2021-08-22T15:54:09Z</DateUtc></StartTime><FrequencyChanges><FrequencyChange><Frequency dt:dt=""r8"">2835939</Frequency><Timestamp dt:dt=""r8"">515219896038</Timestamp><Current dt:dt=""r8"">0</Current><DateUtc dt:dt=""string"">2021-08-22T15:54:09Z</DateUtc></FrequencyChange></FrequencyChanges></Clock>\n",S,2,SL003_N2S6D3A,6,1.0.0.786,1,91.67,0.276385399,2,100,0,0,97.44,60,-175599875,Full,3.0.3.80,3.0.3.80,8/22/21,8/22/21 15:54,10:54:10,3.0.3.82,D3,0,1,0,Keyboard,1,1,2,1,BlockProc,BlockList,1,1,1,1,Thank you!,Keyboard,Keyboard,No,BlockTrialProc,BlockTrialList,28,4,,1,0,1,K,0,0,TrialProc,TrialList,1,4,Keyboard,0,14,128227,517,4,543,128770,28,2,28,Target,44
NB_DURING,3,1,A,"<?xml version=""1.0""?>\n<Clock xmlns:dt=""urn:schemas-microsoft-com:datatypes""><Description dt:dt=""string"">E-Prime Primary Realtime Clock</Description><StartTime><Timestamp dt:dt=""int"">0</Timestamp><DateUtc dt:dt=""string"">2021-08-22T15:54:09Z</DateUtc></StartTime><FrequencyChanges><FrequencyChange><Frequency dt:dt=""r8"">2835939</Frequency><Timestamp dt:dt=""r8"">515219896038</Timestamp><Current dt:dt=""r8"">0</Current><DateUtc dt:dt=""string"">2021-08-22T15:54:09Z</DateUtc></FrequencyChange></FrequencyChanges></Clock>\n",S,2,SL003_N2S6D3A,6,1.0.0.786,1,91.67,0.276385399,2,100,0,0,97.44,60,-175599875,Full,3.0.3.80,3.0.3.80,8/22/21,8/22/21 15:54,10:54:10,3.0.3.82,D3,0,1,0,Keyboard,1,1,2,1,BlockProc,BlockList,1,1,1,1,Thank you!,Keyboard,Keyboard,No,BlockTrialProc,BlockTrialList,29,1,,1,0,4,R,0,0,TrialProc,TrialList,1,1,Keyboard,0,15,131261,516,1,385,131646,29,2,29,NonTarget,11
NB_DURING,3,1,A,"<?xml version=""1.0""?>\n<Clock xmlns:dt=""urn:schemas-microsoft-com:datatypes""><Description dt:dt=""string"">E-Prime Primary Realtime Clock</Description><StartTime><Timestamp dt:dt=""int"">0</Timestamp><DateUtc dt:dt=""string"">2021-08-22T15:54:09Z</DateUtc></StartTime><FrequencyChanges><FrequencyChange><Frequency dt:dt=""r8"">2835939</Frequency><Timestamp dt:dt=""r8"">515219896038</Timestamp><Current dt:dt=""r8"">0</Current><DateUtc dt:dt=""string"">2021-08-22T15:54:09Z</DateUtc></FrequencyChange></FrequencyChanges></Clock>\n",S,2,SL003_N2S6D3A,6,1.0.0.786,1,91.67,0.276385399,2,100,0,0,97.44,60,-175599875,Full,3.0.3.80,3.0.3.80,8/22/21,8/22/21 15:54,10:54:10,3.0.3.82,D3,0,1,0,Keyboard,1,1,2,1,BlockProc,BlockList,1,1,1,1,Thank you!,Keyboard,Keyboard,No,BlockTrialProc,BlockTrialList,30,1,,1,0,4,T,0,0,TrialProc,TrialList,1,1,Keyboard,0,15,134294,517,1,466,134760,30,2,30,NonTarget,11
NB_DURING,3,1,A,"<?xml version=""1.0""?>\n<Clock xmlns:dt=""urn:schemas-microsoft-com:datatypes""><Description dt:dt=""string"">E-Prime Primary Realtime Clock</Description><StartTime><Timestamp dt:dt=""int"">0</Timestamp><DateUtc dt:dt=""string"">2021-08-22T15:54:09Z</DateUtc></StartTime><FrequencyChanges><FrequencyChange><Frequency dt:dt=""r8"">2835939</Frequency><Timestamp dt:dt=""r8"">515219896038</Timestamp><Current dt:dt=""r8"">0</Current><DateUtc dt:dt=""string"">2021-08-22T15:54:09Z</DateUtc></FrequencyChange></FrequencyChanges></Clock>\n",S,2,SL003_N2S6D3A,6,1.0.0.786,1,91.67,0.276385399,2,100,0,0,97.44,60,-175599875,Full,3.0.3.80,3.0.3.80,8/22/21,8/22/21 15:54,10:54:10,3.0.3.82,D3,0,1,0,Keyboard,1,1,2,1,BlockProc,BlockList,1,1,1,1,Thank you!,Keyboard,Keyboard,No,BlockTrialProc,BlockTrialList,31,1,,1,0,4,C,0,0,TrialProc,TrialList,1,1,Keyboard,0,14,137327,517,1,496,137823,31,2,31,NonTarget,11
NB_DURING,3,1,A,"<?xml version=""1.0""?>\n<Clock xmlns:dt=""urn:schemas-microsoft-com:datatypes""><Description dt:dt=""string"">E-Prime Primary Realtime Clock</Description><StartTime><Timestamp dt:dt=""int"">0</Timestamp><DateUtc dt:dt=""string"">2021-08-22T15:54:09Z</DateUtc></StartTime><FrequencyChanges><FrequencyChange><Frequency dt:dt=""r8"">2835939</Frequency><Timestamp dt:dt=""r8"">515219896038</Timestamp><Current dt:dt=""r8"">0</Current><DateUtc dt:dt=""string"">2021-08-22T15:54:09Z</DateUtc></FrequencyChange></FrequencyChanges></Clock>\n",S,2,SL003_N2S6D3A,6,1.0.0.786,1,91.67,0.276385399,2,100,0,0,97.44,60,-175599875,Full,3.0.3.80,3.0.3.80,8/22/21,8/22/21 15:54,10:54:10,3.0.3.82,D3,0,1,0,Keyboard,1,1,2,1,BlockProc,BlockList,1,1,1,1,Thank you!,Keyboard,Keyboard,No,BlockTrialProc,BlockTrialList,32,1,,1,0,4,K,0,0,TrialProc,TrialList,1,1,Keyboard,0,15,140361,516,1,473,140834,32,2,32,NonTarget,11
NB_DURING,3,1,A,"<?xml version=""1.0""?>\n<Clock xmlns:dt=""urn:schemas-microsoft-com:datatypes""><Description dt:dt=""string"">E-Prime Primary Realtime Clock</Description><StartTime><Timestamp dt:dt=""int"">0</Timestamp><DateUtc dt:dt=""string"">2021-08-22T15:54:09Z</DateUtc></StartTime><FrequencyChanges><FrequencyChange><Frequency dt:dt=""r8"">2835939</Frequency><Timestamp dt:dt=""r8"">515219896038</Timestamp><Current dt:dt=""r8"">0</Current><DateUtc dt:dt=""string"">2021-08-22T15:54:09Z</DateUtc></FrequencyChange></FrequencyChanges></Clock>\n",S,2,SL003_N2S6D3A,6,1.0.0.786,1,91.67,0.276385399,2,100,0,0,97.44,60,-175599875,Full,3.0.3.80,3.0.3.80,8/22/21,8/22/21 15:54,10:54:10,3.0.3.82,D3,0,1,0,Keyboard,1,1,2,1,BlockProc,BlockList,1,1,1,1,Thank you!,Keyboard,Keyboard,No,BlockTrialProc,BlockTrialList,33,1,,1,0,4,B,0,0,TrialProc,TrialList,1,1,Keyboard,0,15,143394,517,1,383,143777,33,2,33,NonTarget,11
NB_DURING,3,1,A,"<?xml version=""1.0""?>\n<Clock xmlns:dt=""urn:schemas-microsoft-com:datatypes""><Description dt:dt=""string"">E-Prime Primary Realtime Clock</Description><StartTime><Timestamp dt:dt=""int"">0</Timestamp><DateUtc dt:dt=""string"">2021-08-22T15:54:09Z</DateUtc></StartTime><FrequencyChanges><FrequencyChange><Frequency dt:dt=""r8"">2835939</Frequency><Timestamp dt:dt=""r8"">515219896038</Timestamp><Current dt:dt=""r8"">0</Current><DateUtc dt:dt=""string"">2021-08-22T15:54:09Z</DateUtc></FrequencyChange></FrequencyChanges></Clock>\n",S,2,SL003_N2S6D3A,6,1.0.0.786,1,91.67,0.276385399,2,100,0,0,97.44,60,-175599875,Full,3.0.3.80,3.0.3.80,8/22/21,8/22/21 15:54,10:54:10,3.0.3.82,D3,0,1,0,Keyboard,1,1,2,1,BlockProc,BlockList,1,1,1,1,Thank you!,Keyboard,Keyboard,No,BlockTrialProc,BlockTrialList,34,4,,1,0,1,k,0,0,TrialProc,TrialList,1,4,Keyboard,0,14,146427,517,4,723,147150,34,2,34,Target,44
NB_DURING,3,1,A,"<?xml version=""1.0""?>\n<Clock xmlns:dt=""urn:schemas-microsoft-com:datatypes""><Description dt:dt=""string"">E-Prime Primary Realtime Clock</Description><StartTime><Timestamp dt:dt=""int"">0</Timestamp><DateUtc dt:dt=""string"">2021-08-22T15:54:09Z</DateUtc></StartTime><FrequencyChanges><FrequencyChange><Frequency dt:dt=""r8"">2835939</Frequency><Timestamp dt:dt=""r8"">515219896038</Timestamp><Current dt:dt=""r8"">0</Current><DateUtc dt:dt=""string"">2021-08-22T15:54:09Z</DateUtc></FrequencyChange></FrequencyChanges></Clock>\n",S,2,SL003_N2S6D3A,6,1.0.0.786,1,91.67,0.276385399,2,100,0,0,97.44,60,-175599875,Full,3.0.3.80,3.0.3.80,8/22/21,8/22/21 15:54,10:54:10,3.0.3.82,D3,0,1,0,Keyboard,1,1,2,1,BlockProc,BlockList,1,1,1,1,Thank you!,Keyboard,Keyboard,No,BlockTrialProc,BlockTrialList,35,4,,1,0,1,B,0,0,TrialProc,TrialList,1,4,Keyboard,0,15,149461,516,4,545,150006,35,2,35,Target,44
NB_DURING,3,1,A,"<?xml version=""1.0""?>\n<Clock xmlns:dt=""urn:schemas-microsoft-com:datatypes""><Description dt:dt=""string"">E-Prime Primary Realtime Clock</Description><StartTime><Timestamp dt:dt=""int"">0</Timestamp><DateUtc dt:dt=""string"">2021-08-22T15:54:09Z</DateUtc></StartTime><FrequencyChanges><FrequencyChange><Frequency dt:dt=""r8"">2835939</Frequency><Timestamp dt:dt=""r8"">515219896038</Timestamp><Current dt:dt=""r8"">0</Current><DateUtc dt:dt=""string"">2021-08-22T15:54:09Z</DateUtc></FrequencyChange></FrequencyChanges></Clock>\n",S,2,SL003_N2S6D3A,6,1.0.0.786,1,91.67,0.276385399,2,100,0,0,97.44,60,-175599875,Full,3.0.3.80,3.0.3.80,8/22/21,8/22/21 15:54,10:54:10,3.0.3.82,D3,0,1,0,Keyboard,1,1,2,1,BlockProc,BlockList,1,1,1,1,Thank you!,Keyboard,Keyboard,No,BlockTrialProc,BlockTrialList,36,1,,1,0,4,S,0,0,TrialProc,TrialList,1,1,Keyboard,0,15,152494,517,1,382,152876,36,2,36,NonTarget,11
NB_DURING,3,1,A,"<?xml version=""1.0""?>\n<Clock xmlns:dt=""urn:schemas-microsoft-com:datatypes""><Description dt:dt=""string"">E-Prime Primary Realtime Clock</Description><StartTime><Timestamp dt:dt=""int"">0</Timestamp><DateUtc dt:dt=""string"">2021-08-22T15:54:09Z</DateUtc></StartTime><FrequencyChanges><FrequencyChange><Frequency dt:dt=""r8"">2835939</Frequency><Timestamp dt:dt=""r8"">515219896038</Timestamp><Current dt:dt=""r8"">0</Current><DateUtc dt:dt=""string"">2021-08-22T15:54:09Z</DateUtc></FrequencyChange></FrequencyChanges></Clock>\n",S,2,SL003_N2S6D3A,6,1.0.0.786,1,91.67,0.276385399,2,100,0,0,97.44,60,-175599875,Full,3.0.3.80,3.0.3.80,8/22/21,8/22/21 15:54,10:54:10,3.0.3.82,D3,0,1,0,Keyboard,1,1,2,1,BlockProc,BlockList,1,1,1,1,Thank you!,Keyboard,Keyboard,No,BlockTrialProc,BlockTrialList,37,4,,1,0,1,b,0,0,TrialProc,TrialList,1,4,Keyboard,0,14,155527,517,4,514,156041,37,2,37,Target,44
NB_DURING,3,1,A,"<?xml version=""1.0""?>\n<Clock xmlns:dt=""urn:schemas-microsoft-com:datatypes""><Description dt:dt=""string"">E-Prime Primary Realtime Clock</Description><StartTime><Timestamp dt:dt=""int"">0</Timestamp><DateUtc dt:dt=""string"">2021-08-22T15:54:09Z</DateUtc></StartTime><FrequencyChanges><FrequencyChange><Frequency dt:dt=""r8"">2835939</Frequency><Timestamp dt:dt=""r8"">515219896038</Timestamp><Current dt:dt=""r8"">0</Current><DateUtc dt:dt=""string"">2021-08-22T15:54:09Z</DateUtc></FrequencyChange></FrequencyChanges></Clock>\n",S,2,SL003_N2S6D3A,6,1.0.0.786,1,91.67,0.276385399,2,100,0,0,97.44,60,-175599875,Full,3.0.3.80,3.0.3.80,8/22/21,8/22/21 15:54,10:54:10,3.0.3.82,D3,0,1,0,Keyboard,1,1,2,1,BlockProc,BlockList,1,1,1,1,Thank you!,Keyboard,Keyboard,No,BlockTrialProc,BlockTrialList,38,1,,1,0,4,F,0,0,TrialProc,TrialList,1,1,Keyboard,0,15,158561,516,1,344,158905,38,2,38,NonTarget,11
NB_DURING,3,1,A,"<?xml version=""1.0""?>\n<Clock xmlns:dt=""urn:schemas-microsoft-com:datatypes""><Description dt:dt=""string"">E-Prime Primary Realtime Clock</Description><StartTime><Timestamp dt:dt=""int"">0</Timestamp><DateUtc dt:dt=""string"">2021-08-22T15:54:09Z</DateUtc></StartTime><FrequencyChanges><FrequencyChange><Frequency dt:dt=""r8"">2835939</Frequency><Timestamp dt:dt=""r8"">515219896038</Timestamp><Current dt:dt=""r8"">0</Current><DateUtc dt:dt=""string"">2021-08-22T15:54:09Z</DateUtc></FrequencyChange></FrequencyChanges></Clock>\n",S,2,SL003_N2S6D3A,6,1.0.0.786,1,91.67,0.276385399,2,100,0,0,97.44,60,-175599875,Full,3.0.3.80,3.0.3.80,8/22/21,8/22/21 15:54,10:54:10,3.0.3.82,D3,0,1,0,Keyboard,1,1,2,1,BlockProc,BlockList,1,1,1,1,Thank you!,Keyboard,Keyboard,No,BlockTrialProc,BlockTrialList,39,4,,1,0,1,B,0,0,TrialProc,TrialList,1,4,Keyboard,0,15,161594,517,4,879,162473,39,2,39,Target,44