C:\Users\pindus\Desktop\SITLess_Data\EXP2\COG\POST\1B\SL003\SL003_1B7AC.edat3,,,,,,,,,,,,,,,,,,,,,,,,,,,,,,,,,,,,,,,,,,,,,,,,,,,,,,,,,,,,,,,,,,,,,,,,,
ExperimentName,Subject,Session,BlockID,Clock.Information,Condition,DataFile.Basename,Day,ExperimentVersion,Group,Hits.Mean,Hits.StdDevP,Instructions,NB,NonTargetAcc.Mean,NonTargetAcc.StdDevP,OnebackLureCounter,OverallACC,Participant.RefreshRate,RandomSeed,RuntimeCapabilities,RuntimeVersion,RuntimeVersionExpected,SessionDate,SessionStartDateTimeUtc,SessionTime,StudioVersion,Timing,Total_Ommision_Error,TotalComissionErrors,TwobackLureCounter,Welcome.DEVICE,Block,BlockList,BlockList.Cycle,BlockList.Sample,Procedure[Block],Running[Block],Trial,BlockTrialList,BlockTrialList.Cycle,BlockTrialList.Sample,BreakMessage,BreakMessage.DEVICE,GetReady.DEVICE,Practice,Procedure[Trial],Running[Trial],SubTrial,CorrectResp,CurrentLetters,HitsComissionErrors,HitsOmissions,IncorrectResp,Letter,NonTargetComissionErrors,NonTargetOmissions,Procedure[SubTrial],Running[SubTrial],Stimulus.ACC,Stimulus.CRESP,Stimulus.DEVICE,Stimulus.DurationError,Stimulus.OnsetDelay,Stimulus.OnsetTime,Stimulus.OnsetToOnsetTime,Stimulus.RESP,Stimulus.RT,Stimulus.RTTime,TrialList,TrialList.Cycle,TrialList.Sample,TrialType,Type
NB_update,3,1,C,"<?xml version=""1.0""?>\n<Clock xmlns:dt=""urn:schemas-microsoft-com:datatypes""><Description dt:dt=""string"">E-Prime Primary Realtime Clock</Description><StartTime><Timestamp dt:dt=""int"">0</Timestamp><DateUtc dt:dt=""string"">2021-08-28T18:00:53Z</DateUtc></StartTime><FrequencyChanges><FrequencyChange><Frequency dt:dt=""r8"">10000000</Frequency><Timestamp dt:dt=""r8"">18938907509598</Timestamp><Current dt:dt=""r8"">0</Current><DateUtc dt:dt=""string"">2021-08-28T18:00:53Z</DateUtc></FrequencyChange></FrequencyChanges></Clock>\n",1,SL003_1B7AC,7,1.0.0.787,1,83.33,0.372677996,Press SPACEBAR to begin.,1,96.3,0.188852575,0,92.31,143.861,-1895668197,Full,3.0.3.80,3.0.3.80,8/28/21,8/28/21 18:00,13:00:53,3.0.3.82,A,0,3,2,Keyboard,1,1,2,1,BlockProc,BlockList,1,1,1,1,Thank you!,Keyboard,Keyboard,No,BlockTrialProc,BlockTrialList,1,1,,0,0,4,r,0,0,TrialProc,TrialList,1,1,Keyboard,0,22,44632,514,1,459,45091,1,2,1,NonTarget,110
NB_update,3,1,C,"<?xml version=""1.0""?>\n<Clock xmlns:dt=""urn:schemas-microsoft-com:datatypes""><Description dt:dt=""string"">E-Prime Primary Realtime Clock</Description><StartTime><Timestamp dt:dt=""int"">0</Timestamp><DateUtc dt:dt=""string"">2021-08-28T18:00:53Z</DateUtc></StartTime><FrequencyChanges><FrequencyChange><Frequency dt:dt=""r8"">10000000</Frequency><Timestamp dt:dt=""r8"">18938907509598</Timestamp><Current dt:dt=""r8"">0</Current><DateUtc dt:dt=""string"">2021-08-28T18:00:53Z</DateUtc></FrequencyChange></FrequencyChanges></Clock>\n",1,SL003_1B7AC,7,1.0.0.787,1,83.33,0.372677996,Press SPACEBAR to begin.,1,96.3,0.188852575,0,92.31,143.861,-1895668197,Full,3.0.3.80,3.0.3.80,8/28/21,8/28/21 18:00,13:00:53,3.0.3.82,A,0,3,2,Keyboard,1,1,2,1,BlockProc,BlockList,1,1,1,1,Thank you!,Keyboard,Keyboard,No,BlockTrialProc,BlockTrialList,2,1,,0,0,4,B,0,0,TrialProc,TrialList,1,1,Keyboard,0,19,47667,514,1,1086,48753,2,2,2,NonTarget,110
NB_update,3,1,C,"<?xml version=""1.0""?>\n<Clock xmlns:dt=""urn:schemas-microsoft-com:datatypes""><Description dt:dt=""string"">E-Prime Primary Realtime Clock</Description><StartTime><Timestamp dt:dt=""int"">0</Timestamp><DateUtc dt:dt=""string"">2021-08-28T18:00:53Z</DateUtc></StartTime><FrequencyChanges><FrequencyChange><Frequency dt:dt=""r8"">10000000</Frequency><Timestamp dt:dt=""r8"">18938907509598</Timestamp><Current dt:dt=""r8"">0</Current><DateUtc dt:dt=""string"">2021-08-28T18:00:53Z</DateUtc></FrequencyChange></FrequencyChanges></Clock>\n",1,SL003_1B7AC,7,1.0.0.787,1,83.33,0.372677996,Press SPACEBAR to begin.,1,96.3,0.188852575,0,92.31,143.861,-1895668197,Full,3.0.3.80,3.0.3.80,8/28/21,8/28/21 18:00,13:00:53,3.0.3.82,A,0,3,2,Keyboard,1,1,2,1,BlockProc,BlockList,1,1,1,1,Thank you!,Keyboard,Keyboard,No,BlockTrialProc,BlockTrialList,3,1,,0,0,4,c,0,0,TrialProc,TrialList,1,1,Keyboard,0,19,50702,513,1,556,51258,3,2,3,NonTarget,110
NB_update,3,1,C,"<?xml version=""1.0""?>\n<Clock xmlns:dt=""urn:schemas-microsoft-com:datatypes""><Description dt:dt=""string"">E-Prime Primary Realtime Clock</Description><StartTime><Timestamp dt:dt=""int"">0</Timestamp><DateUtc dt:dt=""string"">2021-08-28T18:00:53Z</DateUtc></StartTime><FrequencyChanges><FrequencyChange><Frequency dt:dt=""r8"">10000000</Frequency><Timestamp dt:dt=""r8"">18938907509598</Timestamp><Current dt:dt=""r8"">0</Current><DateUtc dt:dt=""string"">2021-08-28T18:00:53Z</DateUtc></FrequencyChange></FrequencyChanges></Clock>\n",1,SL003_1B7AC,7,1.0.0.787,1,83.33,0.372677996,Press SPACEBAR to begin.,1,96.3,0.188852575,0,92.31,143.861,-1895668197,Full,3.0.3.80,3.0.3.80,8/28/21,8/28/21 18:00,13:00:53,3.0.3.82,A,0,3,2,Keyboard,1,1,2,1,BlockProc,BlockList,1,1,1,1,Thank you!,Keyboard,Keyboard,No,BlockTrialProc,BlockTrialList,4,1,,0,0,4,P,0,0,TrialProc,TrialList,1,1,Keyboard,0,19,53736,514,1,425,54161,4,2,4,NonTarget,110
NB_update,3,1,C,"<?xml version=""1.0""?>\n<Clock xmlns:dt=""urn:schemas-microsoft-com:datatypes""><Description dt:dt=""string"">E-Prime Primary Realtime Clock</Description><StartTime><Timestamp dt:dt=""int"">0</Timestamp><DateUtc dt:dt=""string"">2021-08-28T18:00:53Z</DateUtc></StartTime><FrequencyChanges><FrequencyChange><Frequency dt:dt=""r8"">10000000</Frequency><Timestamp dt:dt=""r8"">18938907509598</Timestamp><Current dt:dt=""r8"">0</Current><DateUtc dt:dt=""string"">2021-08-28T18:00:53Z</DateUtc></FrequencyChange></FrequencyChanges></Clock>\n",1,SL003_1B7AC,7,1.0.0.787,1,83.33,0.372677996,Press SPACEBAR to begin.,1,96.3,0.188852575,0,92.31,143.861,-1895668197,Full,3.0.3.80,3.0.3.80,8/28/21,8/28/21 18:00,13:00:53,3.0.3.82,A,0,3,2,Keyboard,1,1,2,1,BlockProc,BlockList,1,1,1,1,Thank you!,Keyboard,Keyboard,No,BlockTrialProc,BlockTrialList,5,1,,0,0,4,f,0,0,TrialProc,TrialList,1,1,Keyboard,0,19,56771,514,1,327,57098,5,2,5,NonTarget,110
NB_update,3,1,C,"<?xml version=""1.0""?>\n<Clock xmlns:dt=""urn:schemas-microsoft-com:datatypes""><Description dt:dt=""string"">E-Prime Primary Realtime Clock</Description><StartTime><Timestamp dt:dt=""int"">0</Timestamp><DateUtc dt:dt=""string"">2021-08-28T18:00:53Z</DateUtc></StartTime><FrequencyChanges><FrequencyChange><Frequency dt:dt=""r8"">10000000</Frequency><Timestamp dt:dt=""r8"">18938907509598</Timestamp><Current dt:dt=""r8"">0</Current><DateUtc dt:dt=""string"">2021-08-28T18:00:53Z</DateUtc></FrequencyChange></FrequencyChanges></Clock>\n",1,SL003_1B7AC,7,1.0.0.787,1,83.33,0.372677996,Press SPACEBAR to begin.,1,96.3,0.188852575,0,92.31,143.861,-1895668197,Full,3.0.3.80,3.0.3.80,8/28/21,8/28/21 18:00,13:00:53,3.0.3.82,A,0,3,2,Keyboard,1,1,2,1,BlockProc,BlockList,1,1,1,1,Thank you!,Keyboard,Keyboard,No,BlockTrialProc,BlockTrialList,6,4,,1,0,1,F,0,0,TrialProc,TrialList,0,4,Keyboard,0,18,59805,514,1,931,60736,6,2,6,Target,440
NB_update,3,1,C,"<?xml version=""1.0""?>\n<Clock xmlns:dt=""urn:schemas-microsoft-com:datatypes""><Description dt:dt=""string"">E-Prime Primary Realtime Clock</Description><StartTime><Timestamp dt:dt=""int"">0</Timestamp><DateUtc dt:dt=""string"">2021-08-28T18:00:53Z</DateUtc></StartTime><FrequencyChanges><FrequencyChange><Frequency dt:dt=""r8"">10000000</Frequency><Timestamp dt:dt=""r8"">18938907509598</Timestamp><Current dt:dt=""r8"">0</Current><DateUtc dt:dt=""string"">2021-08-28T18:00:53Z</DateUtc></FrequencyChange></FrequencyChanges></Clock>\n",1,SL003_1B7AC,7,1.0.0.787,1,83.33,0.372677996,Press SPACEBAR to begin.,1,96.3,0.188852575,0,92.31,143.861,-1895668197,Full,3.0.3.80,3.0.3.80,8/28/21,8/28/21 18:00,13:00:53,3.0.3.82,A,0,3,2,Keyboard,1,1,2,1,BlockProc,BlockList,1,1,1,1,Thank you!,Keyboard,Keyboard,No,BlockTrialProc,BlockTrialList,7,1,,1,0,4,t,0,0,TrialProc,TrialList,1,1,Keyboard,0,19,62840,514,1,327,63167,7,2,7,NonTarget,110
NB_update,3,1,C,"<?xml version=""1.0""?>\n<Clock xmlns:dt=""urn:schemas-microsoft-com:datatypes""><Description dt:dt=""string"">E-Prime Primary Realtime Clock</Description><StartTime><Timestamp dt:dt=""int"">0</Timestamp><DateUtc dt:dt=""string"">2021-08-28T18:00:53Z</DateUtc></StartTime><FrequencyChanges><FrequencyChange><Frequency dt:dt=""r8"">10000000</Frequency><Timestamp dt:dt=""r8"">18938907509598</Timestamp><Current dt:dt=""r8"">0</Current><DateUtc dt:dt=""string"">2021-08-28T18:00:53Z</DateUtc></FrequencyChange></FrequencyChanges></Clock>\n",1,SL003_1B7AC,7,1.0.0.787,1,83.33,0.372677996,Press SPACEBAR to begin.,1,96.3,0.188852575,0,92.31,143.861,-1895668197,Full,3.0.3.80,3.0.3.80,8/28/21,8/28/21 18:00,13:00:53,3.0.3.82,A,0,3,2,Keyboard,1,1,2,1,BlockProc,BlockList,1,1,1,1,Thank you!,Keyboard,Keyboard,No,BlockTrialProc,BlockTrialList,8,4,,2,0,1,T,0,0,TrialProc,TrialList,0,4,Keyboard,0,19,65875,514,1,1800,67675,8,2,8,Target,440
NB_update,3,1,C,"<?xml version=""1.0""?>\n<Clock xmlns:dt=""urn:schemas-microsoft-com:datatypes""><Description dt:dt=""string"">E-Prime Primary Realtime Clock</Description><StartTime><Timestamp dt:dt=""int"">0</Timestamp><DateUtc dt:dt=""string"">2021-08-28T18:00:53Z</DateUtc></StartTime><FrequencyChanges><FrequencyChange><Frequency dt:dt=""r8"">10000000</Frequency><Timestamp dt:dt=""r8"">18938907509598</Timestamp><Current dt:dt=""r8"">0</Current><DateUtc dt:dt=""string"">2021-08-28T18:00:53Z</DateUtc></FrequencyChange></FrequencyChanges></Clock>\n",1,SL003_1B7AC,7,1.0.0.787,1,83.33,0.372677996,Press SPACEBAR to begin.,1,96.3,0.188852575,0,92.31,143.861,-1895668197,Full,3.0.3.80,3.0.3.80,8/28/21,8/28/21 18:00,13:00:53,3.0.3.82,A,0,3,2,Keyboard,1,1,2,1,BlockProc,BlockList,1,1,1,1,Thank you!,Keyboard,Keyboard,No,BlockTrialProc,BlockTrialList,9,1,,2,0,4,f,0,0,TrialProc,TrialList,1,1,Keyboard,0,18,68909,514,1,1060,69969,9,2,9,NonTarget,113
NB_update,3,1,C,"<?xml version=""1.0""?>\n<Clock xmlns:dt=""urn:schemas-microsoft-com:datatypes""><Description dt:dt=""string"">E-Prime Primary Realtime Clock</Description><StartTime><Timestamp dt:dt=""int"">0</Timestamp><DateUtc dt:dt=""string"">2021-08-28T18:00:53Z</DateUtc></StartTime><FrequencyChanges><FrequencyChange><Frequency dt:dt=""r8"">10000000</Frequency><Timestamp dt:dt=""r8"">18938907509598</Timestamp><Current dt:dt=""r8"">0</Current><DateUtc dt:dt=""string"">2021-08-28T18:00:53Z</DateUtc></FrequencyChange></FrequencyChanges></Clock>\n",1,SL003_1B7AC,7,1.0.0.787,1,83.33,0.372677996,Press SPACEBAR to begin.,1,96.3,0.188852575,0,92.31,143.861,-1895668197,Full,3.0.3.80,3.0.3.80,8/28/21,8/28/21 18:00,13:00:53,3.0.3.82,A,0,3,2,Keyboard,1,1,2,1,BlockProc,BlockList,1,1,1,1,Thank you!,Keyboard,Keyboard,No,BlockTrialProc,BlockTrialList,10,1,,2,0,4,r,0,0,TrialProc,TrialList,1,1,Keyboard,0,19,71944,514,1,432,72376,10,2,10,NonTarget,110
NB_update,3,1,C,"<?xml version=""1.0""?>\n<Clock xmlns:dt=""urn:schemas-microsoft-com:datatypes""><Description dt:dt=""string"">E-Prime Primary Realtime Clock</Description><StartTime><Timestamp dt:dt=""int"">0</Timestamp><DateUtc dt:dt=""string"">2021-08-28T18:00:53Z</DateUtc></StartTime><FrequencyChanges><FrequencyChange><Frequency dt:dt=""r8"">10000000</Frequency><Timestamp dt:dt=""r8"">18938907509598</Timestamp><Current dt:dt=""r8"">0</Current><DateUtc dt:dt=""string"">2021-08-28T18:00:53Z</DateUtc></FrequencyChange></FrequencyChanges></Clock>\n",1,SL003_1B7AC,7,1.0.0.787,1,83.33,0.372677996,Press SPACEBAR to begin.,1,96.3,0.188852575,0,92.31,143.861,-1895668197,Full,3.0.3.80,3.0.3.80,8/28/21,8/28/21 18:00,13:00:53,3.0.3.82,A,0,3,2,Keyboard,1,1,2,1,BlockProc,BlockList,1,1,1,1,Thank you!,Keyboard,Keyboard,No,BlockTrialProc,BlockTrialList,11,1,,2,0,4,t,0,0,TrialProc,TrialList,1,1,Keyboard,0,19,74979,513,1,478,75457,11,2,11,NonTarget,113
NB_update,3,1,C,"<?xml version=""1.0""?>\n<Clock xmlns:dt=""urn:schemas-microsoft-com:datatypes""><Description dt:dt=""string"">E-Prime Primary Realtime Clock</Description><StartTime><Timestamp dt:dt=""int"">0</Timestamp><DateUtc dt:dt=""string"">2021-08-28T18:00:53Z</DateUtc></StartTime><FrequencyChanges><FrequencyChange><Frequency dt:dt=""r8"">10000000</Frequency><Timestamp dt:dt=""r8"">18938907509598</Timestamp><Current dt:dt=""r8"">0</Current><DateUtc dt:dt=""string"">2021-08-28T18:00:53Z</DateUtc></FrequencyChange></FrequencyChanges></Clock>\n",1,SL003_1B7AC,7,1.0.0.787,1,83.33,0.372677996,Press SPACEBAR to begin.,1,96.3,0.188852575,0,92.31,143.861,-1895668197,Full,3.0.3.80,3.0.3.80,8/28/21,8/28/21 18:00,13:00:53,3.0.3.82,A,0,3,2,Keyboard,1,1,2,1,BlockProc,BlockList,1,1,1,1,Thank you!,Keyboard,Keyboard,No,BlockTrialProc,BlockTrialList,12,4,,2,0,1,t,0,0,TrialProc,TrialList,1,4,Keyboard,0,19,78013,514,4,546,78559,12,2,12,Target,440
NB_update,3,1,C,"<?xml version=""1.0""?>\n<Clock xmlns:dt=""urn:schemas-microsoft-com:datatypes""><Description dt:dt=""string"">E-Prime Primary Realtime Clock</Description><StartTime><Timestamp dt:dt=""int"">0</Timestamp><DateUtc dt:dt=""string"">2021-08-28T18:00:53Z</DateUtc></StartTime><FrequencyChanges><FrequencyChange><Frequency dt:dt=""r8"">10000000</Frequency><Timestamp dt:dt=""r8"">18938907509598</Timestamp><Current dt:dt=""r8"">0</Current><DateUtc dt:dt=""string"">2021-08-28T18:00:53Z</DateUtc></FrequencyChange></FrequencyChanges></Clock>\n",1,SL003_1B7AC,7,1.0.0.787,1,83.33,0.372677996,Press SPACEBAR to begin.,1,96.3,0.188852575,0,92.31,143.861,-1895668197,Full,3.0.3.80,3.0.3.80,8/28/21,8/28/21 18:00,13:00:53,3.0.3.82,A,0,3,2,Keyboard,1,1,2,1,BlockProc,BlockList,1,1,1,1,Thank you!,Keyboard,Keyboard,No,BlockTrialProc,BlockTrialList,13,1,,2,0,4,X,0,0,TrialProc,TrialList,1,1,Keyboard,0,19,81048,514,1,634,81682,13,2,13,NonTarget,110
NB_update,3,1,C,"<?xml version=""1.0""?>\n<Clock xmlns:dt=""urn:schemas-microsoft-com:datatypes""><Description dt:dt=""string"">E-Prime Primary Realtime Clock</Description><StartTime><Timestamp dt:dt=""int"">0</Timestamp><DateUtc dt:dt=""string"">2021-08-28T18:00:53Z</DateUtc></StartTime><FrequencyChanges><FrequencyChange><Frequency dt:dt=""r8"">10000000</Frequency><Timestamp dt:dt=""r8"">18938907509598</Timestamp><Current dt:dt=""r8"">0</Current><DateUtc dt:dt=""string"">2021-08-28T18:00:53Z</DateUtc></FrequencyChange></FrequencyChanges></Clock>\n",1,SL003_1B7AC,7,1.0.0.787,1,83.33,0.372677996,Press SPACEBAR to begin.,1,96.3,0.188852575,0,92.31,143.861,-1895668197,Full,3.0.3.80,3.0.3.80,8/28/21,8/28/21 18:00,13:00:53,3.0.3.82,A,0,3,2,Keyboard,1,1,2,1,BlockProc,BlockList,1,1,1,1,Thank you!,Keyboard,Keyboard,No,BlockTrialProc,BlockTrialList,14,4,,2,0,1,X,0,0,TrialProc,TrialList,1,4,Keyboard,0,18,84082,514,4,344,84426,14,2,14,Target,440
NB_update,3,1,C,"<?xml version=""1.0""?>\n<Clock xmlns:dt=""urn:schemas-microsoft-com:datatypes""><Description dt:dt=""string"">E-Prime Primary Realtime Clock</Description><StartTime><Timestamp dt:dt=""int"">0</Timestamp><DateUtc dt:dt=""string"">2021-08-28T18:00:53Z</DateUtc></StartTime><FrequencyChanges><FrequencyChange><Frequency dt:dt=""r8"">10000000</Frequency><Timestamp dt:dt=""r8"">18938907509598</Timestamp><Current dt:dt=""r8"">0</Current><DateUtc dt:dt=""string"">2021-08-28T18:00:53Z</DateUtc></FrequencyChange></FrequencyChanges></Clock>\n",1,SL003_1B7AC,7,1.0.0.787,1,83.33,0.372677996,Press SPACEBAR to begin.,1,96.3,0.188852575,0,92.31,143.861,-1895668197,Full,3.0.3.80,3.0.3.80,8/28/21,8/28/21 18:00,13:00:53,3.0.3.82,A,0,3,2,Keyboard,1,1,2,1,BlockProc,BlockList,1,1,1,1,Thank you!,Keyboard,Keyboard,No,BlockTrialProc,BlockTrialList,15,1,,2,0,4,k,0,0,TrialProc,TrialList,1,1,Keyboard,0,19,87117,514,1,834,87951,15,2,15,NonTarget,110
NB_update,3,1,C,"<?xml version=""1.0""?>\n<Clock xmlns:dt=""urn:schemas-microsoft-com:datatypes""><Description dt:dt=""string"">E-Prime Primary Realtime Clock</Description><StartTime><Timestamp dt:dt=""int"">0</Timestamp><DateUtc dt:dt=""string"">2021-08-28T18:00:53Z</DateUtc></StartTime><FrequencyChanges><FrequencyChange><Frequency dt:dt=""r8"">10000000</Frequency><Timestamp dt:dt=""r8"">18938907509598</Timestamp><Current dt:dt=""r8"">0</Current><DateUtc dt:dt=""string"">2021-08-28T18:00:53Z</DateUtc></FrequencyChange></FrequencyChanges></Clock>\n",1,SL003_1B7AC,7,1.0.0.787,1,83.33,0.372677996,Press SPACEBAR to begin.,1,96.3,0.188852575,0,92.31,143.861,-1895668197,Full,3.0.3.80,3.0.3.80,8/28/21,8/28/21 18:00,13:00:53,3.0.3.82,A,0,3,2,Keyboard,1,1,2,1,BlockProc,BlockList,1,1,1,1,Thank you!,Keyboard,Keyboard,No,BlockTrialProc,BlockTrialList,16,1,,2,0,4,T,0,0,TrialProc,TrialList,1,1,Keyboard,0,19,90152,514,1,483,90635,16,2,16,NonTarget,110
NB_update,3,1,C,"<?xml version=""1.0""?>\n<Clock xmlns:dt=""urn:schemas-microsoft-com:datatypes""><Description dt:dt=""string"">E-Prime Primary Realtime Clock</Description><StartTime><Timestamp dt:dt=""int"">0</Timestamp><DateUtc dt:dt=""string"">2021-08-28T18:00:53Z</DateUtc></StartTime><FrequencyChanges><FrequencyChange><Frequency dt:dt=""r8"">10000000</Frequency><Timestamp dt:dt=""r8"">18938907509598</Timestamp><Current dt:dt=""r8"">0</Current><DateUtc dt:dt=""string"">2021-08-28T18:00:53Z</DateUtc></FrequencyChange></FrequencyChanges></Clock>\n",1,SL003_1B7AC,7,1.0.0.787,1,83.33,0.372677996,Press SPACEBAR to begin.,1,96.3,0.188852575,0,92.31,143.861,-1895668197,Full,3.0.3.80,3.0.3.80,8/28/21,8/28/21 18:00,13:00:53,3.0.3.82,A,0,3,2,Keyboard,1,1,2,1,BlockProc,BlockList,1,1,1,1,Thank you!,Keyboard,Keyboard,No,BlockTrialProc,BlockTrialList,17,4,,2,0,1,t,0,0,TrialProc,TrialList,1,4,Keyboard,0,18,93186,514,4,721,93907,17,2,17,Target,440
NB_update,3,1,C,"<?xml version=""1.0""?>\n<Clock xmlns:dt=""urn:schemas-microsoft-com:datatypes""><Description dt:dt=""string"">E-Prime Primary Realtime Clock</Description><StartTime><Timestamp dt:dt=""int"">0</Timestamp><DateUtc dt:dt=""string"">2021-08-28T18:00:53Z</DateUtc></StartTime><FrequencyChanges><FrequencyChange><Frequency dt:dt=""r8"">10000000</Frequency><Timestamp dt:dt=""r8"">18938907509598</Timestamp><Current dt:dt=""r8"">0</Current><DateUtc dt:dt=""string"">2021-08-28T18:00:53Z</DateUtc></FrequencyChange></FrequencyChanges></Clock>\n",1,SL003_1B7AC,7,1.0.0.787,1,83.33,0.372677996,Press SPACEBAR to begin.,1,96.3,0.188852575,0,92.31,143.861,-1895668197,Full,3.0.3.80,3.0.3.80,8/28/21,8/28/21 18:00,13:00:53,3.0.3.82,A,0,3,2,Keyboard,1,1,2,1,BlockProc,BlockList,1,1,1,1,Thank you!,Keyboard,Keyboard,No,BlockTrialProc,BlockTrialList,18,1,,2,0,4,c,0,0,TrialProc,TrialList,1,1,Keyboard,0,19,96221,514,1,487,96708,18,2,18,NonTarget,110
NB_update,3,1,C,"<?xml version=""1.0""?>\n<Clock xmlns:dt=""urn:schemas-microsoft-com:datatypes""><Description dt:dt=""string"">E-Prime Primary Realtime Clock</Description><StartTime><Timestamp dt:dt=""int"">0</Timestamp><DateUtc dt:dt=""string"">2021-08-28T18:00:53Z</DateUtc></StartTime><FrequencyChanges><FrequencyChange><Frequency dt:dt=""r8"">10000000</Frequency><Timestamp dt:dt=""r8"">18938907509598</Timestamp><Current dt:dt=""r8"">0</Current><DateUtc dt:dt=""string"">2021-08-28T18:00:53Z</DateUtc></FrequencyChange></FrequencyChanges></Clock>\n",1,SL003_1B7AC,7,1.0.0.787,1,83.33,0.372677996,Press SPACEBAR to begin.,1,96.3,0.188852575,0,92.31,143.861,-1895668197,Full,3.0.3.80,3.0.3.80,8/28/21,8/28/21 18:00,13:00:53,3.0.3.82,A,0,3,2,Keyboard,1,1,2,1,BlockProc,BlockList,1,1,1,1,Thank you!,Keyboard,Keyboard,No,BlockTrialProc,BlockTrialList,19,1,,2,0,4,x,0,0,TrialProc,TrialList,1,1,Keyboard,0,19,99256,513,1,518,99774,19,2,19,NonTarget,110
NB_update,3,1,C,"<?xml version=""1.0""?>\n<Clock xmlns:dt=""urn:schemas-microsoft-com:datatypes""><Description dt:dt=""string"">E-Prime Primary Realtime Clock</Description><StartTime><Timestamp dt:dt=""int"">0</Timestamp><DateUtc dt:dt=""string"">2021-08-28T18:00:53Z</DateUtc></StartTime><FrequencyChanges><FrequencyChange><Frequency dt:dt=""r8"">10000000</Frequency><Timestamp dt:dt=""r8"">18938907509598</Timestamp><Current dt:dt=""r8"">0</Current><DateUtc dt:dt=""string"">2021-08-28T18:00:53Z</DateUtc></FrequencyChange></FrequencyChanges></Clock>\n",1,SL003_1B7AC,7,1.0.0.787,1,83.33,0.372677996,Press SPACEBAR to begin.,1,96.3,0.188852575,0,92.31,143.861,-1895668197,Full,3.0.3.80,3.0.3.80,8/28/21,8/28/21 18:00,13:00:53,3.0.3.82,A,0,3,2,Keyboard,1,1,2,1,BlockProc,BlockList,1,1,1,1,Thank you!,Keyboard,Keyboard,No,BlockTrialProc,BlockTrialList,20,1,,2,0,4,s,0,0,TrialProc,TrialList,1,1,Keyboard,0,19,102290,514,1,1187,103477,20,2,20,NonTarget,110
NB_update,3,1,C,"<?xml version=""1.0""?>\n<Clock xmlns:dt=""urn:schemas-microsoft-com:datatypes""><Description dt:dt=""string"">E-Prime Primary Realtime Clock</Description><StartTime><Timestamp dt:dt=""int"">0</Timestamp><DateUtc dt:dt=""string"">2021-08-28T18:00:53Z</DateUtc></StartTime><FrequencyChanges><FrequencyChange><Frequency dt:dt=""r8"">10000000</Frequency><Timestamp dt:dt=""r8"">18938907509598</Timestamp><Current dt:dt=""r8"">0</Current><DateUtc dt:dt=""string"">2021-08-28T18:00:53Z</DateUtc></FrequencyChange></FrequencyChanges></Clock>\n",1,SL003_1B7AC,7,1.0.0.787,1,83.33,0.372677996,Press SPACEBAR to begin.,1,96.3,0.188852575,0,92.31,143.861,-1895668197,Full,3.0.3.80,3.0.3.80,8/28/21,8/28/21 18:00,13:00:53,3.0.3.82,A,0,3,2,Keyboard,1,1,2,1,BlockProc,BlockList,1,1,1,1,Thank you!,Keyboard,Keyboard,No,BlockTrialProc,BlockTrialList,21,1,,2,0,4,c,0,0,TrialProc,TrialList,1,1,Keyboard,0,19,105325,514,1,369,105694,21,2,21,NonTarget,113
NB_update,3,1,C,"<?xml version=""1.0""?>\n<Clock xmlns:dt=""urn:schemas-microsoft-com:datatypes""><Description dt:dt=""string"">E-Prime Primary Realtime Clock</Description><StartTime><Timestamp dt:dt=""int"">0</Timestamp><DateUtc dt:dt=""string"">2021-08-28T18:00:53Z</DateUtc></StartTime><FrequencyChanges><FrequencyChange><Frequency dt:dt=""r8"">10000000</Frequency><Timestamp dt:dt=""r8"">18938907509598</Timestamp><Current dt:dt=""r8"">0</Current><DateUtc dt:dt=""string"">2021-08-28T18:00:53Z</DateUtc></FrequencyChange></FrequencyChanges></Clock>\n",1,SL003_1B7AC,7,1.0.0.787,1,83.33,0.372677996,Press SPACEBAR to begin.,1,96.3,0.188852575,0,92.31,143.861,-1895668197,Full,3.0.3.80,3.0.3.80,8/28/21,8/28/21 18:00,13:00:53,3.0.3.82,A,0,3,2,Keyboard,1,1,2,1,BlockProc,BlockList,1,1,1,1,Thank you!,Keyboard,Keyboard,No,BlockTrialProc,BlockTrialList,22,1,,2,0,4,s,0,0,TrialProc,TrialList,1,1,Keyboard,0,18,108359,514,1,618,108977,22,2,22,NonTarget,112
NB_update,3,1,C,"<?xml version=""1.0""?>\n<Clock xmlns:dt=""urn:schemas-microsoft-com:datatypes""><Description dt:dt=""string"">E-Prime Primary Realtime Clock</Description><StartTime><Timestamp dt:dt=""int"">0</Timestamp><DateUtc dt:dt=""string"">2021-08-28T18:00:53Z</DateUtc></StartTime><FrequencyChanges><FrequencyChange><Frequency dt:dt=""r8"">10000000</Frequency><Timestamp dt:dt=""r8"">18938907509598</Timestamp><Current dt:dt=""r8"">0</Current><DateUtc dt:dt=""string"">2021-08-28T18:00:53Z</DateUtc></FrequencyChange></FrequencyChanges></Clock>\n",1,SL003_1B7AC,7,1.0.0.787,1,83.33,0.372677996,Press SPACEBAR to begin.,1,96.3,0.188852575,0,92.31,143.861,-1895668197,Full,3.0.3.80,3.0.3.80,8/28/21,8/28/21 18:00,13:00:53,3.0.3.82,A,0,3,2,Keyboard,1,1,2,1,BlockProc,BlockList,1,1,1,1,Thank you!,Keyboard,Keyboard,No,BlockTrialProc,BlockTrialList,23,1,,2,0,4,k,0,0,TrialProc,TrialList,1,1,Keyboard,0,19,111394,514,1,392,111786,23,2,23,NonTarget,110
NB_update,3,1,C,"<?xml version=""1.0""?>\n<Clock xmlns:dt=""urn:schemas-microsoft-com:datatypes""><Description dt:dt=""string"">E-Prime Primary Realtime Clock</Description><StartTime><Timestamp dt:dt=""int"">0</Timestamp><DateUtc dt:dt=""string"">2021-08-28T18:00:53Z</DateUtc></StartTime><FrequencyChanges><FrequencyChange><Frequency dt:dt=""r8"">10000000</Frequency><Timestamp dt:dt=""r8"">18938907509598</Timestamp><Current dt:dt=""r8"">0</Current><DateUtc dt:dt=""string"">2021-08-28T18:00:53Z</DateUtc></FrequencyChange></FrequencyChanges></Clock>\n",1,SL003_1B7AC,7,1.0.0.787,1,83.33,0.372677996,Press SPACEBAR to begin.,1,96.3,0.188852575,0,92.31,143.861,-1895668197,Full,3.0.3.80,3.0.3.80,8/28/21,8/28/21 18:00,13:00:53,3.0.3.82,A,0,3,2,Keyboard,1,1,2,1,BlockProc,BlockList,1,1,1,1,Thank you!,Keyboard,Keyboard,No,BlockTrialProc,BlockTrialList,24,1,,2,0,4,c,0,0,TrialProc,TrialList,1,1,Keyboard,0,19,114429,513,1,549,114978,24,2,24,NonTarget,113
NB_update,3,1,C,"<?xml version=""1.0""?>\n<Clock xmlns:dt=""urn:schemas-microsoft-com:datatypes""><Description dt:dt=""string"">E-Prime Primary Realtime Clock</Description><StartTime><Timestamp dt:dt=""int"">0</Timestamp><DateUtc dt:dt=""string"">2021-08-28T18:00:53Z</DateUtc></StartTime><FrequencyChanges><FrequencyChange><Frequency dt:dt=""r8"">10000000</Frequency><Timestamp dt:dt=""r8"">18938907509598</Timestamp><Current dt:dt=""r8"">0</Current><DateUtc dt:dt=""string"">2021-08-28T18:00:53Z</DateUtc></FrequencyChange></FrequencyChanges></Clock>\n",1,SL003_1B7AC,7,1.0.0.787,1,83.33,0.372677996,Press SPACEBAR to begin.,1,96.3,0.188852575,0,92.31,143.861,-1895668197,Full,3.0.3.80,3.0.3.80,8/28/21,8/28/21 18:00,13:00:53,3.0.3.82,A,0,3,2,Keyboard,1,1,2,1,BlockProc,BlockList,1,1,1,1,Thank you!,Keyboard,Keyboard,No,BlockTrialProc,BlockTrialList,25,1,,2,0,4,p,0,0,TrialProc,TrialList,1,1,Keyboard,0,19,117463,514,1,439,117902,25,2,25,NonTarget,110
NB_update,3,1,C,"<?xml version=""1.0""?>\n<Clock xmlns:dt=""urn:schemas-microsoft-com:datatypes""><Description dt:dt=""string"">E-Prime Primary Realtime Clock</Description><StartTime><Timestamp dt:dt=""int"">0</Timestamp><DateUtc dt:dt=""string"">2021-08-28T18:00:53Z</DateUtc></StartTime><FrequencyChanges><FrequencyChange><Frequency dt:dt=""r8"">10000000</Frequency><Timestamp dt:dt=""r8"">18938907509598</Timestamp><Current dt:dt=""r8"">0</Current><DateUtc dt:dt=""string"">2021-08-28T18:00:53Z</DateUtc></FrequencyChange></FrequencyChanges></Clock>\n",1,SL003_1B7AC,7,1.0.0.787,1,83.33,0.372677996,Press SPACEBAR to begin.,1,96.3,0.188852575,0,92.31,143.861,-1895668197,Full,3.0.3.80,3.0.3.80,8/28/21,8/28/21 18:00,13:00:53,3.0.3.82,A,0,3,2,Keyboard,1,1,2,1,BlockProc,BlockList,1,1,1,1,Thank you!,Keyboard,Keyboard,No,BlockTrialProc,BlockTrialList,26,1,,2,0,4,R,0,0,TrialProc,TrialList,1,1,Keyboard,0,19,120498,514,1,417,120915,26,2,26,NonTarget,110
NB_update,3,1,C,"<?xml version=""1.0""?>\n<Clock xmlns:dt=""urn:schemas-microsoft-com:datatypes""><Description dt:dt=""string"">E-Prime Primary Realtime Clock</Description><StartTime><Timestamp dt:dt=""int"">0</Timestamp><DateUtc dt:dt=""string"">2021-08-28T18:00:53Z</DateUtc></StartTime><FrequencyChanges><FrequencyChange><Frequency dt:dt=""r8"">10000000</Frequency><Timestamp dt:dt=""r8"">18938907509598</Timestamp><Current dt:dt=""r8"">0</Current><DateUtc dt:dt=""string"">2021-08-28T18:00:53Z</DateUtc></FrequencyChange></FrequencyChanges></Clock>\n",1,SL003_1B7AC,7,1.0.0.787,1,83.33,0.372677996,Press SPACEBAR to begin.,1,96.3,0.188852575,0,92.31,143.861,-1895668197,Full,3.0.3.80,3.0.3.80,8/28/21,8/28/21 18:00,13:00:53,3.0.3.82,A,0,3,2,Keyboard,1,1,2,1,BlockProc,BlockList,1,1,1,1,Thank you!,Keyboard,Keyboard,No,BlockTrialProc,BlockTrialList,27,1,,2,0,4,t,0,0,TrialProc,TrialList,1,1,Keyboard,0,18,123532,514,1,623,124155,27,2,27,NonTarget,110
NB_update,3,1,C,"<?xml version=""1.0""?>\n<Clock xmlns:dt=""urn:schemas-microsoft-com:datatypes""><Description dt:dt=""string"">E-Prime Primary Realtime Clock</Description><StartTime><Timestamp dt:dt=""int"">0</Timestamp><DateUtc dt:dt=""string"">2021-08-28T18:00:53Z</DateUtc></StartTime><FrequencyChanges><FrequencyChange><Frequency dt:dt=""r8"">10000000</Frequency><Timestamp dt:dt=""r8"">18938907509598</Timestamp><Current dt:dt=""r8"">0</Current><DateUtc dt:dt=""string"">2021-08-28T18:00:53Z</DateUtc></FrequencyChange></FrequencyChanges></Clock>\n",1,SL003_1B7AC,7,1.0.0.787,1,83.33,0.372677996,Press SPACEBAR to begin.,1,96.3,0.188852575,0,92.31,143.861,-1895668197,Full,3.0.3.80,3.0.3.80,8/28/21,8/28/21 18:00,13:00:53,3.0.3.82,A,0,3,2,Keyboard,1,1,2,1,BlockProc,BlockList,1,1,1,1,Thank you!,Keyboard,Keyboard,No,BlockTrialProc,BlockTrialList,28,4,,2,0,1,T,0,0,TrialProc,TrialList,1,4,Keyboard,0,19,126567,514,4,894,127461,28,2,28,Target,440
NB_update,3,1,C,"<?xml version=""1.0""?>\n<Clock xmlns:dt=""urn:schemas-microsoft-com:datatypes""><Description dt:dt=""string"">E-Prime Primary Realtime Clock</Description><StartTime><Timestamp dt:dt=""int"">0</Timestamp><DateUtc dt:dt=""string"">2021-08-28T18:00:53Z</DateUtc></StartTime><FrequencyChanges><FrequencyChange><Frequency dt:dt=""r8"">10000000</Frequency><Timestamp dt:dt=""r8"">18938907509598</Timestamp><Current dt:dt=""r8"">0</Current><DateUtc dt:dt=""string"">2021-08-28T18:00:53Z</DateUtc></FrequencyChange></FrequencyChanges></Clock>\n",1,SL003_1B7AC,7,1.0.0.787,1,83.33,0.372677996,Press SPACEBAR to begin.,1,96.3,0.188852575,0,92.31,143.861,-1895668197,Full,3.0.3.80,3.0.3.80,8/28/21,8/28/21 18:00,13:00:53,3.0.3.82,A,0,3,2,Keyboard,1,1,2,1,BlockProc,BlockList,1,1,1,1,Thank you!,Keyboard,Keyboard,No,BlockTrialProc,BlockTrialList,29,4,,2,0,1,t,0,0,TrialProc,TrialList,1,4,Keyboard,0,19,129602,514,4,536,130138,29,2,29,Target,441
NB_update,3,1,C,"<?xml version=""1.0""?>\n<Clock xmlns:dt=""urn:schemas-microsoft-com:datatypes""><Description dt:dt=""string"">E-Prime Primary Realtime Clock</Description><StartTime><Timestamp dt:dt=""int"">0</Timestamp><DateUtc dt:dt=""string"">2021-08-28T18:00:53Z</DateUtc></StartTime><FrequencyChanges><FrequencyChange><Frequency dt:dt=""r8"">10000000</Frequency><Timestamp dt:dt=""r8"">18938907509598</Timestamp><Current dt:dt=""r8"">0</Current><DateUtc dt:dt=""string"">2021-08-28T18:00:53Z</DateUtc></FrequencyChange></FrequencyChanges></Clock>\n",1,SL003_1B7AC,7,1.0.0.787,1,83.33,0.372677996,Press SPACEBAR to begin.,1,96.3,0.188852575,0,92.31,143.861,-1895668197,Full,3.0.3.80,3.0.3.80,8/28/21,8/28/21 18:00,13:00:53,3.0.3.82,A,0,3,2,Keyboard,1,1,2,1,BlockProc,BlockList,1,1,1,1,Thank you!,Keyboard,Keyboard,No,BlockTrialProc,BlockTrialList,30,4,,2,0,1,t,0,0,TrialProc,TrialList,1,4,Keyboard,0,18,132636,514,4,302,132938,30,2,30,Target,441
NB_update,3,1,C,"<?xml version=""1.0""?>\n<Clock xmlns:dt=""urn:schemas-microsoft-com:datatypes""><Description dt:dt=""string"">E-Prime Primary Realtime Clock</Description><StartTime><Timestamp dt:dt=""int"">0</Timestamp><DateUtc dt:dt=""string"">2021-08-28T18:00:53Z</DateUtc></StartTime><FrequencyChanges><FrequencyChange><Frequency dt:dt=""r8"">10000000</Frequency><Timestamp dt:dt=""r8"">18938907509598</Timestamp><Current dt:dt=""r8"">0</Current><DateUtc dt:dt=""string"">2021-08-28T18:00:53Z</DateUtc></FrequencyChange></FrequencyChanges></Clock>\n",1,SL003_1B7AC,7,1.0.0.787,1,83.33,0.372677996,Press SPACEBAR to begin.,1,96.3,0.188852575,0,92.31,143.861,-1895668197,Full,3.0.3.80,3.0.3.80,8/28/21,8/28/21 18:00,13:00:53,3.0.3.82,A,0,3,2,Keyboard,1,1,2,1,BlockProc,BlockList,1,1,1,1,Thank you!,Keyboard,Keyboard,No,BlockTrialProc,BlockTrialList,31,1,,2,0,4,b,0,0,TrialProc,TrialList,1,1,Keyboard,0,19,135671,514,1,600,136271,31,2,31,NonTarget,110
NB_update,3,1,C,"<?xml version=""1.0""?>\n<Clock xmlns:dt=""urn:schemas-microsoft-com:datatypes""><Description dt:dt=""string"">E-Prime Primary Realtime Clock</Description><StartTime><Timestamp dt:dt=""int"">0</Timestamp><DateUtc dt:dt=""string"">2021-08-28T18:00:53Z</DateUtc></StartTime><FrequencyChanges><FrequencyChange><Frequency dt:dt=""r8"">10000000</Frequency><Timestamp dt:dt=""r8"">18938907509598</Timestamp><Current dt:dt=""r8"">0</Current><DateUtc dt:dt=""string"">2021-08-28T18:00:53Z</DateUtc></FrequencyChange></FrequencyChanges></Clock>\n",1,SL003_1B7AC,7,1.0.0.787,1,83.33,0.372677996,Press SPACEBAR to begin.,1,96.3,0.188852575,0,92.31,143.861,-1895668197,Full,3.0.3.80,3.0.3.80,8/28/21,8/28/21 18:00,13:00:53,3.0.3.82,A,0,3,2,Keyboard,1,1,2,1,BlockProc,BlockList,1,1,1,1,Thank you!,Keyboard,Keyboard,No,BlockTrialProc,BlockTrialList,32,4,,2,0,1,b,0,0,TrialProc,TrialList,1,4,Keyboard,0,19,138706,513,4,391,139097,32,2,32,Target,440
NB_update,3,1,C,"<?xml version=""1.0""?>\n<Clock xmlns:dt=""urn:schemas-microsoft-com:datatypes""><Description dt:dt=""string"">E-Prime Primary Realtime Clock</Description><StartTime><Timestamp dt:dt=""int"">0</Timestamp><DateUtc dt:dt=""string"">2021-08-28T18:00:53Z</DateUtc></StartTime><FrequencyChanges><FrequencyChange><Frequency dt:dt=""r8"">10000000</Frequency><Timestamp dt:dt=""r8"">18938907509598</Timestamp><Current dt:dt=""r8"">0</Current><DateUtc dt:dt=""string"">2021-08-28T18:00:53Z</DateUtc></FrequencyChange></FrequencyChanges></Clock>\n",1,SL003_1B7AC,7,1.0.0.787,1,83.33,0.372677996,Press SPACEBAR to begin.,1,96.3,0.188852575,0,92.31,143.861,-1895668197,Full,3.0.3.80,3.0.3.80,8/28/21,8/28/21 18:00,13:00:53,3.0.3.82,A,0,3,2,Keyboard,1,1,2,1,BlockProc,BlockList,1,1,1,1,Thank you!,Keyboard,Keyboard,No,BlockTrialProc,BlockTrialList,33,4,,2,0,1,B,0,0,TrialProc,TrialList,1,4,Keyboard,0,19,141740,514,4,725,142465,33,2,33,Target,441
NB_update,3,1,C,"<?xml version=""1.0""?>\n<Clock xmlns:dt=""urn:schemas-microsoft-com:datatypes""><Description dt:dt=""string"">E-Prime Primary Realtime Clock</Description><StartTime><Timestamp dt:dt=""int"">0</Timestamp><DateUtc dt:dt=""string"">2021-08-28T18:00:53Z</DateUtc></StartTime><FrequencyChanges><FrequencyChange><Frequency dt:dt=""r8"">10000000</Frequency><Timestamp dt:dt=""r8"">18938907509598</Timestamp><Current dt:dt=""r8"">0</Current><DateUtc dt:dt=""string"">2021-08-28T18:00:53Z</DateUtc></FrequencyChange></FrequencyChanges></Clock>\n",1,SL003_1B7AC,7,1.0.0.787,1,83.33,0.372677996,Press SPACEBAR to begin.,1,96.3,0.188852575,0,92.31,143.861,-1895668197,Full,3.0.3.80,3.0.3.80,8/28/21,8/28/21 18:00,13:00:53,3.0.3.82,A,0,3,2,Keyboard,1,1,2,1,BlockProc,BlockList,1,1,1,1,Thank you!,Keyboard,Keyboard,No,BlockTrialProc,BlockTrialList,34,1,,2,0,4,R,0,0,TrialProc,TrialList,1,1,Keyboard,0,19,144775,514,1,435,145210,34,2,34,NonTarget,110
NB_update,3,1,C,"<?xml version=""1.0""?>\n<Clock xmlns:dt=""urn:schemas-microsoft-com:datatypes""><Description dt:dt=""string"">E-Prime Primary Realtime Clock</Description><StartTime><Timestamp dt:dt=""int"">0</Timestamp><DateUtc dt:dt=""string"">2021-08-28T18:00:53Z</DateUtc></StartTime><FrequencyChanges><FrequencyChange><Frequency dt:dt=""r8"">10000000</Frequency><Timestamp dt:dt=""r8"">18938907509598</Timestamp><Current dt:dt=""r8"">0</Current><DateUtc dt:dt=""string"">2021-08-28T18:00:53Z</DateUtc></FrequencyChange></FrequencyChanges></Clock>\n",1,SL003_1B7AC,7,1.0.0.787,1,83.33,0.372677996,Press SPACEBAR to begin.,1,96.3,0.188852575,0,92.31,143.861,-1895668197,Full,3.0.3.80,3.0.3.80,8/28/21,8/28/21 18:00,13:00:53,3.0.3.82,A,0,3,2,Keyboard,1,1,2,1,BlockProc,BlockList,1,1,1,1,Thank you!,Keyboard,Keyboard,No,BlockTrialProc,BlockTrialList,35,1,,2,0,4,b,1,0,TrialProc,TrialList,0,1,Keyboard,0,18,147809,514,4,510,148319,35,2,35,NonTarget,112
NB_update,3,1,C,"<?xml version=""1.0""?>\n<Clock xmlns:dt=""urn:schemas-microsoft-com:datatypes""><Description dt:dt=""string"">E-Prime Primary Realtime Clock</Description><StartTime><Timestamp dt:dt=""int"">0</Timestamp><DateUtc dt:dt=""string"">2021-08-28T18:00:53Z</DateUtc></StartTime><FrequencyChanges><FrequencyChange><Frequency dt:dt=""r8"">10000000</Frequency><Timestamp dt:dt=""r8"">18938907509598</Timestamp><Current dt:dt=""r8"">0</Current><DateUtc dt:dt=""string"">2021-08-28T18:00:53Z</DateUtc></FrequencyChange></FrequencyChanges></Clock>\n",1,SL003_1B7AC,7,1.0.0.787,1,83.33,0.372677996,Press SPACEBAR to begin.,1,96.3,0.188852575,0,92.31,143.861,-1895668197,Full,3.0.3.80,3.0.3.80,8/28/21,8/28/21 18:00,13:00:53,3.0.3.82,A,0,3,2,Keyboard,1,1,2,1,BlockProc,BlockList,1,1,1,1,Thank you!,Keyboard,Keyboard,No,BlockTrialProc,BlockTrialList,36,4,,2,0,1,b,1,0,TrialProc,TrialList,1,4,Keyboard,0,19,150844,514,4,594,151438,36,2,36,Target,440
NB_update,3,1,C,"<?xml version=""1.0""?>\n<Clock xmlns:dt=""urn:schemas-microsoft-com:datatypes""><Description dt:dt=""string"">E-Prime Primary Realtime Clock</Description><StartTime><Timestamp dt:dt=""int"">0</Timestamp><DateUtc dt:dt=""string"">2021-08-28T18:00:53Z</DateUtc></StartTime><FrequencyChanges><FrequencyChange><Frequency dt:dt=""r8"">10000000</Frequency><Timestamp dt:dt=""r8"">18938907509598</Timestamp><Current dt:dt=""r8"">0</Current><DateUtc dt:dt=""string"">2021-08-28T18:00:53Z</DateUtc></FrequencyChange></FrequencyChanges></Clock>\n",1,SL003_1B7AC,7,1.0.0.787,1,83.33,0.372677996,Press SPACEBAR to begin.,1,96.3,0.188852575,0,92.31,143.861,-1895668197,Full,3.0.3.80,3.0.3.80,8/28/21,8/28/21 18:00,13:00:53,3.0.3.82,A,0,3,2,Keyboard,1,1,2,1,BlockProc,BlockList,1,1,1,1,Thank you!,Keyboard,Keyboard,No,BlockTrialProc,BlockTrialList,37,4,,2,0,1,B,1,0,TrialProc,TrialList,1,4,Keyboard,0,19,153879,513,4,485,154364,37,2,37,Target,441
NB_update,3,1,C,"<?xml version=""1.0""?>\n<Clock xmlns:dt=""urn:schemas-microsoft-com:datatypes""><Description dt:dt=""string"">E-Prime Primary Realtime Clock</Description><StartTime><Timestamp dt:dt=""int"">0</Timestamp><DateUtc dt:dt=""string"">2021-08-28T18:00:53Z</DateUtc></StartTime><FrequencyChanges><FrequencyChange><Frequency dt:dt=""r8"">10000000</Frequency><Timestamp dt:dt=""r8"">18938907509598</Timestamp><Current dt:dt=""r8"">0</Current><DateUtc dt:dt=""string"">2021-08-28T18:00:53Z</DateUtc></FrequencyChange></FrequencyChanges></Clock>\n",1,SL003_1B7AC,7,1.0.0.787,1,83.33,0.372677996,Press SPACEBAR to begin.,1,96.3,0.188852575,0,92.31,143.861,-1895668197,Full,3.0.3.80,3.0.3.80,8/28/21,8/28/21 18:00,13:00:53,3.0.3.82,A,0,3,2,Keyboard,1,1,2,1,BlockProc,BlockList,1,1,1,1,Thank you!,Keyboard,Keyboard,No,BlockTrialProc,BlockTrialList,38,1,,2,0,4,S,1,0,TrialProc,TrialList,1,1,Keyboard,0,19,156913,514,1,423,157336,38,2,38,NonTarget,110
NB_update,3,1,C,"<?xml version=""1.0""?>\n<Clock xmlns:dt=""urn:schemas-microsoft-com:datatypes""><Description dt:dt=""string"">E-Prime Primary Realtime Clock</Description><StartTime><Timestamp dt:dt=""int"">0</Timestamp><DateUtc dt:dt=""string"">2021-08-28T18:00:53Z</DateUtc></StartTime><FrequencyChanges><FrequencyChange><Frequency dt:dt=""r8"">10000000</Frequency><Timestamp dt:dt=""r8"">18938907509598</Timestamp><Current dt:dt=""r8"">0</Current><DateUtc dt:dt=""string"">2021-08-28T18:00:53Z</DateUtc></FrequencyChange></FrequencyChanges></Clock>\n",1,SL003_1B7AC,7,1.0.0.787,1,83.33,0.372677996,Press SPACEBAR to begin.,1,96.3,0.188852575,0,92.31,143.861,-1895668197,Full,3.0.3.80,3.0.3.80,8/28/21,8/28/21 18:00,13:00:53,3.0.3.82,A,0,3,2,Keyboard,1,1,2,1,BlockProc,BlockList,1,1,1,1,Thank you!,Keyboard,Keyboard,No,BlockTrialProc,BlockTrialList,39,1,,2,0,4,P,1,0,TrialProc,TrialList,1,1,Keyboard,0,19,159948,514,1,392,160340,39,2,39,NonTarget,110