C:\Users\pindus\Desktop\SITLess_Data\EXP2\COG\DURING\2B\SL003\SL003_2SRT7D4A.edat3,,,,,,,,,,,,,,,,,,,,,,,,,,,,,,,,,,,,,,,,,,,,,,,,,,,,,,,,,,,,,,,,,,,,,,,,,
ExperimentName,Subject,Session,BlockID,Clock.Information,CogSeq,Condition,DataFile.Basename,Day,ExperimentVersion,Group,Hits.Mean,Hits.StdDevP,NB,NonTargetAcc.Mean,NonTargetAcc.StdDevP,OnebackLureCounter,OverallACC,Participant.RefreshRate,RandomSeed,RuntimeCapabilities,RuntimeVersion,RuntimeVersionExpected,SessionDate,SessionStartDateTimeUtc,SessionTime,StudioVersion,TIMING,Total_Ommision_Error,TotalComissionErrors,TwobackLureCounter,Welcome.DEVICE,Block,BlockList,BlockList.Cycle,BlockList.Sample,Procedure[Block],Running[Block],Trial,BlockTrialList,BlockTrialList.Cycle,BlockTrialList.Sample,BreakMessage,BreakMessage.DEVICE,GetReady.DEVICE,Practice,Procedure[Trial],Running[Trial],SubTrial,CorrectResp,CurrentLetters,HitsComissionErrors,HitsOmissions,IncorrectResp,Letter,NonTargetComissionErrors,NonTargetOmissions,Procedure[SubTrial],Running[SubTrial],Stimulus.ACC,Stimulus.CRESP,Stimulus.DEVICE,Stimulus.DurationError,Stimulus.OnsetDelay,Stimulus.OnsetTime,Stimulus.OnsetToOnsetTime,Stimulus.RESP,Stimulus.RT,Stimulus.RTTime,TrialList,TrialList.Cycle,TrialList.Sample,TrialType,Type
NB_DURING,3,1,A,"<?xml version=""1.0""?>\n<Clock xmlns:dt=""urn:schemas-microsoft-com:datatypes""><Description dt:dt=""string"">E-Prime Primary Realtime Clock</Description><StartTime><Timestamp dt:dt=""int"">0</Timestamp><DateUtc dt:dt=""string"">2021-08-28T16:09:22Z</DateUtc></StartTime><FrequencyChanges><FrequencyChange><Frequency dt:dt=""r8"">2835936</Frequency><Timestamp dt:dt=""r8"">11505093997433</Timestamp><Current dt:dt=""r8"">0</Current><DateUtc dt:dt=""string"">2021-08-28T16:09:22Z</DateUtc></FrequencyChange></FrequencyChanges></Clock>\n",SRT,2,SL003_2SRT7D4A,7,1.0.0.778,1,83.33,0.372677996,2,100,0,1,94.87,59.986,-1122802821,Full,3.0.3.80,3.0.3.80,8/28/21,8/28/21 16:09,11:09:22,3.0.3.82,D4,0,2,0,Keyboard,1,1,2,1,BlockProc,BlockList,1,1,1,1,Thank you!,Keyboard,Keyboard,No,BlockTrialProc,BlockTrialList,1,1,,0,0,4,b,0,0,TrialProc,TrialList,1,1,Keyboard,0,31,41655,517,1,550,42205,1,2,1,NonTarget,11
NB_DURING,3,1,A,"<?xml version=""1.0""?>\n<Clock xmlns:dt=""urn:schemas-microsoft-com:datatypes""><Description dt:dt=""string"">E-Prime Primary Realtime Clock</Description><StartTime><Timestamp dt:dt=""int"">0</Timestamp><DateUtc dt:dt=""string"">2021-08-28T16:09:22Z</DateUtc></StartTime><FrequencyChanges><FrequencyChange><Frequency dt:dt=""r8"">2835936</Frequency><Timestamp dt:dt=""r8"">11505093997433</Timestamp><Current dt:dt=""r8"">0</Current><DateUtc dt:dt=""string"">2021-08-28T16:09:22Z</DateUtc></FrequencyChange></FrequencyChanges></Clock>\n",SRT,2,SL003_2SRT7D4A,7,1.0.0.778,1,83.33,0.372677996,2,100,0,1,94.87,59.986,-1122802821,Full,3.0.3.80,3.0.3.80,8/28/21,8/28/21 16:09,11:09:22,3.0.3.82,D4,0,2,0,Keyboard,1,1,2,1,BlockProc,BlockList,1,1,1,1,Thank you!,Keyboard,Keyboard,No,BlockTrialProc,BlockTrialList,2,1,,0,0,4,s,0,0,TrialProc,TrialList,1,1,Keyboard,0,14,44688,517,1,351,45039,2,2,2,NonTarget,11
NB_DURING,3,1,A,"<?xml version=""1.0""?>\n<Clock xmlns:dt=""urn:schemas-microsoft-com:datatypes""><Description dt:dt=""string"">E-Prime Primary Realtime Clock</Description><StartTime><Timestamp dt:dt=""int"">0</Timestamp><DateUtc dt:dt=""string"">2021-08-28T16:09:22Z</DateUtc></StartTime><FrequencyChanges><FrequencyChange><Frequency dt:dt=""r8"">2835936</Frequency><Timestamp dt:dt=""r8"">11505093997433</Timestamp><Current dt:dt=""r8"">0</Current><DateUtc dt:dt=""string"">2021-08-28T16:09:22Z</DateUtc></FrequencyChange></FrequencyChanges></Clock>\n",SRT,2,SL003_2SRT7D4A,7,1.0.0.778,1,83.33,0.372677996,2,100,0,1,94.87,59.986,-1122802821,Full,3.0.3.80,3.0.3.80,8/28/21,8/28/21 16:09,11:09:22,3.0.3.82,D4,0,2,0,Keyboard,1,1,2,1,BlockProc,BlockList,1,1,1,1,Thank you!,Keyboard,Keyboard,No,BlockTrialProc,BlockTrialList,3,1,,0,0,4,T,0,0,TrialProc,TrialList,1,1,Keyboard,0,15,47722,516,1,455,48177,3,2,3,NonTarget,11
NB_DURING,3,1,A,"<?xml version=""1.0""?>\n<Clock xmlns:dt=""urn:schemas-microsoft-com:datatypes""><Description dt:dt=""string"">E-Prime Primary Realtime Clock</Description><StartTime><Timestamp dt:dt=""int"">0</Timestamp><DateUtc dt:dt=""string"">2021-08-28T16:09:22Z</DateUtc></StartTime><FrequencyChanges><FrequencyChange><Frequency dt:dt=""r8"">2835936</Frequency><Timestamp dt:dt=""r8"">11505093997433</Timestamp><Current dt:dt=""r8"">0</Current><DateUtc dt:dt=""string"">2021-08-28T16:09:22Z</DateUtc></FrequencyChange></FrequencyChanges></Clock>\n",SRT,2,SL003_2SRT7D4A,7,1.0.0.778,1,83.33,0.372677996,2,100,0,1,94.87,59.986,-1122802821,Full,3.0.3.80,3.0.3.80,8/28/21,8/28/21 16:09,11:09:22,3.0.3.82,D4,0,2,0,Keyboard,1,1,2,1,BlockProc,BlockList,1,1,1,1,Thank you!,Keyboard,Keyboard,No,BlockTrialProc,BlockTrialList,4,1,,0,0,4,R,0,0,TrialProc,TrialList,1,1,Keyboard,0,15,50755,517,1,367,51122,4,2,4,NonTarget,11
NB_DURING,3,1,A,"<?xml version=""1.0""?>\n<Clock xmlns:dt=""urn:schemas-microsoft-com:datatypes""><Description dt:dt=""string"">E-Prime Primary Realtime Clock</Description><StartTime><Timestamp dt:dt=""int"">0</Timestamp><DateUtc dt:dt=""string"">2021-08-28T16:09:22Z</DateUtc></StartTime><FrequencyChanges><FrequencyChange><Frequency dt:dt=""r8"">2835936</Frequency><Timestamp dt:dt=""r8"">11505093997433</Timestamp><Current dt:dt=""r8"">0</Current><DateUtc dt:dt=""string"">2021-08-28T16:09:22Z</DateUtc></FrequencyChange></FrequencyChanges></Clock>\n",SRT,2,SL003_2SRT7D4A,7,1.0.0.778,1,83.33,0.372677996,2,100,0,1,94.87,59.986,-1122802821,Full,3.0.3.80,3.0.3.80,8/28/21,8/28/21 16:09,11:09:22,3.0.3.82,D4,0,2,0,Keyboard,1,1,2,1,BlockProc,BlockList,1,1,1,1,Thank you!,Keyboard,Keyboard,No,BlockTrialProc,BlockTrialList,5,1,,0,0,4,x,0,0,TrialProc,TrialList,1,1,Keyboard,0,14,53788,517,1,411,54199,5,2,5,NonTarget,11
NB_DURING,3,1,A,"<?xml version=""1.0""?>\n<Clock xmlns:dt=""urn:schemas-microsoft-com:datatypes""><Description dt:dt=""string"">E-Prime Primary Realtime Clock</Description><StartTime><Timestamp dt:dt=""int"">0</Timestamp><DateUtc dt:dt=""string"">2021-08-28T16:09:22Z</DateUtc></StartTime><FrequencyChanges><FrequencyChange><Frequency dt:dt=""r8"">2835936</Frequency><Timestamp dt:dt=""r8"">11505093997433</Timestamp><Current dt:dt=""r8"">0</Current><DateUtc dt:dt=""string"">2021-08-28T16:09:22Z</DateUtc></FrequencyChange></FrequencyChanges></Clock>\n",SRT,2,SL003_2SRT7D4A,7,1.0.0.778,1,83.33,0.372677996,2,100,0,1,94.87,59.986,-1122802821,Full,3.0.3.80,3.0.3.80,8/28/21,8/28/21 16:09,11:09:22,3.0.3.82,D4,0,2,0,Keyboard,1,1,2,1,BlockProc,BlockList,1,1,1,1,Thank you!,Keyboard,Keyboard,No,BlockTrialProc,BlockTrialList,6,4,,1,0,1,R,0,0,TrialProc,TrialList,0,4,Keyboard,0,15,56822,516,1,347,57169,6,2,6,Target,44
NB_DURING,3,1,A,"<?xml version=""1.0""?>\n<Clock xmlns:dt=""urn:schemas-microsoft-com:datatypes""><Description dt:dt=""string"">E-Prime Primary Realtime Clock</Description><StartTime><Timestamp dt:dt=""int"">0</Timestamp><DateUtc dt:dt=""string"">2021-08-28T16:09:22Z</DateUtc></StartTime><FrequencyChanges><FrequencyChange><Frequency dt:dt=""r8"">2835936</Frequency><Timestamp dt:dt=""r8"">11505093997433</Timestamp><Current dt:dt=""r8"">0</Current><DateUtc dt:dt=""string"">2021-08-28T16:09:22Z</DateUtc></FrequencyChange></FrequencyChanges></Clock>\n",SRT,2,SL003_2SRT7D4A,7,1.0.0.778,1,83.33,0.372677996,2,100,0,1,94.87,59.986,-1122802821,Full,3.0.3.80,3.0.3.80,8/28/21,8/28/21 16:09,11:09:22,3.0.3.82,D4,0,2,0,Keyboard,1,1,2,1,BlockProc,BlockList,1,1,1,1,Thank you!,Keyboard,Keyboard,No,BlockTrialProc,BlockTrialList,7,1,,1,0,4,b,0,0,TrialProc,TrialList,1,1,Keyboard,0,15,59855,517,1,522,60377,7,2,7,NonTarget,11
NB_DURING,3,1,A,"<?xml version=""1.0""?>\n<Clock xmlns:dt=""urn:schemas-microsoft-com:datatypes""><Description dt:dt=""string"">E-Prime Primary Realtime Clock</Description><StartTime><Timestamp dt:dt=""int"">0</Timestamp><DateUtc dt:dt=""string"">2021-08-28T16:09:22Z</DateUtc></StartTime><FrequencyChanges><FrequencyChange><Frequency dt:dt=""r8"">2835936</Frequency><Timestamp dt:dt=""r8"">11505093997433</Timestamp><Current dt:dt=""r8"">0</Current><DateUtc dt:dt=""string"">2021-08-28T16:09:22Z</DateUtc></FrequencyChange></FrequencyChanges></Clock>\n",SRT,2,SL003_2SRT7D4A,7,1.0.0.778,1,83.33,0.372677996,2,100,0,1,94.87,59.986,-1122802821,Full,3.0.3.80,3.0.3.80,8/28/21,8/28/21 16:09,11:09:22,3.0.3.82,D4,0,2,0,Keyboard,1,1,2,1,BlockProc,BlockList,1,1,1,1,Thank you!,Keyboard,Keyboard,No,BlockTrialProc,BlockTrialList,8,1,,1,0,4,f,0,0,TrialProc,TrialList,1,1,Keyboard,0,14,62888,517,1,447,63335,8,2,8,NonTarget,11
NB_DURING,3,1,A,"<?xml version=""1.0""?>\n<Clock xmlns:dt=""urn:schemas-microsoft-com:datatypes""><Description dt:dt=""string"">E-Prime Primary Realtime Clock</Description><StartTime><Timestamp dt:dt=""int"">0</Timestamp><DateUtc dt:dt=""string"">2021-08-28T16:09:22Z</DateUtc></StartTime><FrequencyChanges><FrequencyChange><Frequency dt:dt=""r8"">2835936</Frequency><Timestamp dt:dt=""r8"">11505093997433</Timestamp><Current dt:dt=""r8"">0</Current><DateUtc dt:dt=""string"">2021-08-28T16:09:22Z</DateUtc></FrequencyChange></FrequencyChanges></Clock>\n",SRT,2,SL003_2SRT7D4A,7,1.0.0.778,1,83.33,0.372677996,2,100,0,1,94.87,59.986,-1122802821,Full,3.0.3.80,3.0.3.80,8/28/21,8/28/21 16:09,11:09:22,3.0.3.82,D4,0,2,0,Keyboard,1,1,2,1,BlockProc,BlockList,1,1,1,1,Thank you!,Keyboard,Keyboard,No,BlockTrialProc,BlockTrialList,9,1,,1,0,4,k,0,0,TrialProc,TrialList,1,1,Keyboard,0,15,65922,517,1,529,66451,9,2,9,NonTarget,11
NB_DURING,3,1,A,"<?xml version=""1.0""?>\n<Clock xmlns:dt=""urn:schemas-microsoft-com:datatypes""><Description dt:dt=""string"">E-Prime Primary Realtime Clock</Description><StartTime><Timestamp dt:dt=""int"">0</Timestamp><DateUtc dt:dt=""string"">2021-08-28T16:09:22Z</DateUtc></StartTime><FrequencyChanges><FrequencyChange><Frequency dt:dt=""r8"">2835936</Frequency><Timestamp dt:dt=""r8"">11505093997433</Timestamp><Current dt:dt=""r8"">0</Current><DateUtc dt:dt=""string"">2021-08-28T16:09:22Z</DateUtc></FrequencyChange></FrequencyChanges></Clock>\n",SRT,2,SL003_2SRT7D4A,7,1.0.0.778,1,83.33,0.372677996,2,100,0,1,94.87,59.986,-1122802821,Full,3.0.3.80,3.0.3.80,8/28/21,8/28/21 16:09,11:09:22,3.0.3.82,D4,0,2,0,Keyboard,1,1,2,1,BlockProc,BlockList,1,1,1,1,Thank you!,Keyboard,Keyboard,No,BlockTrialProc,BlockTrialList,10,4,,1,0,1,f,0,0,TrialProc,TrialList,1,4,Keyboard,0,14,68955,517,4,562,69517,10,2,10,Target,44
NB_DURING,3,1,A,"<?xml version=""1.0""?>\n<Clock xmlns:dt=""urn:schemas-microsoft-com:datatypes""><Description dt:dt=""string"">E-Prime Primary Realtime Clock</Description><StartTime><Timestamp dt:dt=""int"">0</Timestamp><DateUtc dt:dt=""string"">2021-08-28T16:09:22Z</DateUtc></StartTime><FrequencyChanges><FrequencyChange><Frequency dt:dt=""r8"">2835936</Frequency><Timestamp dt:dt=""r8"">11505093997433</Timestamp><Current dt:dt=""r8"">0</Current><DateUtc dt:dt=""string"">2021-08-28T16:09:22Z</DateUtc></FrequencyChange></FrequencyChanges></Clock>\n",SRT,2,SL003_2SRT7D4A,7,1.0.0.778,1,83.33,0.372677996,2,100,0,1,94.87,59.986,-1122802821,Full,3.0.3.80,3.0.3.80,8/28/21,8/28/21 16:09,11:09:22,3.0.3.82,D4,0,2,0,Keyboard,1,1,2,1,BlockProc,BlockList,1,1,1,1,Thank you!,Keyboard,Keyboard,No,BlockTrialProc,BlockTrialList,11,1,,1,0,4,c,0,0,TrialProc,TrialList,1,1,Keyboard,0,15,71989,516,1,407,72396,11,2,11,NonTarget,11
NB_DURING,3,1,A,"<?xml version=""1.0""?>\n<Clock xmlns:dt=""urn:schemas-microsoft-com:datatypes""><Description dt:dt=""string"">E-Prime Primary Realtime Clock</Description><StartTime><Timestamp dt:dt=""int"">0</Timestamp><DateUtc dt:dt=""string"">2021-08-28T16:09:22Z</DateUtc></StartTime><FrequencyChanges><FrequencyChange><Frequency dt:dt=""r8"">2835936</Frequency><Timestamp dt:dt=""r8"">11505093997433</Timestamp><Current dt:dt=""r8"">0</Current><DateUtc dt:dt=""string"">2021-08-28T16:09:22Z</DateUtc></FrequencyChange></FrequencyChanges></Clock>\n",SRT,2,SL003_2SRT7D4A,7,1.0.0.778,1,83.33,0.372677996,2,100,0,1,94.87,59.986,-1122802821,Full,3.0.3.80,3.0.3.80,8/28/21,8/28/21 16:09,11:09:22,3.0.3.82,D4,0,2,0,Keyboard,1,1,2,1,BlockProc,BlockList,1,1,1,1,Thank you!,Keyboard,Keyboard,No,BlockTrialProc,BlockTrialList,12,1,,1,0,4,K,0,0,TrialProc,TrialList,1,1,Keyboard,0,15,75022,517,1,883,75905,12,2,12,NonTarget,11
NB_DURING,3,1,A,"<?xml version=""1.0""?>\n<Clock xmlns:dt=""urn:schemas-microsoft-com:datatypes""><Description dt:dt=""string"">E-Prime Primary Realtime Clock</Description><StartTime><Timestamp dt:dt=""int"">0</Timestamp><DateUtc dt:dt=""string"">2021-08-28T16:09:22Z</DateUtc></StartTime><FrequencyChanges><FrequencyChange><Frequency dt:dt=""r8"">2835936</Frequency><Timestamp dt:dt=""r8"">11505093997433</Timestamp><Current dt:dt=""r8"">0</Current><DateUtc dt:dt=""string"">2021-08-28T16:09:22Z</DateUtc></FrequencyChange></FrequencyChanges></Clock>\n",SRT,2,SL003_2SRT7D4A,7,1.0.0.778,1,83.33,0.372677996,2,100,0,1,94.87,59.986,-1122802821,Full,3.0.3.80,3.0.3.80,8/28/21,8/28/21 16:09,11:09:22,3.0.3.82,D4,0,2,0,Keyboard,1,1,2,1,BlockProc,BlockList,1,1,1,1,Thank you!,Keyboard,Keyboard,No,BlockTrialProc,BlockTrialList,13,1,,1,0,4,x,0,0,TrialProc,TrialList,1,1,Keyboard,0,14,78055,517,1,586,78641,13,2,13,NonTarget,11
NB_DURING,3,1,A,"<?xml version=""1.0""?>\n<Clock xmlns:dt=""urn:schemas-microsoft-com:datatypes""><Description dt:dt=""string"">E-Prime Primary Realtime Clock</Description><StartTime><Timestamp dt:dt=""int"">0</Timestamp><DateUtc dt:dt=""string"">2021-08-28T16:09:22Z</DateUtc></StartTime><FrequencyChanges><FrequencyChange><Frequency dt:dt=""r8"">2835936</Frequency><Timestamp dt:dt=""r8"">11505093997433</Timestamp><Current dt:dt=""r8"">0</Current><DateUtc dt:dt=""string"">2021-08-28T16:09:22Z</DateUtc></FrequencyChange></FrequencyChanges></Clock>\n",SRT,2,SL003_2SRT7D4A,7,1.0.0.778,1,83.33,0.372677996,2,100,0,1,94.87,59.986,-1122802821,Full,3.0.3.80,3.0.3.80,8/28/21,8/28/21 16:09,11:09:22,3.0.3.82,D4,0,2,0,Keyboard,1,1,2,1,BlockProc,BlockList,1,1,1,1,Thank you!,Keyboard,Keyboard,No,BlockTrialProc,BlockTrialList,14,4,,1,0,1,k,0,0,TrialProc,TrialList,1,4,Keyboard,0,15,81089,516,4,515,81604,14,2,14,Target,44
NB_DURING,3,1,A,"<?xml version=""1.0""?>\n<Clock xmlns:dt=""urn:schemas-microsoft-com:datatypes""><Description dt:dt=""string"">E-Prime Primary Realtime Clock</Description><StartTime><Timestamp dt:dt=""int"">0</Timestamp><DateUtc dt:dt=""string"">2021-08-28T16:09:22Z</DateUtc></StartTime><FrequencyChanges><FrequencyChange><Frequency dt:dt=""r8"">2835936</Frequency><Timestamp dt:dt=""r8"">11505093997433</Timestamp><Current dt:dt=""r8"">0</Current><DateUtc dt:dt=""string"">2021-08-28T16:09:22Z</DateUtc></FrequencyChange></FrequencyChanges></Clock>\n",SRT,2,SL003_2SRT7D4A,7,1.0.0.778,1,83.33,0.372677996,2,100,0,1,94.87,59.986,-1122802821,Full,3.0.3.80,3.0.3.80,8/28/21,8/28/21 16:09,11:09:22,3.0.3.82,D4,0,2,0,Keyboard,1,1,2,1,BlockProc,BlockList,1,1,1,1,Thank you!,Keyboard,Keyboard,No,BlockTrialProc,BlockTrialList,15,1,,1,0,4,P,0,0,TrialProc,TrialList,1,1,Keyboard,0,15,84122,517,1,363,84485,15,2,15,NonTarget,11
NB_DURING,3,1,A,"<?xml version=""1.0""?>\n<Clock xmlns:dt=""urn:schemas-microsoft-com:datatypes""><Description dt:dt=""string"">E-Prime Primary Realtime Clock</Description><StartTime><Timestamp dt:dt=""int"">0</Timestamp><DateUtc dt:dt=""string"">2021-08-28T16:09:22Z</DateUtc></StartTime><FrequencyChanges><FrequencyChange><Frequency dt:dt=""r8"">2835936</Frequency><Timestamp dt:dt=""r8"">11505093997433</Timestamp><Current dt:dt=""r8"">0</Current><DateUtc dt:dt=""string"">2021-08-28T16:09:22Z</DateUtc></FrequencyChange></FrequencyChanges></Clock>\n",SRT,2,SL003_2SRT7D4A,7,1.0.0.778,1,83.33,0.372677996,2,100,0,1,94.87,59.986,-1122802821,Full,3.0.3.80,3.0.3.80,8/28/21,8/28/21 16:09,11:09:22,3.0.3.82,D4,0,2,0,Keyboard,1,1,2,1,BlockProc,BlockList,1,1,1,1,Thank you!,Keyboard,Keyboard,No,BlockTrialProc,BlockTrialList,16,1,,1,0,4,S,0,0,TrialProc,TrialList,1,1,Keyboard,0,14,87155,517,1,467,87622,16,2,16,NonTarget,11
NB_DURING,3,1,A,"<?xml version=""1.0""?>\n<Clock xmlns:dt=""urn:schemas-microsoft-com:datatypes""><Description dt:dt=""string"">E-Prime Primary Realtime Clock</Description><StartTime><Timestamp dt:dt=""int"">0</Timestamp><DateUtc dt:dt=""string"">2021-08-28T16:09:22Z</DateUtc></StartTime><FrequencyChanges><FrequencyChange><Frequency dt:dt=""r8"">2835936</Frequency><Timestamp dt:dt=""r8"">11505093997433</Timestamp><Current dt:dt=""r8"">0</Current><DateUtc dt:dt=""string"">2021-08-28T16:09:22Z</DateUtc></FrequencyChange></FrequencyChanges></Clock>\n",SRT,2,SL003_2SRT7D4A,7,1.0.0.778,1,83.33,0.372677996,2,100,0,1,94.87,59.986,-1122802821,Full,3.0.3.80,3.0.3.80,8/28/21,8/28/21 16:09,11:09:22,3.0.3.82,D4,0,2,0,Keyboard,1,1,2,1,BlockProc,BlockList,1,1,1,1,Thank you!,Keyboard,Keyboard,No,BlockTrialProc,BlockTrialList,17,1,,1,0,4,T,0,0,TrialProc,TrialList,1,1,Keyboard,0,15,90189,516,1,531,90720,17,2,17,NonTarget,11
NB_DURING,3,1,A,"<?xml version=""1.0""?>\n<Clock xmlns:dt=""urn:schemas-microsoft-com:datatypes""><Description dt:dt=""string"">E-Prime Primary Realtime Clock</Description><StartTime><Timestamp dt:dt=""int"">0</Timestamp><DateUtc dt:dt=""string"">2021-08-28T16:09:22Z</DateUtc></StartTime><FrequencyChanges><FrequencyChange><Frequency dt:dt=""r8"">2835936</Frequency><Timestamp dt:dt=""r8"">11505093997433</Timestamp><Current dt:dt=""r8"">0</Current><DateUtc dt:dt=""string"">2021-08-28T16:09:22Z</DateUtc></FrequencyChange></FrequencyChanges></Clock>\n",SRT,2,SL003_2SRT7D4A,7,1.0.0.778,1,83.33,0.372677996,2,100,0,1,94.87,59.986,-1122802821,Full,3.0.3.80,3.0.3.80,8/28/21,8/28/21 16:09,11:09:22,3.0.3.82,D4,0,2,0,Keyboard,1,1,2,1,BlockProc,BlockList,1,1,1,1,Thank you!,Keyboard,Keyboard,No,BlockTrialProc,BlockTrialList,18,1,,1,0,4,R,0,0,TrialProc,TrialList,1,1,Keyboard,0,15,93222,517,1,403,93625,18,2,18,NonTarget,11
NB_DURING,3,1,A,"<?xml version=""1.0""?>\n<Clock xmlns:dt=""urn:schemas-microsoft-com:datatypes""><Description dt:dt=""string"">E-Prime Primary Realtime Clock</Description><StartTime><Timestamp dt:dt=""int"">0</Timestamp><DateUtc dt:dt=""string"">2021-08-28T16:09:22Z</DateUtc></StartTime><FrequencyChanges><FrequencyChange><Frequency dt:dt=""r8"">2835936</Frequency><Timestamp dt:dt=""r8"">11505093997433</Timestamp><Current dt:dt=""r8"">0</Current><DateUtc dt:dt=""string"">2021-08-28T16:09:22Z</DateUtc></FrequencyChange></FrequencyChanges></Clock>\n",SRT,2,SL003_2SRT7D4A,7,1.0.0.778,1,83.33,0.372677996,2,100,0,1,94.87,59.986,-1122802821,Full,3.0.3.80,3.0.3.80,8/28/21,8/28/21 16:09,11:09:22,3.0.3.82,D4,0,2,0,Keyboard,1,1,2,1,BlockProc,BlockList,1,1,1,1,Thank you!,Keyboard,Keyboard,No,BlockTrialProc,BlockTrialList,19,4,,1,0,1,T,0,0,TrialProc,TrialList,1,4,Keyboard,0,14,96255,517,4,605,96860,19,2,19,Target,44
NB_DURING,3,1,A,"<?xml version=""1.0""?>\n<Clock xmlns:dt=""urn:schemas-microsoft-com:datatypes""><Description dt:dt=""string"">E-Prime Primary Realtime Clock</Description><StartTime><Timestamp dt:dt=""int"">0</Timestamp><DateUtc dt:dt=""string"">2021-08-28T16:09:22Z</DateUtc></StartTime><FrequencyChanges><FrequencyChange><Frequency dt:dt=""r8"">2835936</Frequency><Timestamp dt:dt=""r8"">11505093997433</Timestamp><Current dt:dt=""r8"">0</Current><DateUtc dt:dt=""string"">2021-08-28T16:09:22Z</DateUtc></FrequencyChange></FrequencyChanges></Clock>\n",SRT,2,SL003_2SRT7D4A,7,1.0.0.778,1,83.33,0.372677996,2,100,0,1,94.87,59.986,-1122802821,Full,3.0.3.80,3.0.3.80,8/28/21,8/28/21 16:09,11:09:22,3.0.3.82,D4,0,2,0,Keyboard,1,1,2,1,BlockProc,BlockList,1,1,1,1,Thank you!,Keyboard,Keyboard,No,BlockTrialProc,BlockTrialList,20,4,,1,0,1,R,0,0,TrialProc,TrialList,1,4,Keyboard,0,15,99289,516,4,409,99698,20,2,20,Target,44
NB_DURING,3,1,A,"<?xml version=""1.0""?>\n<Clock xmlns:dt=""urn:schemas-microsoft-com:datatypes""><Description dt:dt=""string"">E-Prime Primary Realtime Clock</Description><StartTime><Timestamp dt:dt=""int"">0</Timestamp><DateUtc dt:dt=""string"">2021-08-28T16:09:22Z</DateUtc></StartTime><FrequencyChanges><FrequencyChange><Frequency dt:dt=""r8"">2835936</Frequency><Timestamp dt:dt=""r8"">11505093997433</Timestamp><Current dt:dt=""r8"">0</Current><DateUtc dt:dt=""string"">2021-08-28T16:09:22Z</DateUtc></FrequencyChange></FrequencyChanges></Clock>\n",SRT,2,SL003_2SRT7D4A,7,1.0.0.778,1,83.33,0.372677996,2,100,0,1,94.87,59.986,-1122802821,Full,3.0.3.80,3.0.3.80,8/28/21,8/28/21 16:09,11:09:22,3.0.3.82,D4,0,2,0,Keyboard,1,1,2,1,BlockProc,BlockList,1,1,1,1,Thank you!,Keyboard,Keyboard,No,BlockTrialProc,BlockTrialList,21,1,,1,0,4,K,0,0,TrialProc,TrialList,1,1,Keyboard,0,15,102322,517,1,419,102741,21,2,21,NonTarget,11
NB_DURING,3,1,A,"<?xml version=""1.0""?>\n<Clock xmlns:dt=""urn:schemas-microsoft-com:datatypes""><Description dt:dt=""string"">E-Prime Primary Realtime Clock</Description><StartTime><Timestamp dt:dt=""int"">0</Timestamp><DateUtc dt:dt=""string"">2021-08-28T16:09:22Z</DateUtc></StartTime><FrequencyChanges><FrequencyChange><Frequency dt:dt=""r8"">2835936</Frequency><Timestamp dt:dt=""r8"">11505093997433</Timestamp><Current dt:dt=""r8"">0</Current><DateUtc dt:dt=""string"">2021-08-28T16:09:22Z</DateUtc></FrequencyChange></FrequencyChanges></Clock>\n",SRT,2,SL003_2SRT7D4A,7,1.0.0.778,1,83.33,0.372677996,2,100,0,1,94.87,59.986,-1122802821,Full,3.0.3.80,3.0.3.80,8/28/21,8/28/21 16:09,11:09:22,3.0.3.82,D4,0,2,0,Keyboard,1,1,2,1,BlockProc,BlockList,1,1,1,1,Thank you!,Keyboard,Keyboard,No,BlockTrialProc,BlockTrialList,22,4,,1,0,1,r,0,0,TrialProc,TrialList,1,4,Keyboard,0,14,105355,517,4,714,106069,22,2,22,Target,44
NB_DURING,3,1,A,"<?xml version=""1.0""?>\n<Clock xmlns:dt=""urn:schemas-microsoft-com:datatypes""><Description dt:dt=""string"">E-Prime Primary Realtime Clock</Description><StartTime><Timestamp dt:dt=""int"">0</Timestamp><DateUtc dt:dt=""string"">2021-08-28T16:09:22Z</DateUtc></StartTime><FrequencyChanges><FrequencyChange><Frequency dt:dt=""r8"">2835936</Frequency><Timestamp dt:dt=""r8"">11505093997433</Timestamp><Current dt:dt=""r8"">0</Current><DateUtc dt:dt=""string"">2021-08-28T16:09:22Z</DateUtc></FrequencyChange></FrequencyChanges></Clock>\n",SRT,2,SL003_2SRT7D4A,7,1.0.0.778,1,83.33,0.372677996,2,100,0,1,94.87,59.986,-1122802821,Full,3.0.3.80,3.0.3.80,8/28/21,8/28/21 16:09,11:09:22,3.0.3.82,D4,0,2,0,Keyboard,1,1,2,1,BlockProc,BlockList,1,1,1,1,Thank you!,Keyboard,Keyboard,No,BlockTrialProc,BlockTrialList,23,1,,1,0,4,c,0,0,TrialProc,TrialList,1,1,Keyboard,0,15,108389,516,1,505,108894,23,2,23,NonTarget,11
NB_DURING,3,1,A,"<?xml version=""1.0""?>\n<Clock xmlns:dt=""urn:schemas-microsoft-com:datatypes""><Description dt:dt=""string"">E-Prime Primary Realtime Clock</Description><StartTime><Timestamp dt:dt=""int"">0</Timestamp><DateUtc dt:dt=""string"">2021-08-28T16:09:22Z</DateUtc></StartTime><FrequencyChanges><FrequencyChange><Frequency dt:dt=""r8"">2835936</Frequency><Timestamp dt:dt=""r8"">11505093997433</Timestamp><Current dt:dt=""r8"">0</Current><DateUtc dt:dt=""string"">2021-08-28T16:09:22Z</DateUtc></FrequencyChange></FrequencyChanges></Clock>\n",SRT,2,SL003_2SRT7D4A,7,1.0.0.778,1,83.33,0.372677996,2,100,0,1,94.87,59.986,-1122802821,Full,3.0.3.80,3.0.3.80,8/28/21,8/28/21 16:09,11:09:22,3.0.3.82,D4,0,2,0,Keyboard,1,1,2,1,BlockProc,BlockList,1,1,1,1,Thank you!,Keyboard,Keyboard,No,BlockTrialProc,BlockTrialList,24,1,,1,0,4,C,0,0,TrialProc,TrialList,1,1,Keyboard,0,15,111422,517,1,1043,112465,24,2,24,NonTarget,11
NB_DURING,3,1,A,"<?xml version=""1.0""?>\n<Clock xmlns:dt=""urn:schemas-microsoft-com:datatypes""><Description dt:dt=""string"">E-Prime Primary Realtime Clock</Description><StartTime><Timestamp dt:dt=""int"">0</Timestamp><DateUtc dt:dt=""string"">2021-08-28T16:09:22Z</DateUtc></StartTime><FrequencyChanges><FrequencyChange><Frequency dt:dt=""r8"">2835936</Frequency><Timestamp dt:dt=""r8"">11505093997433</Timestamp><Current dt:dt=""r8"">0</Current><DateUtc dt:dt=""string"">2021-08-28T16:09:22Z</DateUtc></FrequencyChange></FrequencyChanges></Clock>\n",SRT,2,SL003_2SRT7D4A,7,1.0.0.778,1,83.33,0.372677996,2,100,0,1,94.87,59.986,-1122802821,Full,3.0.3.80,3.0.3.80,8/28/21,8/28/21 16:09,11:09:22,3.0.3.82,D4,0,2,0,Keyboard,1,1,2,1,BlockProc,BlockList,1,1,1,1,Thank you!,Keyboard,Keyboard,No,BlockTrialProc,BlockTrialList,25,4,,1,0,1,C,0,0,TrialProc,TrialList,1,4,Keyboard,0,15,114456,516,4,287,114743,25,2,25,Target,44
NB_DURING,3,1,A,"<?xml version=""1.0""?>\n<Clock xmlns:dt=""urn:schemas-microsoft-com:datatypes""><Description dt:dt=""string"">E-Prime Primary Realtime Clock</Description><StartTime><Timestamp dt:dt=""int"">0</Timestamp><DateUtc dt:dt=""string"">2021-08-28T16:09:22Z</DateUtc></StartTime><FrequencyChanges><FrequencyChange><Frequency dt:dt=""r8"">2835936</Frequency><Timestamp dt:dt=""r8"">11505093997433</Timestamp><Current dt:dt=""r8"">0</Current><DateUtc dt:dt=""string"">2021-08-28T16:09:22Z</DateUtc></FrequencyChange></FrequencyChanges></Clock>\n",SRT,2,SL003_2SRT7D4A,7,1.0.0.778,1,83.33,0.372677996,2,100,0,1,94.87,59.986,-1122802821,Full,3.0.3.80,3.0.3.80,8/28/21,8/28/21 16:09,11:09:22,3.0.3.82,D4,0,2,0,Keyboard,1,1,2,1,BlockProc,BlockList,1,1,1,1,Thank you!,Keyboard,Keyboard,No,BlockTrialProc,BlockTrialList,26,1,,1,0,4,b,0,0,TrialProc,TrialList,1,1,Keyboard,0,15,117489,517,1,444,117933,26,2,26,NonTarget,11
NB_DURING,3,1,A,"<?xml version=""1.0""?>\n<Clock xmlns:dt=""urn:schemas-microsoft-com:datatypes""><Description dt:dt=""string"">E-Prime Primary Realtime Clock</Description><StartTime><Timestamp dt:dt=""int"">0</Timestamp><DateUtc dt:dt=""string"">2021-08-28T16:09:22Z</DateUtc></StartTime><FrequencyChanges><FrequencyChange><Frequency dt:dt=""r8"">2835936</Frequency><Timestamp dt:dt=""r8"">11505093997433</Timestamp><Current dt:dt=""r8"">0</Current><DateUtc dt:dt=""string"">2021-08-28T16:09:22Z</DateUtc></FrequencyChange></FrequencyChanges></Clock>\n",SRT,2,SL003_2SRT7D4A,7,1.0.0.778,1,83.33,0.372677996,2,100,0,1,94.87,59.986,-1122802821,Full,3.0.3.80,3.0.3.80,8/28/21,8/28/21 16:09,11:09:22,3.0.3.82,D4,0,2,0,Keyboard,1,1,2,1,BlockProc,BlockList,1,1,1,1,Thank you!,Keyboard,Keyboard,No,BlockTrialProc,BlockTrialList,27,1,,1,0,4,X,0,0,TrialProc,TrialList,1,1,Keyboard,0,14,120522,517,1,445,120967,27,2,27,NonTarget,11
NB_DURING,3,1,A,"<?xml version=""1.0""?>\n<Clock xmlns:dt=""urn:schemas-microsoft-com:datatypes""><Description dt:dt=""string"">E-Prime Primary Realtime Clock</Description><StartTime><Timestamp dt:dt=""int"">0</Timestamp><DateUtc dt:dt=""string"">2021-08-28T16:09:22Z</DateUtc></StartTime><FrequencyChanges><FrequencyChange><Frequency dt:dt=""r8"">2835936</Frequency><Timestamp dt:dt=""r8"">11505093997433</Timestamp><Current dt:dt=""r8"">0</Current><DateUtc dt:dt=""string"">2021-08-28T16:09:22Z</DateUtc></FrequencyChange></FrequencyChanges></Clock>\n",SRT,2,SL003_2SRT7D4A,7,1.0.0.778,1,83.33,0.372677996,2,100,0,1,94.87,59.986,-1122802821,Full,3.0.3.80,3.0.3.80,8/28/21,8/28/21 16:09,11:09:22,3.0.3.82,D4,0,2,0,Keyboard,1,1,2,1,BlockProc,BlockList,1,1,1,1,Thank you!,Keyboard,Keyboard,No,BlockTrialProc,BlockTrialList,28,4,,1,0,1,b,0,0,TrialProc,TrialList,1,4,Keyboard,0,15,123556,516,4,627,124183,28,2,28,Target,44
NB_DURING,3,1,A,"<?xml version=""1.0""?>\n<Clock xmlns:dt=""urn:schemas-microsoft-com:datatypes""><Description dt:dt=""string"">E-Prime Primary Realtime Clock</Description><StartTime><Timestamp dt:dt=""int"">0</Timestamp><DateUtc dt:dt=""string"">2021-08-28T16:09:22Z</DateUtc></StartTime><FrequencyChanges><FrequencyChange><Frequency dt:dt=""r8"">2835936</Frequency><Timestamp dt:dt=""r8"">11505093997433</Timestamp><Current dt:dt=""r8"">0</Current><DateUtc dt:dt=""string"">2021-08-28T16:09:22Z</DateUtc></FrequencyChange></FrequencyChanges></Clock>\n",SRT,2,SL003_2SRT7D4A,7,1.0.0.778,1,83.33,0.372677996,2,100,0,1,94.87,59.986,-1122802821,Full,3.0.3.80,3.0.3.80,8/28/21,8/28/21 16:09,11:09:22,3.0.3.82,D4,0,2,0,Keyboard,1,1,2,1,BlockProc,BlockList,1,1,1,1,Thank you!,Keyboard,Keyboard,No,BlockTrialProc,BlockTrialList,29,1,,1,0,4,S,0,0,TrialProc,TrialList,1,1,Keyboard,0,15,126589,517,1,398,126987,29,2,29,NonTarget,11
NB_DURING,3,1,A,"<?xml version=""1.0""?>\n<Clock xmlns:dt=""urn:schemas-microsoft-com:datatypes""><Description dt:dt=""string"">E-Prime Primary Realtime Clock</Description><StartTime><Timestamp dt:dt=""int"">0</Timestamp><DateUtc dt:dt=""string"">2021-08-28T16:09:22Z</DateUtc></StartTime><FrequencyChanges><FrequencyChange><Frequency dt:dt=""r8"">2835936</Frequency><Timestamp dt:dt=""r8"">11505093997433</Timestamp><Current dt:dt=""r8"">0</Current><DateUtc dt:dt=""string"">2021-08-28T16:09:22Z</DateUtc></FrequencyChange></FrequencyChanges></Clock>\n",SRT,2,SL003_2SRT7D4A,7,1.0.0.778,1,83.33,0.372677996,2,100,0,1,94.87,59.986,-1122802821,Full,3.0.3.80,3.0.3.80,8/28/21,8/28/21 16:09,11:09:22,3.0.3.82,D4,0,2,0,Keyboard,1,1,2,1,BlockProc,BlockList,1,1,1,1,Thank you!,Keyboard,Keyboard,No,BlockTrialProc,BlockTrialList,30,1,,1,0,4,r,0,0,TrialProc,TrialList,1,1,Keyboard,0,14,129622,517,1,579,130201,30,2,30,NonTarget,11
NB_DURING,3,1,A,"<?xml version=""1.0""?>\n<Clock xmlns:dt=""urn:schemas-microsoft-com:datatypes""><Description dt:dt=""string"">E-Prime Primary Realtime Clock</Description><StartTime><Timestamp dt:dt=""int"">0</Timestamp><DateUtc dt:dt=""string"">2021-08-28T16:09:22Z</DateUtc></StartTime><FrequencyChanges><FrequencyChange><Frequency dt:dt=""r8"">2835936</Frequency><Timestamp dt:dt=""r8"">11505093997433</Timestamp><Current dt:dt=""r8"">0</Current><DateUtc dt:dt=""string"">2021-08-28T16:09:22Z</DateUtc></FrequencyChange></FrequencyChanges></Clock>\n",SRT,2,SL003_2SRT7D4A,7,1.0.0.778,1,83.33,0.372677996,2,100,0,1,94.87,59.986,-1122802821,Full,3.0.3.80,3.0.3.80,8/28/21,8/28/21 16:09,11:09:22,3.0.3.82,D4,0,2,0,Keyboard,1,1,2,1,BlockProc,BlockList,1,1,1,1,Thank you!,Keyboard,Keyboard,No,BlockTrialProc,BlockTrialList,31,4,,1,0,1,s,0,0,TrialProc,TrialList,1,4,Keyboard,0,15,132656,516,4,626,133282,31,2,31,Target,44
NB_DURING,3,1,A,"<?xml version=""1.0""?>\n<Clock xmlns:dt=""urn:schemas-microsoft-com:datatypes""><Description dt:dt=""string"">E-Prime Primary Realtime Clock</Description><StartTime><Timestamp dt:dt=""int"">0</Timestamp><DateUtc dt:dt=""string"">2021-08-28T16:09:22Z</DateUtc></StartTime><FrequencyChanges><FrequencyChange><Frequency dt:dt=""r8"">2835936</Frequency><Timestamp dt:dt=""r8"">11505093997433</Timestamp><Current dt:dt=""r8"">0</Current><DateUtc dt:dt=""string"">2021-08-28T16:09:22Z</DateUtc></FrequencyChange></FrequencyChanges></Clock>\n",SRT,2,SL003_2SRT7D4A,7,1.0.0.778,1,83.33,0.372677996,2,100,0,1,94.87,59.986,-1122802821,Full,3.0.3.80,3.0.3.80,8/28/21,8/28/21 16:09,11:09:22,3.0.3.82,D4,0,2,0,Keyboard,1,1,2,1,BlockProc,BlockList,1,1,1,1,Thank you!,Keyboard,Keyboard,No,BlockTrialProc,BlockTrialList,32,1,,1,0,4,P,0,0,TrialProc,TrialList,1,1,Keyboard,0,15,135689,517,1,633,136322,32,2,32,NonTarget,11
NB_DURING,3,1,A,"<?xml version=""1.0""?>\n<Clock xmlns:dt=""urn:schemas-microsoft-com:datatypes""><Description dt:dt=""string"">E-Prime Primary Realtime Clock</Description><StartTime><Timestamp dt:dt=""int"">0</Timestamp><DateUtc dt:dt=""string"">2021-08-28T16:09:22Z</DateUtc></StartTime><FrequencyChanges><FrequencyChange><Frequency dt:dt=""r8"">2835936</Frequency><Timestamp dt:dt=""r8"">11505093997433</Timestamp><Current dt:dt=""r8"">0</Current><DateUtc dt:dt=""string"">2021-08-28T16:09:22Z</DateUtc></FrequencyChange></FrequencyChanges></Clock>\n",SRT,2,SL003_2SRT7D4A,7,1.0.0.778,1,83.33,0.372677996,2,100,0,1,94.87,59.986,-1122802821,Full,3.0.3.80,3.0.3.80,8/28/21,8/28/21 16:09,11:09:22,3.0.3.82,D4,0,2,0,Keyboard,1,1,2,1,BlockProc,BlockList,1,1,1,1,Thank you!,Keyboard,Keyboard,No,BlockTrialProc,BlockTrialList,33,1,,1,0,4,k,0,0,TrialProc,TrialList,1,1,Keyboard,0,14,138722,517,1,553,139275,33,2,33,NonTarget,11
NB_DURING,3,1,A,"<?xml version=""1.0""?>\n<Clock xmlns:dt=""urn:schemas-microsoft-com:datatypes""><Description dt:dt=""string"">E-Prime Primary Realtime Clock</Description><StartTime><Timestamp dt:dt=""int"">0</Timestamp><DateUtc dt:dt=""string"">2021-08-28T16:09:22Z</DateUtc></StartTime><FrequencyChanges><FrequencyChange><Frequency dt:dt=""r8"">2835936</Frequency><Timestamp dt:dt=""r8"">11505093997433</Timestamp><Current dt:dt=""r8"">0</Current><DateUtc dt:dt=""string"">2021-08-28T16:09:22Z</DateUtc></FrequencyChange></FrequencyChanges></Clock>\n",SRT,2,SL003_2SRT7D4A,7,1.0.0.778,1,83.33,0.372677996,2,100,0,1,94.87,59.986,-1122802821,Full,3.0.3.80,3.0.3.80,8/28/21,8/28/21 16:09,11:09:22,3.0.3.82,D4,0,2,0,Keyboard,1,1,2,1,BlockProc,BlockList,1,1,1,1,Thank you!,Keyboard,Keyboard,No,BlockTrialProc,BlockTrialList,34,1,,1,0,4,C,0,0,TrialProc,TrialList,1,1,Keyboard,0,15,141756,516,1,589,142345,34,2,34,NonTarget,11
NB_DURING,3,1,A,"<?xml version=""1.0""?>\n<Clock xmlns:dt=""urn:schemas-microsoft-com:datatypes""><Description dt:dt=""string"">E-Prime Primary Realtime Clock</Description><StartTime><Timestamp dt:dt=""int"">0</Timestamp><DateUtc dt:dt=""string"">2021-08-28T16:09:22Z</DateUtc></StartTime><FrequencyChanges><FrequencyChange><Frequency dt:dt=""r8"">2835936</Frequency><Timestamp dt:dt=""r8"">11505093997433</Timestamp><Current dt:dt=""r8"">0</Current><DateUtc dt:dt=""string"">2021-08-28T16:09:22Z</DateUtc></FrequencyChange></FrequencyChanges></Clock>\n",SRT,2,SL003_2SRT7D4A,7,1.0.0.778,1,83.33,0.372677996,2,100,0,1,94.87,59.986,-1122802821,Full,3.0.3.80,3.0.3.80,8/28/21,8/28/21 16:09,11:09:22,3.0.3.82,D4,0,2,0,Keyboard,1,1,2,1,BlockProc,BlockList,1,1,1,1,Thank you!,Keyboard,Keyboard,No,BlockTrialProc,BlockTrialList,35,1,,1,0,4,s,0,0,TrialProc,TrialList,1,1,Keyboard,0,15,144789,517,1,525,145314,35,2,35,NonTarget,11
NB_DURING,3,1,A,"<?xml version=""1.0""?>\n<Clock xmlns:dt=""urn:schemas-microsoft-com:datatypes""><Description dt:dt=""string"">E-Prime Primary Realtime Clock</Description><StartTime><Timestamp dt:dt=""int"">0</Timestamp><DateUtc dt:dt=""string"">2021-08-28T16:09:22Z</DateUtc></StartTime><FrequencyChanges><FrequencyChange><Frequency dt:dt=""r8"">2835936</Frequency><Timestamp dt:dt=""r8"">11505093997433</Timestamp><Current dt:dt=""r8"">0</Current><DateUtc dt:dt=""string"">2021-08-28T16:09:22Z</DateUtc></FrequencyChange></FrequencyChanges></Clock>\n",SRT,2,SL003_2SRT7D4A,7,1.0.0.778,1,83.33,0.372677996,2,100,0,1,94.87,59.986,-1122802821,Full,3.0.3.80,3.0.3.80,8/28/21,8/28/21 16:09,11:09:22,3.0.3.82,D4,0,2,0,Keyboard,1,1,2,1,BlockProc,BlockList,1,1,1,1,Thank you!,Keyboard,Keyboard,No,BlockTrialProc,BlockTrialList,36,4,,2,0,1,C,0,0,TrialProc,TrialList,0,4,Keyboard,0,14,147822,517,1,520,148342,36,2,36,Target,44
NB_DURING,3,1,A,"<?xml version=""1.0""?>\n<Clock xmlns:dt=""urn:schemas-microsoft-com:datatypes""><Description dt:dt=""string"">E-Prime Primary Realtime Clock</Description><StartTime><Timestamp dt:dt=""int"">0</Timestamp><DateUtc dt:dt=""string"">2021-08-28T16:09:22Z</DateUtc></StartTime><FrequencyChanges><FrequencyChange><Frequency dt:dt=""r8"">2835936</Frequency><Timestamp dt:dt=""r8"">11505093997433</Timestamp><Current dt:dt=""r8"">0</Current><DateUtc dt:dt=""string"">2021-08-28T16:09:22Z</DateUtc></FrequencyChange></FrequencyChanges></Clock>\n",SRT,2,SL003_2SRT7D4A,7,1.0.0.778,1,83.33,0.372677996,2,100,0,1,94.87,59.986,-1122802821,Full,3.0.3.80,3.0.3.80,8/28/21,8/28/21 16:09,11:09:22,3.0.3.82,D4,0,2,0,Keyboard,1,1,2,1,BlockProc,BlockList,1,1,1,1,Thank you!,Keyboard,Keyboard,No,BlockTrialProc,BlockTrialList,37,4,,2,0,1,S,0,0,TrialProc,TrialList,1,4,Keyboard,0,15,150856,516,4,639,151495,37,2,37,Target,44
NB_DURING,3,1,A,"<?xml version=""1.0""?>\n<Clock xmlns:dt=""urn:schemas-microsoft-com:datatypes""><Description dt:dt=""string"">E-Prime Primary Realtime Clock</Description><StartTime><Timestamp dt:dt=""int"">0</Timestamp><DateUtc dt:dt=""string"">2021-08-28T16:09:22Z</DateUtc></StartTime><FrequencyChanges><FrequencyChange><Frequency dt:dt=""r8"">2835936</Frequency><Timestamp dt:dt=""r8"">11505093997433</Timestamp><Current dt:dt=""r8"">0</Current><DateUtc dt:dt=""string"">2021-08-28T16:09:22Z</DateUtc></FrequencyChange></FrequencyChanges></Clock>\n",SRT,2,SL003_2SRT7D4A,7,1.0.0.778,1,83.33,0.372677996,2,100,0,1,94.87,59.986,-1122802821,Full,3.0.3.80,3.0.3.80,8/28/21,8/28/21 16:09,11:09:22,3.0.3.82,D4,0,2,0,Keyboard,1,1,2,1,BlockProc,BlockList,1,1,1,1,Thank you!,Keyboard,Keyboard,No,BlockTrialProc,BlockTrialList,38,4,,2,0,1,C,0,0,TrialProc,TrialList,1,4,Keyboard,0,15,153889,517,4,539,154428,38,2,38,Target,44
NB_DURING,3,1,A,"<?xml version=""1.0""?>\n<Clock xmlns:dt=""urn:schemas-microsoft-com:datatypes""><Description dt:dt=""string"">E-Prime Primary Realtime Clock</Description><StartTime><Timestamp dt:dt=""int"">0</Timestamp><DateUtc dt:dt=""string"">2021-08-28T16:09:22Z</DateUtc></StartTime><FrequencyChanges><FrequencyChange><Frequency dt:dt=""r8"">2835936</Frequency><Timestamp dt:dt=""r8"">11505093997433</Timestamp><Current dt:dt=""r8"">0</Current><DateUtc dt:dt=""string"">2021-08-28T16:09:22Z</DateUtc></FrequencyChange></FrequencyChanges></Clock>\n",SRT,2,SL003_2SRT7D4A,7,1.0.0.778,1,83.33,0.372677996,2,100,0,1,94.87,59.986,-1122802821,Full,3.0.3.80,3.0.3.80,8/28/21,8/28/21 16:09,11:09:22,3.0.3.82,D4,0,2,0,Keyboard,1,1,2,1,BlockProc,BlockList,1,1,1,1,Thank you!,Keyboard,Keyboard,No,BlockTrialProc,BlockTrialList,39,1,,2,0,4,x,0,0,TrialProc,TrialList,1,1,Keyboard,0,15,156923,516,1,661,157584,39,2,39,NonTarget,11