C:\Users\pindus\Desktop\SITLess_Data\EXP1\COG\DURING\1B\SL001\SL001_N1N6D3B.edat3,,,,,,,,,,,,,,,,,,,,,,,,,,,,,,,,,,,,,,,,,,,,,,,,,,,,,,,,,,,,,,,,,,,,,,,,,,
ExperimentName,Subject,Session,BlockID,Clock.Information,CogSeq,Condition,DataFile.Basename,Day,ExperimentVersion,Group,Hits.Mean,Hits.StdDevP,Instructions,NB,NonTargetAcc.Mean,NonTargetAcc.StdDevP,OnebackLureCounter,OverallACC,Participant.RefreshRate,RandomSeed,RuntimeCapabilities,RuntimeVersion,RuntimeVersionExpected,SessionDate,SessionStartDateTimeUtc,SessionTime,StudioVersion,TIMING,Total_Ommision_Error,TotalComissionErrors,TwobackLureCounter,Welcome.DEVICE,Block,BlockList,BlockList.Cycle,BlockList.Sample,Procedure[Block],Running[Block],Trial,BlockTrialList,BlockTrialList.Cycle,BlockTrialList.Sample,BreakMessage,BreakMessage.DEVICE,GetReady.DEVICE,Practice,Procedure[Trial],Running[Trial],SubTrial,CorrectResp,CurrentLetters,HitsComissionErrors,HitsOmissions,IncorrectResp,Letter,NonTargetComissionErrors,NonTargetOmissions,Procedure[SubTrial],Running[SubTrial],Stimulus.ACC,Stimulus.CRESP,Stimulus.DEVICE,Stimulus.DurationError,Stimulus.OnsetDelay,Stimulus.OnsetTime,Stimulus.OnsetToOnsetTime,Stimulus.RESP,Stimulus.RT,Stimulus.RTTime,TrialList,TrialList.Cycle,TrialList.Sample,TrialType,Type
NB_DURING,1,1,B,"<?xml version=""1.0""?>\n<Clock xmlns:dt=""urn:schemas-microsoft-com:datatypes""><Description dt:dt=""string"">E-Prime Primary Realtime Clock</Description><StartTime><Timestamp dt:dt=""int"">0</Timestamp><DateUtc dt:dt=""string"">2021-07-01T16:07:05Z</DateUtc></StartTime><FrequencyChanges><FrequencyChange><Frequency dt:dt=""r8"">2835939</Frequency><Timestamp dt:dt=""r8"">2403931670239</Timestamp><Current dt:dt=""r8"">0</Current><DateUtc dt:dt=""string"">2021-07-01T16:07:05Z</DateUtc></FrequencyChange></FrequencyChanges></Clock>\n",N,1,SL001_N1N6D3B,6,1.0.0.786,1,91.67,0.276385399,Press SPACEBAR to begin.,1,100,0,0,97.44,59.991,-1249491591,Full,3.0.3.80,3.0.3.80,7/1/21,7/1/21 16:07,11:07:05,3.0.3.82,D3,0,1,2,Keyboard,1,1,2,1,BlockProc,BlockList,1,1,1,1,Thank you!,Keyboard,Keyboard,No,BlockTrialProc,BlockTrialList,1,1,,0,0,4,t,0,0,TrialProc,TrialList,1,1,Keyboard,0,19,13846,517,1,585,14431,1,2,1,NonTarget,11
NB_DURING,1,1,B,"<?xml version=""1.0""?>\n<Clock xmlns:dt=""urn:schemas-microsoft-com:datatypes""><Description dt:dt=""string"">E-Prime Primary Realtime Clock</Description><StartTime><Timestamp dt:dt=""int"">0</Timestamp><DateUtc dt:dt=""string"">2021-07-01T16:07:05Z</DateUtc></StartTime><FrequencyChanges><FrequencyChange><Frequency dt:dt=""r8"">2835939</Frequency><Timestamp dt:dt=""r8"">2403931670239</Timestamp><Current dt:dt=""r8"">0</Current><DateUtc dt:dt=""string"">2021-07-01T16:07:05Z</DateUtc></FrequencyChange></FrequencyChanges></Clock>\n",N,1,SL001_N1N6D3B,6,1.0.0.786,1,91.67,0.276385399,Press SPACEBAR to begin.,1,100,0,0,97.44,59.991,-1249491591,Full,3.0.3.80,3.0.3.80,7/1/21,7/1/21 16:07,11:07:05,3.0.3.82,D3,0,1,2,Keyboard,1,1,2,1,BlockProc,BlockList,1,1,1,1,Thank you!,Keyboard,Keyboard,No,BlockTrialProc,BlockTrialList,2,1,,0,0,4,x,0,0,TrialProc,TrialList,1,1,Keyboard,0,14,16879,517,1,368,17247,2,2,2,NonTarget,11
NB_DURING,1,1,B,"<?xml version=""1.0""?>\n<Clock xmlns:dt=""urn:schemas-microsoft-com:datatypes""><Description dt:dt=""string"">E-Prime Primary Realtime Clock</Description><StartTime><Timestamp dt:dt=""int"">0</Timestamp><DateUtc dt:dt=""string"">2021-07-01T16:07:05Z</DateUtc></StartTime><FrequencyChanges><FrequencyChange><Frequency dt:dt=""r8"">2835939</Frequency><Timestamp dt:dt=""r8"">2403931670239</Timestamp><Current dt:dt=""r8"">0</Current><DateUtc dt:dt=""string"">2021-07-01T16:07:05Z</DateUtc></FrequencyChange></FrequencyChanges></Clock>\n",N,1,SL001_N1N6D3B,6,1.0.0.786,1,91.67,0.276385399,Press SPACEBAR to begin.,1,100,0,0,97.44,59.991,-1249491591,Full,3.0.3.80,3.0.3.80,7/1/21,7/1/21 16:07,11:07:05,3.0.3.82,D3,0,1,2,Keyboard,1,1,2,1,BlockProc,BlockList,1,1,1,1,Thank you!,Keyboard,Keyboard,No,BlockTrialProc,BlockTrialList,3,1,,0,0,4,S,0,0,TrialProc,TrialList,1,1,Keyboard,0,15,19913,516,1,301,20214,3,2,3,NonTarget,11
NB_DURING,1,1,B,"<?xml version=""1.0""?>\n<Clock xmlns:dt=""urn:schemas-microsoft-com:datatypes""><Description dt:dt=""string"">E-Prime Primary Realtime Clock</Description><StartTime><Timestamp dt:dt=""int"">0</Timestamp><DateUtc dt:dt=""string"">2021-07-01T16:07:05Z</DateUtc></StartTime><FrequencyChanges><FrequencyChange><Frequency dt:dt=""r8"">2835939</Frequency><Timestamp dt:dt=""r8"">2403931670239</Timestamp><Current dt:dt=""r8"">0</Current><DateUtc dt:dt=""string"">2021-07-01T16:07:05Z</DateUtc></FrequencyChange></FrequencyChanges></Clock>\n",N,1,SL001_N1N6D3B,6,1.0.0.786,1,91.67,0.276385399,Press SPACEBAR to begin.,1,100,0,0,97.44,59.991,-1249491591,Full,3.0.3.80,3.0.3.80,7/1/21,7/1/21 16:07,11:07:05,3.0.3.82,D3,0,1,2,Keyboard,1,1,2,1,BlockProc,BlockList,1,1,1,1,Thank you!,Keyboard,Keyboard,No,BlockTrialProc,BlockTrialList,4,1,,0,0,4,R,0,0,TrialProc,TrialList,1,1,Keyboard,0,15,22946,517,1,379,23325,4,2,4,NonTarget,11
NB_DURING,1,1,B,"<?xml version=""1.0""?>\n<Clock xmlns:dt=""urn:schemas-microsoft-com:datatypes""><Description dt:dt=""string"">E-Prime Primary Realtime Clock</Description><StartTime><Timestamp dt:dt=""int"">0</Timestamp><DateUtc dt:dt=""string"">2021-07-01T16:07:05Z</DateUtc></StartTime><FrequencyChanges><FrequencyChange><Frequency dt:dt=""r8"">2835939</Frequency><Timestamp dt:dt=""r8"">2403931670239</Timestamp><Current dt:dt=""r8"">0</Current><DateUtc dt:dt=""string"">2021-07-01T16:07:05Z</DateUtc></FrequencyChange></FrequencyChanges></Clock>\n",N,1,SL001_N1N6D3B,6,1.0.0.786,1,91.67,0.276385399,Press SPACEBAR to begin.,1,100,0,0,97.44,59.991,-1249491591,Full,3.0.3.80,3.0.3.80,7/1/21,7/1/21 16:07,11:07:05,3.0.3.82,D3,0,1,2,Keyboard,1,1,2,1,BlockProc,BlockList,1,1,1,1,Thank you!,Keyboard,Keyboard,No,BlockTrialProc,BlockTrialList,5,1,,0,0,4,f,0,0,TrialProc,TrialList,1,1,Keyboard,0,14,25979,517,1,334,26313,5,2,5,NonTarget,11
NB_DURING,1,1,B,"<?xml version=""1.0""?>\n<Clock xmlns:dt=""urn:schemas-microsoft-com:datatypes""><Description dt:dt=""string"">E-Prime Primary Realtime Clock</Description><StartTime><Timestamp dt:dt=""int"">0</Timestamp><DateUtc dt:dt=""string"">2021-07-01T16:07:05Z</DateUtc></StartTime><FrequencyChanges><FrequencyChange><Frequency dt:dt=""r8"">2835939</Frequency><Timestamp dt:dt=""r8"">2403931670239</Timestamp><Current dt:dt=""r8"">0</Current><DateUtc dt:dt=""string"">2021-07-01T16:07:05Z</DateUtc></FrequencyChange></FrequencyChanges></Clock>\n",N,1,SL001_N1N6D3B,6,1.0.0.786,1,91.67,0.276385399,Press SPACEBAR to begin.,1,100,0,0,97.44,59.991,-1249491591,Full,3.0.3.80,3.0.3.80,7/1/21,7/1/21 16:07,11:07:05,3.0.3.82,D3,0,1,2,Keyboard,1,1,2,1,BlockProc,BlockList,1,1,1,1,Thank you!,Keyboard,Keyboard,No,BlockTrialProc,BlockTrialList,6,1,,0,0,4,r,0,0,TrialProc,TrialList,1,1,Keyboard,0,15,29013,516,1,377,29390,6,2,6,NonTarget,11
NB_DURING,1,1,B,"<?xml version=""1.0""?>\n<Clock xmlns:dt=""urn:schemas-microsoft-com:datatypes""><Description dt:dt=""string"">E-Prime Primary Realtime Clock</Description><StartTime><Timestamp dt:dt=""int"">0</Timestamp><DateUtc dt:dt=""string"">2021-07-01T16:07:05Z</DateUtc></StartTime><FrequencyChanges><FrequencyChange><Frequency dt:dt=""r8"">2835939</Frequency><Timestamp dt:dt=""r8"">2403931670239</Timestamp><Current dt:dt=""r8"">0</Current><DateUtc dt:dt=""string"">2021-07-01T16:07:05Z</DateUtc></FrequencyChange></FrequencyChanges></Clock>\n",N,1,SL001_N1N6D3B,6,1.0.0.786,1,91.67,0.276385399,Press SPACEBAR to begin.,1,100,0,0,97.44,59.991,-1249491591,Full,3.0.3.80,3.0.3.80,7/1/21,7/1/21 16:07,11:07:05,3.0.3.82,D3,0,1,2,Keyboard,1,1,2,1,BlockProc,BlockList,1,1,1,1,Thank you!,Keyboard,Keyboard,No,BlockTrialProc,BlockTrialList,7,4,,1,0,1,R,0,0,TrialProc,TrialList,0,4,Keyboard,0,15,32046,517,1,375,32421,7,2,7,Target,44
NB_DURING,1,1,B,"<?xml version=""1.0""?>\n<Clock xmlns:dt=""urn:schemas-microsoft-com:datatypes""><Description dt:dt=""string"">E-Prime Primary Realtime Clock</Description><StartTime><Timestamp dt:dt=""int"">0</Timestamp><DateUtc dt:dt=""string"">2021-07-01T16:07:05Z</DateUtc></StartTime><FrequencyChanges><FrequencyChange><Frequency dt:dt=""r8"">2835939</Frequency><Timestamp dt:dt=""r8"">2403931670239</Timestamp><Current dt:dt=""r8"">0</Current><DateUtc dt:dt=""string"">2021-07-01T16:07:05Z</DateUtc></FrequencyChange></FrequencyChanges></Clock>\n",N,1,SL001_N1N6D3B,6,1.0.0.786,1,91.67,0.276385399,Press SPACEBAR to begin.,1,100,0,0,97.44,59.991,-1249491591,Full,3.0.3.80,3.0.3.80,7/1/21,7/1/21 16:07,11:07:05,3.0.3.82,D3,0,1,2,Keyboard,1,1,2,1,BlockProc,BlockList,1,1,1,1,Thank you!,Keyboard,Keyboard,No,BlockTrialProc,BlockTrialList,8,1,,1,0,4,K,0,0,TrialProc,TrialList,1,1,Keyboard,0,14,35079,517,1,324,35403,8,2,8,NonTarget,11
NB_DURING,1,1,B,"<?xml version=""1.0""?>\n<Clock xmlns:dt=""urn:schemas-microsoft-com:datatypes""><Description dt:dt=""string"">E-Prime Primary Realtime Clock</Description><StartTime><Timestamp dt:dt=""int"">0</Timestamp><DateUtc dt:dt=""string"">2021-07-01T16:07:05Z</DateUtc></StartTime><FrequencyChanges><FrequencyChange><Frequency dt:dt=""r8"">2835939</Frequency><Timestamp dt:dt=""r8"">2403931670239</Timestamp><Current dt:dt=""r8"">0</Current><DateUtc dt:dt=""string"">2021-07-01T16:07:05Z</DateUtc></FrequencyChange></FrequencyChanges></Clock>\n",N,1,SL001_N1N6D3B,6,1.0.0.786,1,91.67,0.276385399,Press SPACEBAR to begin.,1,100,0,0,97.44,59.991,-1249491591,Full,3.0.3.80,3.0.3.80,7/1/21,7/1/21 16:07,11:07:05,3.0.3.82,D3,0,1,2,Keyboard,1,1,2,1,BlockProc,BlockList,1,1,1,1,Thank you!,Keyboard,Keyboard,No,BlockTrialProc,BlockTrialList,9,1,,1,0,4,X,0,0,TrialProc,TrialList,1,1,Keyboard,0,15,38113,517,1,488,38601,9,2,9,NonTarget,11
NB_DURING,1,1,B,"<?xml version=""1.0""?>\n<Clock xmlns:dt=""urn:schemas-microsoft-com:datatypes""><Description dt:dt=""string"">E-Prime Primary Realtime Clock</Description><StartTime><Timestamp dt:dt=""int"">0</Timestamp><DateUtc dt:dt=""string"">2021-07-01T16:07:05Z</DateUtc></StartTime><FrequencyChanges><FrequencyChange><Frequency dt:dt=""r8"">2835939</Frequency><Timestamp dt:dt=""r8"">2403931670239</Timestamp><Current dt:dt=""r8"">0</Current><DateUtc dt:dt=""string"">2021-07-01T16:07:05Z</DateUtc></FrequencyChange></FrequencyChanges></Clock>\n",N,1,SL001_N1N6D3B,6,1.0.0.786,1,91.67,0.276385399,Press SPACEBAR to begin.,1,100,0,0,97.44,59.991,-1249491591,Full,3.0.3.80,3.0.3.80,7/1/21,7/1/21 16:07,11:07:05,3.0.3.82,D3,0,1,2,Keyboard,1,1,2,1,BlockProc,BlockList,1,1,1,1,Thank you!,Keyboard,Keyboard,No,BlockTrialProc,BlockTrialList,10,1,,1,0,4,b,0,0,TrialProc,TrialList,1,1,Keyboard,0,14,41146,517,1,366,41512,10,2,10,NonTarget,11
NB_DURING,1,1,B,"<?xml version=""1.0""?>\n<Clock xmlns:dt=""urn:schemas-microsoft-com:datatypes""><Description dt:dt=""string"">E-Prime Primary Realtime Clock</Description><StartTime><Timestamp dt:dt=""int"">0</Timestamp><DateUtc dt:dt=""string"">2021-07-01T16:07:05Z</DateUtc></StartTime><FrequencyChanges><FrequencyChange><Frequency dt:dt=""r8"">2835939</Frequency><Timestamp dt:dt=""r8"">2403931670239</Timestamp><Current dt:dt=""r8"">0</Current><DateUtc dt:dt=""string"">2021-07-01T16:07:05Z</DateUtc></FrequencyChange></FrequencyChanges></Clock>\n",N,1,SL001_N1N6D3B,6,1.0.0.786,1,91.67,0.276385399,Press SPACEBAR to begin.,1,100,0,0,97.44,59.991,-1249491591,Full,3.0.3.80,3.0.3.80,7/1/21,7/1/21 16:07,11:07:05,3.0.3.82,D3,0,1,2,Keyboard,1,1,2,1,BlockProc,BlockList,1,1,1,1,Thank you!,Keyboard,Keyboard,No,BlockTrialProc,BlockTrialList,11,1,,1,0,4,t,0,0,TrialProc,TrialList,1,1,Keyboard,0,15,44180,516,1,398,44578,11,2,11,NonTarget,11
NB_DURING,1,1,B,"<?xml version=""1.0""?>\n<Clock xmlns:dt=""urn:schemas-microsoft-com:datatypes""><Description dt:dt=""string"">E-Prime Primary Realtime Clock</Description><StartTime><Timestamp dt:dt=""int"">0</Timestamp><DateUtc dt:dt=""string"">2021-07-01T16:07:05Z</DateUtc></StartTime><FrequencyChanges><FrequencyChange><Frequency dt:dt=""r8"">2835939</Frequency><Timestamp dt:dt=""r8"">2403931670239</Timestamp><Current dt:dt=""r8"">0</Current><DateUtc dt:dt=""string"">2021-07-01T16:07:05Z</DateUtc></FrequencyChange></FrequencyChanges></Clock>\n",N,1,SL001_N1N6D3B,6,1.0.0.786,1,91.67,0.276385399,Press SPACEBAR to begin.,1,100,0,0,97.44,59.991,-1249491591,Full,3.0.3.80,3.0.3.80,7/1/21,7/1/21 16:07,11:07:05,3.0.3.82,D3,0,1,2,Keyboard,1,1,2,1,BlockProc,BlockList,1,1,1,1,Thank you!,Keyboard,Keyboard,No,BlockTrialProc,BlockTrialList,12,1,,1,0,4,k,0,0,TrialProc,TrialList,1,1,Keyboard,0,15,47213,517,1,452,47665,12,2,12,NonTarget,11
NB_DURING,1,1,B,"<?xml version=""1.0""?>\n<Clock xmlns:dt=""urn:schemas-microsoft-com:datatypes""><Description dt:dt=""string"">E-Prime Primary Realtime Clock</Description><StartTime><Timestamp dt:dt=""int"">0</Timestamp><DateUtc dt:dt=""string"">2021-07-01T16:07:05Z</DateUtc></StartTime><FrequencyChanges><FrequencyChange><Frequency dt:dt=""r8"">2835939</Frequency><Timestamp dt:dt=""r8"">2403931670239</Timestamp><Current dt:dt=""r8"">0</Current><DateUtc dt:dt=""string"">2021-07-01T16:07:05Z</DateUtc></FrequencyChange></FrequencyChanges></Clock>\n",N,1,SL001_N1N6D3B,6,1.0.0.786,1,91.67,0.276385399,Press SPACEBAR to begin.,1,100,0,0,97.44,59.991,-1249491591,Full,3.0.3.80,3.0.3.80,7/1/21,7/1/21 16:07,11:07:05,3.0.3.82,D3,0,1,2,Keyboard,1,1,2,1,BlockProc,BlockList,1,1,1,1,Thank you!,Keyboard,Keyboard,No,BlockTrialProc,BlockTrialList,13,4,,1,0,1,K,0,0,TrialProc,TrialList,1,4,Keyboard,0,14,50246,517,4,522,50768,13,2,13,Target,44
NB_DURING,1,1,B,"<?xml version=""1.0""?>\n<Clock xmlns:dt=""urn:schemas-microsoft-com:datatypes""><Description dt:dt=""string"">E-Prime Primary Realtime Clock</Description><StartTime><Timestamp dt:dt=""int"">0</Timestamp><DateUtc dt:dt=""string"">2021-07-01T16:07:05Z</DateUtc></StartTime><FrequencyChanges><FrequencyChange><Frequency dt:dt=""r8"">2835939</Frequency><Timestamp dt:dt=""r8"">2403931670239</Timestamp><Current dt:dt=""r8"">0</Current><DateUtc dt:dt=""string"">2021-07-01T16:07:05Z</DateUtc></FrequencyChange></FrequencyChanges></Clock>\n",N,1,SL001_N1N6D3B,6,1.0.0.786,1,91.67,0.276385399,Press SPACEBAR to begin.,1,100,0,0,97.44,59.991,-1249491591,Full,3.0.3.80,3.0.3.80,7/1/21,7/1/21 16:07,11:07:05,3.0.3.82,D3,0,1,2,Keyboard,1,1,2,1,BlockProc,BlockList,1,1,1,1,Thank you!,Keyboard,Keyboard,No,BlockTrialProc,BlockTrialList,14,1,,1,0,4,T,0,0,TrialProc,TrialList,1,1,Keyboard,0,15,53280,516,1,336,53616,14,2,14,NonTarget,11
NB_DURING,1,1,B,"<?xml version=""1.0""?>\n<Clock xmlns:dt=""urn:schemas-microsoft-com:datatypes""><Description dt:dt=""string"">E-Prime Primary Realtime Clock</Description><StartTime><Timestamp dt:dt=""int"">0</Timestamp><DateUtc dt:dt=""string"">2021-07-01T16:07:05Z</DateUtc></StartTime><FrequencyChanges><FrequencyChange><Frequency dt:dt=""r8"">2835939</Frequency><Timestamp dt:dt=""r8"">2403931670239</Timestamp><Current dt:dt=""r8"">0</Current><DateUtc dt:dt=""string"">2021-07-01T16:07:05Z</DateUtc></FrequencyChange></FrequencyChanges></Clock>\n",N,1,SL001_N1N6D3B,6,1.0.0.786,1,91.67,0.276385399,Press SPACEBAR to begin.,1,100,0,0,97.44,59.991,-1249491591,Full,3.0.3.80,3.0.3.80,7/1/21,7/1/21 16:07,11:07:05,3.0.3.82,D3,0,1,2,Keyboard,1,1,2,1,BlockProc,BlockList,1,1,1,1,Thank you!,Keyboard,Keyboard,No,BlockTrialProc,BlockTrialList,15,4,,1,0,1,T,0,0,TrialProc,TrialList,1,4,Keyboard,0,15,56313,517,4,372,56685,15,2,15,Target,44
NB_DURING,1,1,B,"<?xml version=""1.0""?>\n<Clock xmlns:dt=""urn:schemas-microsoft-com:datatypes""><Description dt:dt=""string"">E-Prime Primary Realtime Clock</Description><StartTime><Timestamp dt:dt=""int"">0</Timestamp><DateUtc dt:dt=""string"">2021-07-01T16:07:05Z</DateUtc></StartTime><FrequencyChanges><FrequencyChange><Frequency dt:dt=""r8"">2835939</Frequency><Timestamp dt:dt=""r8"">2403931670239</Timestamp><Current dt:dt=""r8"">0</Current><DateUtc dt:dt=""string"">2021-07-01T16:07:05Z</DateUtc></FrequencyChange></FrequencyChanges></Clock>\n",N,1,SL001_N1N6D3B,6,1.0.0.786,1,91.67,0.276385399,Press SPACEBAR to begin.,1,100,0,0,97.44,59.991,-1249491591,Full,3.0.3.80,3.0.3.80,7/1/21,7/1/21 16:07,11:07:05,3.0.3.82,D3,0,1,2,Keyboard,1,1,2,1,BlockProc,BlockList,1,1,1,1,Thank you!,Keyboard,Keyboard,No,BlockTrialProc,BlockTrialList,16,4,,1,0,1,t,0,0,TrialProc,TrialList,1,4,Keyboard,0,14,59346,517,4,463,59809,16,2,16,Target,44
NB_DURING,1,1,B,"<?xml version=""1.0""?>\n<Clock xmlns:dt=""urn:schemas-microsoft-com:datatypes""><Description dt:dt=""string"">E-Prime Primary Realtime Clock</Description><StartTime><Timestamp dt:dt=""int"">0</Timestamp><DateUtc dt:dt=""string"">2021-07-01T16:07:05Z</DateUtc></StartTime><FrequencyChanges><FrequencyChange><Frequency dt:dt=""r8"">2835939</Frequency><Timestamp dt:dt=""r8"">2403931670239</Timestamp><Current dt:dt=""r8"">0</Current><DateUtc dt:dt=""string"">2021-07-01T16:07:05Z</DateUtc></FrequencyChange></FrequencyChanges></Clock>\n",N,1,SL001_N1N6D3B,6,1.0.0.786,1,91.67,0.276385399,Press SPACEBAR to begin.,1,100,0,0,97.44,59.991,-1249491591,Full,3.0.3.80,3.0.3.80,7/1/21,7/1/21 16:07,11:07:05,3.0.3.82,D3,0,1,2,Keyboard,1,1,2,1,BlockProc,BlockList,1,1,1,1,Thank you!,Keyboard,Keyboard,No,BlockTrialProc,BlockTrialList,17,4,,1,0,1,T,0,0,TrialProc,TrialList,1,4,Keyboard,0,15,62380,516,4,389,62769,17,2,17,Target,44
NB_DURING,1,1,B,"<?xml version=""1.0""?>\n<Clock xmlns:dt=""urn:schemas-microsoft-com:datatypes""><Description dt:dt=""string"">E-Prime Primary Realtime Clock</Description><StartTime><Timestamp dt:dt=""int"">0</Timestamp><DateUtc dt:dt=""string"">2021-07-01T16:07:05Z</DateUtc></StartTime><FrequencyChanges><FrequencyChange><Frequency dt:dt=""r8"">2835939</Frequency><Timestamp dt:dt=""r8"">2403931670239</Timestamp><Current dt:dt=""r8"">0</Current><DateUtc dt:dt=""string"">2021-07-01T16:07:05Z</DateUtc></FrequencyChange></FrequencyChanges></Clock>\n",N,1,SL001_N1N6D3B,6,1.0.0.786,1,91.67,0.276385399,Press SPACEBAR to begin.,1,100,0,0,97.44,59.991,-1249491591,Full,3.0.3.80,3.0.3.80,7/1/21,7/1/21 16:07,11:07:05,3.0.3.82,D3,0,1,2,Keyboard,1,1,2,1,BlockProc,BlockList,1,1,1,1,Thank you!,Keyboard,Keyboard,No,BlockTrialProc,BlockTrialList,18,1,,1,0,4,r,0,0,TrialProc,TrialList,1,1,Keyboard,0,15,65413,517,1,461,65874,18,2,18,NonTarget,11
NB_DURING,1,1,B,"<?xml version=""1.0""?>\n<Clock xmlns:dt=""urn:schemas-microsoft-com:datatypes""><Description dt:dt=""string"">E-Prime Primary Realtime Clock</Description><StartTime><Timestamp dt:dt=""int"">0</Timestamp><DateUtc dt:dt=""string"">2021-07-01T16:07:05Z</DateUtc></StartTime><FrequencyChanges><FrequencyChange><Frequency dt:dt=""r8"">2835939</Frequency><Timestamp dt:dt=""r8"">2403931670239</Timestamp><Current dt:dt=""r8"">0</Current><DateUtc dt:dt=""string"">2021-07-01T16:07:05Z</DateUtc></FrequencyChange></FrequencyChanges></Clock>\n",N,1,SL001_N1N6D3B,6,1.0.0.786,1,91.67,0.276385399,Press SPACEBAR to begin.,1,100,0,0,97.44,59.991,-1249491591,Full,3.0.3.80,3.0.3.80,7/1/21,7/1/21 16:07,11:07:05,3.0.3.82,D3,0,1,2,Keyboard,1,1,2,1,BlockProc,BlockList,1,1,1,1,Thank you!,Keyboard,Keyboard,No,BlockTrialProc,BlockTrialList,19,1,,1,0,4,x,0,0,TrialProc,TrialList,1,1,Keyboard,0,14,68446,517,1,328,68774,19,2,19,NonTarget,11
NB_DURING,1,1,B,"<?xml version=""1.0""?>\n<Clock xmlns:dt=""urn:schemas-microsoft-com:datatypes""><Description dt:dt=""string"">E-Prime Primary Realtime Clock</Description><StartTime><Timestamp dt:dt=""int"">0</Timestamp><DateUtc dt:dt=""string"">2021-07-01T16:07:05Z</DateUtc></StartTime><FrequencyChanges><FrequencyChange><Frequency dt:dt=""r8"">2835939</Frequency><Timestamp dt:dt=""r8"">2403931670239</Timestamp><Current dt:dt=""r8"">0</Current><DateUtc dt:dt=""string"">2021-07-01T16:07:05Z</DateUtc></FrequencyChange></FrequencyChanges></Clock>\n",N,1,SL001_N1N6D3B,6,1.0.0.786,1,91.67,0.276385399,Press SPACEBAR to begin.,1,100,0,0,97.44,59.991,-1249491591,Full,3.0.3.80,3.0.3.80,7/1/21,7/1/21 16:07,11:07:05,3.0.3.82,D3,0,1,2,Keyboard,1,1,2,1,BlockProc,BlockList,1,1,1,1,Thank you!,Keyboard,Keyboard,No,BlockTrialProc,BlockTrialList,20,1,,1,0,4,K,0,0,TrialProc,TrialList,1,1,Keyboard,0,15,71480,516,1,533,72013,20,2,20,NonTarget,11
NB_DURING,1,1,B,"<?xml version=""1.0""?>\n<Clock xmlns:dt=""urn:schemas-microsoft-com:datatypes""><Description dt:dt=""string"">E-Prime Primary Realtime Clock</Description><StartTime><Timestamp dt:dt=""int"">0</Timestamp><DateUtc dt:dt=""string"">2021-07-01T16:07:05Z</DateUtc></StartTime><FrequencyChanges><FrequencyChange><Frequency dt:dt=""r8"">2835939</Frequency><Timestamp dt:dt=""r8"">2403931670239</Timestamp><Current dt:dt=""r8"">0</Current><DateUtc dt:dt=""string"">2021-07-01T16:07:05Z</DateUtc></FrequencyChange></FrequencyChanges></Clock>\n",N,1,SL001_N1N6D3B,6,1.0.0.786,1,91.67,0.276385399,Press SPACEBAR to begin.,1,100,0,0,97.44,59.991,-1249491591,Full,3.0.3.80,3.0.3.80,7/1/21,7/1/21 16:07,11:07:05,3.0.3.82,D3,0,1,2,Keyboard,1,1,2,1,BlockProc,BlockList,1,1,1,1,Thank you!,Keyboard,Keyboard,No,BlockTrialProc,BlockTrialList,21,1,,1,0,4,t,0,0,TrialProc,TrialList,1,1,Keyboard,0,15,74513,517,1,306,74819,21,2,21,NonTarget,11
NB_DURING,1,1,B,"<?xml version=""1.0""?>\n<Clock xmlns:dt=""urn:schemas-microsoft-com:datatypes""><Description dt:dt=""string"">E-Prime Primary Realtime Clock</Description><StartTime><Timestamp dt:dt=""int"">0</Timestamp><DateUtc dt:dt=""string"">2021-07-01T16:07:05Z</DateUtc></StartTime><FrequencyChanges><FrequencyChange><Frequency dt:dt=""r8"">2835939</Frequency><Timestamp dt:dt=""r8"">2403931670239</Timestamp><Current dt:dt=""r8"">0</Current><DateUtc dt:dt=""string"">2021-07-01T16:07:05Z</DateUtc></FrequencyChange></FrequencyChanges></Clock>\n",N,1,SL001_N1N6D3B,6,1.0.0.786,1,91.67,0.276385399,Press SPACEBAR to begin.,1,100,0,0,97.44,59.991,-1249491591,Full,3.0.3.80,3.0.3.80,7/1/21,7/1/21 16:07,11:07:05,3.0.3.82,D3,0,1,2,Keyboard,1,1,2,1,BlockProc,BlockList,1,1,1,1,Thank you!,Keyboard,Keyboard,No,BlockTrialProc,BlockTrialList,22,1,,1,0,4,S,0,0,TrialProc,TrialList,1,1,Keyboard,0,14,77546,517,1,314,77860,22,2,22,NonTarget,11
NB_DURING,1,1,B,"<?xml version=""1.0""?>\n<Clock xmlns:dt=""urn:schemas-microsoft-com:datatypes""><Description dt:dt=""string"">E-Prime Primary Realtime Clock</Description><StartTime><Timestamp dt:dt=""int"">0</Timestamp><DateUtc dt:dt=""string"">2021-07-01T16:07:05Z</DateUtc></StartTime><FrequencyChanges><FrequencyChange><Frequency dt:dt=""r8"">2835939</Frequency><Timestamp dt:dt=""r8"">2403931670239</Timestamp><Current dt:dt=""r8"">0</Current><DateUtc dt:dt=""string"">2021-07-01T16:07:05Z</DateUtc></FrequencyChange></FrequencyChanges></Clock>\n",N,1,SL001_N1N6D3B,6,1.0.0.786,1,91.67,0.276385399,Press SPACEBAR to begin.,1,100,0,0,97.44,59.991,-1249491591,Full,3.0.3.80,3.0.3.80,7/1/21,7/1/21 16:07,11:07:05,3.0.3.82,D3,0,1,2,Keyboard,1,1,2,1,BlockProc,BlockList,1,1,1,1,Thank you!,Keyboard,Keyboard,No,BlockTrialProc,BlockTrialList,23,4,,1,0,1,S,0,0,TrialProc,TrialList,1,4,Keyboard,0,15,80580,516,4,436,81016,23,2,23,Target,44
NB_DURING,1,1,B,"<?xml version=""1.0""?>\n<Clock xmlns:dt=""urn:schemas-microsoft-com:datatypes""><Description dt:dt=""string"">E-Prime Primary Realtime Clock</Description><StartTime><Timestamp dt:dt=""int"">0</Timestamp><DateUtc dt:dt=""string"">2021-07-01T16:07:05Z</DateUtc></StartTime><FrequencyChanges><FrequencyChange><Frequency dt:dt=""r8"">2835939</Frequency><Timestamp dt:dt=""r8"">2403931670239</Timestamp><Current dt:dt=""r8"">0</Current><DateUtc dt:dt=""string"">2021-07-01T16:07:05Z</DateUtc></FrequencyChange></FrequencyChanges></Clock>\n",N,1,SL001_N1N6D3B,6,1.0.0.786,1,91.67,0.276385399,Press SPACEBAR to begin.,1,100,0,0,97.44,59.991,-1249491591,Full,3.0.3.80,3.0.3.80,7/1/21,7/1/21 16:07,11:07:05,3.0.3.82,D3,0,1,2,Keyboard,1,1,2,1,BlockProc,BlockList,1,1,1,1,Thank you!,Keyboard,Keyboard,No,BlockTrialProc,BlockTrialList,24,4,,1,0,1,s,0,0,TrialProc,TrialList,1,4,Keyboard,0,15,83613,517,4,380,83993,24,2,24,Target,44
NB_DURING,1,1,B,"<?xml version=""1.0""?>\n<Clock xmlns:dt=""urn:schemas-microsoft-com:datatypes""><Description dt:dt=""string"">E-Prime Primary Realtime Clock</Description><StartTime><Timestamp dt:dt=""int"">0</Timestamp><DateUtc dt:dt=""string"">2021-07-01T16:07:05Z</DateUtc></StartTime><FrequencyChanges><FrequencyChange><Frequency dt:dt=""r8"">2835939</Frequency><Timestamp dt:dt=""r8"">2403931670239</Timestamp><Current dt:dt=""r8"">0</Current><DateUtc dt:dt=""string"">2021-07-01T16:07:05Z</DateUtc></FrequencyChange></FrequencyChanges></Clock>\n",N,1,SL001_N1N6D3B,6,1.0.0.786,1,91.67,0.276385399,Press SPACEBAR to begin.,1,100,0,0,97.44,59.991,-1249491591,Full,3.0.3.80,3.0.3.80,7/1/21,7/1/21 16:07,11:07:05,3.0.3.82,D3,0,1,2,Keyboard,1,1,2,1,BlockProc,BlockList,1,1,1,1,Thank you!,Keyboard,Keyboard,No,BlockTrialProc,BlockTrialList,25,1,,1,0,4,P,0,0,TrialProc,TrialList,1,1,Keyboard,0,14,86646,517,1,303,86949,25,2,25,NonTarget,11
NB_DURING,1,1,B,"<?xml version=""1.0""?>\n<Clock xmlns:dt=""urn:schemas-microsoft-com:datatypes""><Description dt:dt=""string"">E-Prime Primary Realtime Clock</Description><StartTime><Timestamp dt:dt=""int"">0</Timestamp><DateUtc dt:dt=""string"">2021-07-01T16:07:05Z</DateUtc></StartTime><FrequencyChanges><FrequencyChange><Frequency dt:dt=""r8"">2835939</Frequency><Timestamp dt:dt=""r8"">2403931670239</Timestamp><Current dt:dt=""r8"">0</Current><DateUtc dt:dt=""string"">2021-07-01T16:07:05Z</DateUtc></FrequencyChange></FrequencyChanges></Clock>\n",N,1,SL001_N1N6D3B,6,1.0.0.786,1,91.67,0.276385399,Press SPACEBAR to begin.,1,100,0,0,97.44,59.991,-1249491591,Full,3.0.3.80,3.0.3.80,7/1/21,7/1/21 16:07,11:07:05,3.0.3.82,D3,0,1,2,Keyboard,1,1,2,1,BlockProc,BlockList,1,1,1,1,Thank you!,Keyboard,Keyboard,No,BlockTrialProc,BlockTrialList,26,4,,1,0,1,P,0,0,TrialProc,TrialList,1,4,Keyboard,0,15,89680,517,4,359,90039,26,2,26,Target,44
NB_DURING,1,1,B,"<?xml version=""1.0""?>\n<Clock xmlns:dt=""urn:schemas-microsoft-com:datatypes""><Description dt:dt=""string"">E-Prime Primary Realtime Clock</Description><StartTime><Timestamp dt:dt=""int"">0</Timestamp><DateUtc dt:dt=""string"">2021-07-01T16:07:05Z</DateUtc></StartTime><FrequencyChanges><FrequencyChange><Frequency dt:dt=""r8"">2835939</Frequency><Timestamp dt:dt=""r8"">2403931670239</Timestamp><Current dt:dt=""r8"">0</Current><DateUtc dt:dt=""string"">2021-07-01T16:07:05Z</DateUtc></FrequencyChange></FrequencyChanges></Clock>\n",N,1,SL001_N1N6D3B,6,1.0.0.786,1,91.67,0.276385399,Press SPACEBAR to begin.,1,100,0,0,97.44,59.991,-1249491591,Full,3.0.3.80,3.0.3.80,7/1/21,7/1/21 16:07,11:07:05,3.0.3.82,D3,0,1,2,Keyboard,1,1,2,1,BlockProc,BlockList,1,1,1,1,Thank you!,Keyboard,Keyboard,No,BlockTrialProc,BlockTrialList,27,1,,1,0,4,f,0,0,TrialProc,TrialList,1,1,Keyboard,0,14,92713,517,1,434,93147,27,2,27,NonTarget,11
NB_DURING,1,1,B,"<?xml version=""1.0""?>\n<Clock xmlns:dt=""urn:schemas-microsoft-com:datatypes""><Description dt:dt=""string"">E-Prime Primary Realtime Clock</Description><StartTime><Timestamp dt:dt=""int"">0</Timestamp><DateUtc dt:dt=""string"">2021-07-01T16:07:05Z</DateUtc></StartTime><FrequencyChanges><FrequencyChange><Frequency dt:dt=""r8"">2835939</Frequency><Timestamp dt:dt=""r8"">2403931670239</Timestamp><Current dt:dt=""r8"">0</Current><DateUtc dt:dt=""string"">2021-07-01T16:07:05Z</DateUtc></FrequencyChange></FrequencyChanges></Clock>\n",N,1,SL001_N1N6D3B,6,1.0.0.786,1,91.67,0.276385399,Press SPACEBAR to begin.,1,100,0,0,97.44,59.991,-1249491591,Full,3.0.3.80,3.0.3.80,7/1/21,7/1/21 16:07,11:07:05,3.0.3.82,D3,0,1,2,Keyboard,1,1,2,1,BlockProc,BlockList,1,1,1,1,Thank you!,Keyboard,Keyboard,No,BlockTrialProc,BlockTrialList,28,1,,1,0,4,c,0,0,TrialProc,TrialList,1,1,Keyboard,0,15,95747,516,1,312,96059,28,2,28,NonTarget,11
NB_DURING,1,1,B,"<?xml version=""1.0""?>\n<Clock xmlns:dt=""urn:schemas-microsoft-com:datatypes""><Description dt:dt=""string"">E-Prime Primary Realtime Clock</Description><StartTime><Timestamp dt:dt=""int"">0</Timestamp><DateUtc dt:dt=""string"">2021-07-01T16:07:05Z</DateUtc></StartTime><FrequencyChanges><FrequencyChange><Frequency dt:dt=""r8"">2835939</Frequency><Timestamp dt:dt=""r8"">2403931670239</Timestamp><Current dt:dt=""r8"">0</Current><DateUtc dt:dt=""string"">2021-07-01T16:07:05Z</DateUtc></FrequencyChange></FrequencyChanges></Clock>\n",N,1,SL001_N1N6D3B,6,1.0.0.786,1,91.67,0.276385399,Press SPACEBAR to begin.,1,100,0,0,97.44,59.991,-1249491591,Full,3.0.3.80,3.0.3.80,7/1/21,7/1/21 16:07,11:07:05,3.0.3.82,D3,0,1,2,Keyboard,1,1,2,1,BlockProc,BlockList,1,1,1,1,Thank you!,Keyboard,Keyboard,No,BlockTrialProc,BlockTrialList,29,4,,1,0,1,c,0,0,TrialProc,TrialList,1,4,Keyboard,0,15,98780,517,4,406,99186,29,2,29,Target,44
NB_DURING,1,1,B,"<?xml version=""1.0""?>\n<Clock xmlns:dt=""urn:schemas-microsoft-com:datatypes""><Description dt:dt=""string"">E-Prime Primary Realtime Clock</Description><StartTime><Timestamp dt:dt=""int"">0</Timestamp><DateUtc dt:dt=""string"">2021-07-01T16:07:05Z</DateUtc></StartTime><FrequencyChanges><FrequencyChange><Frequency dt:dt=""r8"">2835939</Frequency><Timestamp dt:dt=""r8"">2403931670239</Timestamp><Current dt:dt=""r8"">0</Current><DateUtc dt:dt=""string"">2021-07-01T16:07:05Z</DateUtc></FrequencyChange></FrequencyChanges></Clock>\n",N,1,SL001_N1N6D3B,6,1.0.0.786,1,91.67,0.276385399,Press SPACEBAR to begin.,1,100,0,0,97.44,59.991,-1249491591,Full,3.0.3.80,3.0.3.80,7/1/21,7/1/21 16:07,11:07:05,3.0.3.82,D3,0,1,2,Keyboard,1,1,2,1,BlockProc,BlockList,1,1,1,1,Thank you!,Keyboard,Keyboard,No,BlockTrialProc,BlockTrialList,30,1,,1,0,4,S,0,0,TrialProc,TrialList,1,1,Keyboard,0,14,101813,517,1,380,102193,30,2,30,NonTarget,11
NB_DURING,1,1,B,"<?xml version=""1.0""?>\n<Clock xmlns:dt=""urn:schemas-microsoft-com:datatypes""><Description dt:dt=""string"">E-Prime Primary Realtime Clock</Description><StartTime><Timestamp dt:dt=""int"">0</Timestamp><DateUtc dt:dt=""string"">2021-07-01T16:07:05Z</DateUtc></StartTime><FrequencyChanges><FrequencyChange><Frequency dt:dt=""r8"">2835939</Frequency><Timestamp dt:dt=""r8"">2403931670239</Timestamp><Current dt:dt=""r8"">0</Current><DateUtc dt:dt=""string"">2021-07-01T16:07:05Z</DateUtc></FrequencyChange></FrequencyChanges></Clock>\n",N,1,SL001_N1N6D3B,6,1.0.0.786,1,91.67,0.276385399,Press SPACEBAR to begin.,1,100,0,0,97.44,59.991,-1249491591,Full,3.0.3.80,3.0.3.80,7/1/21,7/1/21 16:07,11:07:05,3.0.3.82,D3,0,1,2,Keyboard,1,1,2,1,BlockProc,BlockList,1,1,1,1,Thank you!,Keyboard,Keyboard,No,BlockTrialProc,BlockTrialList,31,4,,1,0,1,s,0,0,TrialProc,TrialList,1,4,Keyboard,0,15,104847,516,4,386,105233,31,2,31,Target,44
NB_DURING,1,1,B,"<?xml version=""1.0""?>\n<Clock xmlns:dt=""urn:schemas-microsoft-com:datatypes""><Description dt:dt=""string"">E-Prime Primary Realtime Clock</Description><StartTime><Timestamp dt:dt=""int"">0</Timestamp><DateUtc dt:dt=""string"">2021-07-01T16:07:05Z</DateUtc></StartTime><FrequencyChanges><FrequencyChange><Frequency dt:dt=""r8"">2835939</Frequency><Timestamp dt:dt=""r8"">2403931670239</Timestamp><Current dt:dt=""r8"">0</Current><DateUtc dt:dt=""string"">2021-07-01T16:07:05Z</DateUtc></FrequencyChange></FrequencyChanges></Clock>\n",N,1,SL001_N1N6D3B,6,1.0.0.786,1,91.67,0.276385399,Press SPACEBAR to begin.,1,100,0,0,97.44,59.991,-1249491591,Full,3.0.3.80,3.0.3.80,7/1/21,7/1/21 16:07,11:07:05,3.0.3.82,D3,0,1,2,Keyboard,1,1,2,1,BlockProc,BlockList,1,1,1,1,Thank you!,Keyboard,Keyboard,No,BlockTrialProc,BlockTrialList,32,1,,1,0,4,P,0,0,TrialProc,TrialList,1,1,Keyboard,0,15,107880,517,1,327,108207,32,2,32,NonTarget,11
NB_DURING,1,1,B,"<?xml version=""1.0""?>\n<Clock xmlns:dt=""urn:schemas-microsoft-com:datatypes""><Description dt:dt=""string"">E-Prime Primary Realtime Clock</Description><StartTime><Timestamp dt:dt=""int"">0</Timestamp><DateUtc dt:dt=""string"">2021-07-01T16:07:05Z</DateUtc></StartTime><FrequencyChanges><FrequencyChange><Frequency dt:dt=""r8"">2835939</Frequency><Timestamp dt:dt=""r8"">2403931670239</Timestamp><Current dt:dt=""r8"">0</Current><DateUtc dt:dt=""string"">2021-07-01T16:07:05Z</DateUtc></FrequencyChange></FrequencyChanges></Clock>\n",N,1,SL001_N1N6D3B,6,1.0.0.786,1,91.67,0.276385399,Press SPACEBAR to begin.,1,100,0,0,97.44,59.991,-1249491591,Full,3.0.3.80,3.0.3.80,7/1/21,7/1/21 16:07,11:07:05,3.0.3.82,D3,0,1,2,Keyboard,1,1,2,1,BlockProc,BlockList,1,1,1,1,Thank you!,Keyboard,Keyboard,No,BlockTrialProc,BlockTrialList,33,1,,1,0,4,x,0,0,TrialProc,TrialList,1,1,Keyboard,0,14,110913,517,1,357,111270,33,2,33,NonTarget,11
NB_DURING,1,1,B,"<?xml version=""1.0""?>\n<Clock xmlns:dt=""urn:schemas-microsoft-com:datatypes""><Description dt:dt=""string"">E-Prime Primary Realtime Clock</Description><StartTime><Timestamp dt:dt=""int"">0</Timestamp><DateUtc dt:dt=""string"">2021-07-01T16:07:05Z</DateUtc></StartTime><FrequencyChanges><FrequencyChange><Frequency dt:dt=""r8"">2835939</Frequency><Timestamp dt:dt=""r8"">2403931670239</Timestamp><Current dt:dt=""r8"">0</Current><DateUtc dt:dt=""string"">2021-07-01T16:07:05Z</DateUtc></FrequencyChange></FrequencyChanges></Clock>\n",N,1,SL001_N1N6D3B,6,1.0.0.786,1,91.67,0.276385399,Press SPACEBAR to begin.,1,100,0,0,97.44,59.991,-1249491591,Full,3.0.3.80,3.0.3.80,7/1/21,7/1/21 16:07,11:07:05,3.0.3.82,D3,0,1,2,Keyboard,1,1,2,1,BlockProc,BlockList,1,1,1,1,Thank you!,Keyboard,Keyboard,No,BlockTrialProc,BlockTrialList,34,1,,1,0,4,f,0,0,TrialProc,TrialList,1,1,Keyboard,0,15,113947,516,1,358,114305,34,2,34,NonTarget,11
NB_DURING,1,1,B,"<?xml version=""1.0""?>\n<Clock xmlns:dt=""urn:schemas-microsoft-com:datatypes""><Description dt:dt=""string"">E-Prime Primary Realtime Clock</Description><StartTime><Timestamp dt:dt=""int"">0</Timestamp><DateUtc dt:dt=""string"">2021-07-01T16:07:05Z</DateUtc></StartTime><FrequencyChanges><FrequencyChange><Frequency dt:dt=""r8"">2835939</Frequency><Timestamp dt:dt=""r8"">2403931670239</Timestamp><Current dt:dt=""r8"">0</Current><DateUtc dt:dt=""string"">2021-07-01T16:07:05Z</DateUtc></FrequencyChange></FrequencyChanges></Clock>\n",N,1,SL001_N1N6D3B,6,1.0.0.786,1,91.67,0.276385399,Press SPACEBAR to begin.,1,100,0,0,97.44,59.991,-1249491591,Full,3.0.3.80,3.0.3.80,7/1/21,7/1/21 16:07,11:07:05,3.0.3.82,D3,0,1,2,Keyboard,1,1,2,1,BlockProc,BlockList,1,1,1,1,Thank you!,Keyboard,Keyboard,No,BlockTrialProc,BlockTrialList,35,4,,1,0,1,f,0,0,TrialProc,TrialList,1,4,Keyboard,0,15,116980,517,4,539,117519,35,2,35,Target,44
NB_DURING,1,1,B,"<?xml version=""1.0""?>\n<Clock xmlns:dt=""urn:schemas-microsoft-com:datatypes""><Description dt:dt=""string"">E-Prime Primary Realtime Clock</Description><StartTime><Timestamp dt:dt=""int"">0</Timestamp><DateUtc dt:dt=""string"">2021-07-01T16:07:05Z</DateUtc></StartTime><FrequencyChanges><FrequencyChange><Frequency dt:dt=""r8"">2835939</Frequency><Timestamp dt:dt=""r8"">2403931670239</Timestamp><Current dt:dt=""r8"">0</Current><DateUtc dt:dt=""string"">2021-07-01T16:07:05Z</DateUtc></FrequencyChange></FrequencyChanges></Clock>\n",N,1,SL001_N1N6D3B,6,1.0.0.786,1,91.67,0.276385399,Press SPACEBAR to begin.,1,100,0,0,97.44,59.991,-1249491591,Full,3.0.3.80,3.0.3.80,7/1/21,7/1/21 16:07,11:07:05,3.0.3.82,D3,0,1,2,Keyboard,1,1,2,1,BlockProc,BlockList,1,1,1,1,Thank you!,Keyboard,Keyboard,No,BlockTrialProc,BlockTrialList,36,1,,1,0,4,s,0,0,TrialProc,TrialList,1,1,Keyboard,0,14,120013,517,1,416,120429,36,2,36,NonTarget,11
NB_DURING,1,1,B,"<?xml version=""1.0""?>\n<Clock xmlns:dt=""urn:schemas-microsoft-com:datatypes""><Description dt:dt=""string"">E-Prime Primary Realtime Clock</Description><StartTime><Timestamp dt:dt=""int"">0</Timestamp><DateUtc dt:dt=""string"">2021-07-01T16:07:05Z</DateUtc></StartTime><FrequencyChanges><FrequencyChange><Frequency dt:dt=""r8"">2835939</Frequency><Timestamp dt:dt=""r8"">2403931670239</Timestamp><Current dt:dt=""r8"">0</Current><DateUtc dt:dt=""string"">2021-07-01T16:07:05Z</DateUtc></FrequencyChange></FrequencyChanges></Clock>\n",N,1,SL001_N1N6D3B,6,1.0.0.786,1,91.67,0.276385399,Press SPACEBAR to begin.,1,100,0,0,97.44,59.991,-1249491591,Full,3.0.3.80,3.0.3.80,7/1/21,7/1/21 16:07,11:07:05,3.0.3.82,D3,0,1,2,Keyboard,1,1,2,1,BlockProc,BlockList,1,1,1,1,Thank you!,Keyboard,Keyboard,No,BlockTrialProc,BlockTrialList,37,1,,1,0,4,F,0,0,TrialProc,TrialList,1,1,Keyboard,0,15,123047,516,1,616,123663,37,2,37,NonTarget,11
NB_DURING,1,1,B,"<?xml version=""1.0""?>\n<Clock xmlns:dt=""urn:schemas-microsoft-com:datatypes""><Description dt:dt=""string"">E-Prime Primary Realtime Clock</Description><StartTime><Timestamp dt:dt=""int"">0</Timestamp><DateUtc dt:dt=""string"">2021-07-01T16:07:05Z</DateUtc></StartTime><FrequencyChanges><FrequencyChange><Frequency dt:dt=""r8"">2835939</Frequency><Timestamp dt:dt=""r8"">2403931670239</Timestamp><Current dt:dt=""r8"">0</Current><DateUtc dt:dt=""string"">2021-07-01T16:07:05Z</DateUtc></FrequencyChange></FrequencyChanges></Clock>\n",N,1,SL001_N1N6D3B,6,1.0.0.786,1,91.67,0.276385399,Press SPACEBAR to begin.,1,100,0,0,97.44,59.991,-1249491591,Full,3.0.3.80,3.0.3.80,7/1/21,7/1/21 16:07,11:07:05,3.0.3.82,D3,0,1,2,Keyboard,1,1,2,1,BlockProc,BlockList,1,1,1,1,Thank you!,Keyboard,Keyboard,No,BlockTrialProc,BlockTrialList,38,4,,1,0,1,F,0,0,TrialProc,TrialList,1,4,Keyboard,0,15,126080,517,4,362,126442,38,2,38,Target,44
NB_DURING,1,1,B,"<?xml version=""1.0""?>\n<Clock xmlns:dt=""urn:schemas-microsoft-com:datatypes""><Description dt:dt=""string"">E-Prime Primary Realtime Clock</Description><StartTime><Timestamp dt:dt=""int"">0</Timestamp><DateUtc dt:dt=""string"">2021-07-01T16:07:05Z</DateUtc></StartTime><FrequencyChanges><FrequencyChange><Frequency dt:dt=""r8"">2835939</Frequency><Timestamp dt:dt=""r8"">2403931670239</Timestamp><Current dt:dt=""r8"">0</Current><DateUtc dt:dt=""string"">2021-07-01T16:07:05Z</DateUtc></FrequencyChange></FrequencyChanges></Clock>\n",N,1,SL001_N1N6D3B,6,1.0.0.786,1,91.67,0.276385399,Press SPACEBAR to begin.,1,100,0,0,97.44,59.991,-1249491591,Full,3.0.3.80,3.0.3.80,7/1/21,7/1/21 16:07,11:07:05,3.0.3.82,D3,0,1,2,Keyboard,1,1,2,1,BlockProc,BlockList,1,1,1,1,Thank you!,Keyboard,Keyboard,No,BlockTrialProc,BlockTrialList,39,1,,1,0,4,c,0,0,TrialProc,TrialList,1,1,Keyboard,0,14,129113,517,1,358,129471,39,2,39,NonTarget,11