C:\Users\pindus\Desktop\SITLess_Data\EXP1\COG\DURING\1B\SL001\SL001_N1N6D2A.edat3,,,,,,,,,,,,,,,,,,,,,,,,,,,,,,,,,,,,,,,,,,,,,,,,,,,,,,,,,,,,,,,,,,,,,,,,,,
ExperimentName,Subject,Session,BlockID,Clock.Information,CogSeq,Condition,DataFile.Basename,Day,ExperimentVersion,Group,Hits.Mean,Hits.StdDevP,Instructions,NB,NonTargetAcc.Mean,NonTargetAcc.StdDevP,OnebackLureCounter,OverallACC,Participant.RefreshRate,RandomSeed,RuntimeCapabilities,RuntimeVersion,RuntimeVersionExpected,SessionDate,SessionStartDateTimeUtc,SessionTime,StudioVersion,TIMING,Total_Ommision_Error,TotalComissionErrors,TwobackLureCounter,Welcome.DEVICE,Block,BlockList,BlockList.Cycle,BlockList.Sample,Procedure[Block],Running[Block],Trial,BlockTrialList,BlockTrialList.Cycle,BlockTrialList.Sample,BreakMessage,BreakMessage.DEVICE,GetReady.DEVICE,Practice,Procedure[Trial],Running[Trial],SubTrial,CorrectResp,CurrentLetters,HitsComissionErrors,HitsOmissions,IncorrectResp,Letter,NonTargetComissionErrors,NonTargetOmissions,Procedure[SubTrial],Running[SubTrial],Stimulus.ACC,Stimulus.CRESP,Stimulus.DEVICE,Stimulus.DurationError,Stimulus.OnsetDelay,Stimulus.OnsetTime,Stimulus.OnsetToOnsetTime,Stimulus.RESP,Stimulus.RT,Stimulus.RTTime,TrialList,TrialList.Cycle,TrialList.Sample,TrialType,Type
NB_DURING,1,1,A,"<?xml version=""1.0""?>\n<Clock xmlns:dt=""urn:schemas-microsoft-com:datatypes""><Description dt:dt=""string"">E-Prime Primary Realtime Clock</Description><StartTime><Timestamp dt:dt=""int"">0</Timestamp><DateUtc dt:dt=""string"">2021-07-01T15:34:20Z</DateUtc></StartTime><FrequencyChanges><FrequencyChange><Frequency dt:dt=""r8"">2835939</Frequency><Timestamp dt:dt=""r8"">2398360792827</Timestamp><Current dt:dt=""r8"">0</Current><DateUtc dt:dt=""string"">2021-07-01T15:34:20Z</DateUtc></FrequencyChange></FrequencyChanges></Clock>\n",N,1,SL001_N1N6D2A,6,1.0.0.786,1,83.33,0.372677996,Press SPACEBAR to begin.,1,96.3,0.188852575,0,92.31,59.997,1769624796,Full,3.0.3.80,3.0.3.80,7/1/21,7/1/21 15:34,10:34:21,3.0.3.82,D2,0,3,2,Keyboard,1,1,2,1,BlockProc,BlockList,1,1,1,1,Thank you!,Keyboard,Keyboard,No,BlockTrialProc,BlockTrialList,1,1,,0,0,4,F,0,0,TrialProc,TrialList,1,1,Keyboard,0,35,87553,534,1,494,88047,1,2,1,NonTarget,11
NB_DURING,1,1,A,"<?xml version=""1.0""?>\n<Clock xmlns:dt=""urn:schemas-microsoft-com:datatypes""><Description dt:dt=""string"">E-Prime Primary Realtime Clock</Description><StartTime><Timestamp dt:dt=""int"">0</Timestamp><DateUtc dt:dt=""string"">2021-07-01T15:34:20Z</DateUtc></StartTime><FrequencyChanges><FrequencyChange><Frequency dt:dt=""r8"">2835939</Frequency><Timestamp dt:dt=""r8"">2398360792827</Timestamp><Current dt:dt=""r8"">0</Current><DateUtc dt:dt=""string"">2021-07-01T15:34:20Z</DateUtc></FrequencyChange></FrequencyChanges></Clock>\n",N,1,SL001_N1N6D2A,6,1.0.0.786,1,83.33,0.372677996,Press SPACEBAR to begin.,1,96.3,0.188852575,0,92.31,59.997,1769624796,Full,3.0.3.80,3.0.3.80,7/1/21,7/1/21 15:34,10:34:21,3.0.3.82,D2,0,3,2,Keyboard,1,1,2,1,BlockProc,BlockList,1,1,1,1,Thank you!,Keyboard,Keyboard,No,BlockTrialProc,BlockTrialList,2,1,,0,0,4,s,0,0,TrialProc,TrialList,1,1,Keyboard,0,31,90620,517,1,396,91016,2,2,2,NonTarget,11
NB_DURING,1,1,A,"<?xml version=""1.0""?>\n<Clock xmlns:dt=""urn:schemas-microsoft-com:datatypes""><Description dt:dt=""string"">E-Prime Primary Realtime Clock</Description><StartTime><Timestamp dt:dt=""int"">0</Timestamp><DateUtc dt:dt=""string"">2021-07-01T15:34:20Z</DateUtc></StartTime><FrequencyChanges><FrequencyChange><Frequency dt:dt=""r8"">2835939</Frequency><Timestamp dt:dt=""r8"">2398360792827</Timestamp><Current dt:dt=""r8"">0</Current><DateUtc dt:dt=""string"">2021-07-01T15:34:20Z</DateUtc></FrequencyChange></FrequencyChanges></Clock>\n",N,1,SL001_N1N6D2A,6,1.0.0.786,1,83.33,0.372677996,Press SPACEBAR to begin.,1,96.3,0.188852575,0,92.31,59.997,1769624796,Full,3.0.3.80,3.0.3.80,7/1/21,7/1/21 15:34,10:34:21,3.0.3.82,D2,0,3,2,Keyboard,1,1,2,1,BlockProc,BlockList,1,1,1,1,Thank you!,Keyboard,Keyboard,No,BlockTrialProc,BlockTrialList,3,1,,0,0,4,r,0,0,TrialProc,TrialList,1,1,Keyboard,0,14,93653,517,1,564,94217,3,2,3,NonTarget,11
NB_DURING,1,1,A,"<?xml version=""1.0""?>\n<Clock xmlns:dt=""urn:schemas-microsoft-com:datatypes""><Description dt:dt=""string"">E-Prime Primary Realtime Clock</Description><StartTime><Timestamp dt:dt=""int"">0</Timestamp><DateUtc dt:dt=""string"">2021-07-01T15:34:20Z</DateUtc></StartTime><FrequencyChanges><FrequencyChange><Frequency dt:dt=""r8"">2835939</Frequency><Timestamp dt:dt=""r8"">2398360792827</Timestamp><Current dt:dt=""r8"">0</Current><DateUtc dt:dt=""string"">2021-07-01T15:34:20Z</DateUtc></FrequencyChange></FrequencyChanges></Clock>\n",N,1,SL001_N1N6D2A,6,1.0.0.786,1,83.33,0.372677996,Press SPACEBAR to begin.,1,96.3,0.188852575,0,92.31,59.997,1769624796,Full,3.0.3.80,3.0.3.80,7/1/21,7/1/21 15:34,10:34:21,3.0.3.82,D2,0,3,2,Keyboard,1,1,2,1,BlockProc,BlockList,1,1,1,1,Thank you!,Keyboard,Keyboard,No,BlockTrialProc,BlockTrialList,4,1,,0,0,4,B,0,0,TrialProc,TrialList,1,1,Keyboard,0,15,96687,516,1,587,97274,4,2,4,NonTarget,11
NB_DURING,1,1,A,"<?xml version=""1.0""?>\n<Clock xmlns:dt=""urn:schemas-microsoft-com:datatypes""><Description dt:dt=""string"">E-Prime Primary Realtime Clock</Description><StartTime><Timestamp dt:dt=""int"">0</Timestamp><DateUtc dt:dt=""string"">2021-07-01T15:34:20Z</DateUtc></StartTime><FrequencyChanges><FrequencyChange><Frequency dt:dt=""r8"">2835939</Frequency><Timestamp dt:dt=""r8"">2398360792827</Timestamp><Current dt:dt=""r8"">0</Current><DateUtc dt:dt=""string"">2021-07-01T15:34:20Z</DateUtc></FrequencyChange></FrequencyChanges></Clock>\n",N,1,SL001_N1N6D2A,6,1.0.0.786,1,83.33,0.372677996,Press SPACEBAR to begin.,1,96.3,0.188852575,0,92.31,59.997,1769624796,Full,3.0.3.80,3.0.3.80,7/1/21,7/1/21 15:34,10:34:21,3.0.3.82,D2,0,3,2,Keyboard,1,1,2,1,BlockProc,BlockList,1,1,1,1,Thank you!,Keyboard,Keyboard,No,BlockTrialProc,BlockTrialList,5,4,,1,0,1,B,0,0,TrialProc,TrialList,0,4,Keyboard,0,15,99720,517,1,528,100248,5,2,5,Target,44
NB_DURING,1,1,A,"<?xml version=""1.0""?>\n<Clock xmlns:dt=""urn:schemas-microsoft-com:datatypes""><Description dt:dt=""string"">E-Prime Primary Realtime Clock</Description><StartTime><Timestamp dt:dt=""int"">0</Timestamp><DateUtc dt:dt=""string"">2021-07-01T15:34:20Z</DateUtc></StartTime><FrequencyChanges><FrequencyChange><Frequency dt:dt=""r8"">2835939</Frequency><Timestamp dt:dt=""r8"">2398360792827</Timestamp><Current dt:dt=""r8"">0</Current><DateUtc dt:dt=""string"">2021-07-01T15:34:20Z</DateUtc></FrequencyChange></FrequencyChanges></Clock>\n",N,1,SL001_N1N6D2A,6,1.0.0.786,1,83.33,0.372677996,Press SPACEBAR to begin.,1,96.3,0.188852575,0,92.31,59.997,1769624796,Full,3.0.3.80,3.0.3.80,7/1/21,7/1/21 15:34,10:34:21,3.0.3.82,D2,0,3,2,Keyboard,1,1,2,1,BlockProc,BlockList,1,1,1,1,Thank you!,Keyboard,Keyboard,No,BlockTrialProc,BlockTrialList,6,1,,1,0,4,f,0,0,TrialProc,TrialList,1,1,Keyboard,0,14,102753,517,1,346,103099,6,2,6,NonTarget,11
NB_DURING,1,1,A,"<?xml version=""1.0""?>\n<Clock xmlns:dt=""urn:schemas-microsoft-com:datatypes""><Description dt:dt=""string"">E-Prime Primary Realtime Clock</Description><StartTime><Timestamp dt:dt=""int"">0</Timestamp><DateUtc dt:dt=""string"">2021-07-01T15:34:20Z</DateUtc></StartTime><FrequencyChanges><FrequencyChange><Frequency dt:dt=""r8"">2835939</Frequency><Timestamp dt:dt=""r8"">2398360792827</Timestamp><Current dt:dt=""r8"">0</Current><DateUtc dt:dt=""string"">2021-07-01T15:34:20Z</DateUtc></FrequencyChange></FrequencyChanges></Clock>\n",N,1,SL001_N1N6D2A,6,1.0.0.786,1,83.33,0.372677996,Press SPACEBAR to begin.,1,96.3,0.188852575,0,92.31,59.997,1769624796,Full,3.0.3.80,3.0.3.80,7/1/21,7/1/21 15:34,10:34:21,3.0.3.82,D2,0,3,2,Keyboard,1,1,2,1,BlockProc,BlockList,1,1,1,1,Thank you!,Keyboard,Keyboard,No,BlockTrialProc,BlockTrialList,7,1,,1,0,4,x,0,0,TrialProc,TrialList,1,1,Keyboard,0,15,105787,516,1,539,106326,7,2,7,NonTarget,11
NB_DURING,1,1,A,"<?xml version=""1.0""?>\n<Clock xmlns:dt=""urn:schemas-microsoft-com:datatypes""><Description dt:dt=""string"">E-Prime Primary Realtime Clock</Description><StartTime><Timestamp dt:dt=""int"">0</Timestamp><DateUtc dt:dt=""string"">2021-07-01T15:34:20Z</DateUtc></StartTime><FrequencyChanges><FrequencyChange><Frequency dt:dt=""r8"">2835939</Frequency><Timestamp dt:dt=""r8"">2398360792827</Timestamp><Current dt:dt=""r8"">0</Current><DateUtc dt:dt=""string"">2021-07-01T15:34:20Z</DateUtc></FrequencyChange></FrequencyChanges></Clock>\n",N,1,SL001_N1N6D2A,6,1.0.0.786,1,83.33,0.372677996,Press SPACEBAR to begin.,1,96.3,0.188852575,0,92.31,59.997,1769624796,Full,3.0.3.80,3.0.3.80,7/1/21,7/1/21 15:34,10:34:21,3.0.3.82,D2,0,3,2,Keyboard,1,1,2,1,BlockProc,BlockList,1,1,1,1,Thank you!,Keyboard,Keyboard,No,BlockTrialProc,BlockTrialList,8,4,,1,0,1,x,0,0,TrialProc,TrialList,1,4,Keyboard,0,15,108820,517,4,490,109310,8,2,8,Target,44
NB_DURING,1,1,A,"<?xml version=""1.0""?>\n<Clock xmlns:dt=""urn:schemas-microsoft-com:datatypes""><Description dt:dt=""string"">E-Prime Primary Realtime Clock</Description><StartTime><Timestamp dt:dt=""int"">0</Timestamp><DateUtc dt:dt=""string"">2021-07-01T15:34:20Z</DateUtc></StartTime><FrequencyChanges><FrequencyChange><Frequency dt:dt=""r8"">2835939</Frequency><Timestamp dt:dt=""r8"">2398360792827</Timestamp><Current dt:dt=""r8"">0</Current><DateUtc dt:dt=""string"">2021-07-01T15:34:20Z</DateUtc></FrequencyChange></FrequencyChanges></Clock>\n",N,1,SL001_N1N6D2A,6,1.0.0.786,1,83.33,0.372677996,Press SPACEBAR to begin.,1,96.3,0.188852575,0,92.31,59.997,1769624796,Full,3.0.3.80,3.0.3.80,7/1/21,7/1/21 15:34,10:34:21,3.0.3.82,D2,0,3,2,Keyboard,1,1,2,1,BlockProc,BlockList,1,1,1,1,Thank you!,Keyboard,Keyboard,No,BlockTrialProc,BlockTrialList,9,4,,1,0,1,x,0,0,TrialProc,TrialList,1,4,Keyboard,0,14,111853,517,4,543,112396,9,2,9,Target,44
NB_DURING,1,1,A,"<?xml version=""1.0""?>\n<Clock xmlns:dt=""urn:schemas-microsoft-com:datatypes""><Description dt:dt=""string"">E-Prime Primary Realtime Clock</Description><StartTime><Timestamp dt:dt=""int"">0</Timestamp><DateUtc dt:dt=""string"">2021-07-01T15:34:20Z</DateUtc></StartTime><FrequencyChanges><FrequencyChange><Frequency dt:dt=""r8"">2835939</Frequency><Timestamp dt:dt=""r8"">2398360792827</Timestamp><Current dt:dt=""r8"">0</Current><DateUtc dt:dt=""string"">2021-07-01T15:34:20Z</DateUtc></FrequencyChange></FrequencyChanges></Clock>\n",N,1,SL001_N1N6D2A,6,1.0.0.786,1,83.33,0.372677996,Press SPACEBAR to begin.,1,96.3,0.188852575,0,92.31,59.997,1769624796,Full,3.0.3.80,3.0.3.80,7/1/21,7/1/21 15:34,10:34:21,3.0.3.82,D2,0,3,2,Keyboard,1,1,2,1,BlockProc,BlockList,1,1,1,1,Thank you!,Keyboard,Keyboard,No,BlockTrialProc,BlockTrialList,10,1,,1,0,4,K,0,0,TrialProc,TrialList,1,1,Keyboard,0,15,114887,516,1,457,115344,10,2,10,NonTarget,11
NB_DURING,1,1,A,"<?xml version=""1.0""?>\n<Clock xmlns:dt=""urn:schemas-microsoft-com:datatypes""><Description dt:dt=""string"">E-Prime Primary Realtime Clock</Description><StartTime><Timestamp dt:dt=""int"">0</Timestamp><DateUtc dt:dt=""string"">2021-07-01T15:34:20Z</DateUtc></StartTime><FrequencyChanges><FrequencyChange><Frequency dt:dt=""r8"">2835939</Frequency><Timestamp dt:dt=""r8"">2398360792827</Timestamp><Current dt:dt=""r8"">0</Current><DateUtc dt:dt=""string"">2021-07-01T15:34:20Z</DateUtc></FrequencyChange></FrequencyChanges></Clock>\n",N,1,SL001_N1N6D2A,6,1.0.0.786,1,83.33,0.372677996,Press SPACEBAR to begin.,1,96.3,0.188852575,0,92.31,59.997,1769624796,Full,3.0.3.80,3.0.3.80,7/1/21,7/1/21 15:34,10:34:21,3.0.3.82,D2,0,3,2,Keyboard,1,1,2,1,BlockProc,BlockList,1,1,1,1,Thank you!,Keyboard,Keyboard,No,BlockTrialProc,BlockTrialList,11,1,,1,0,4,s,0,0,TrialProc,TrialList,1,1,Keyboard,0,15,117920,517,1,401,118321,11,2,11,NonTarget,11
NB_DURING,1,1,A,"<?xml version=""1.0""?>\n<Clock xmlns:dt=""urn:schemas-microsoft-com:datatypes""><Description dt:dt=""string"">E-Prime Primary Realtime Clock</Description><StartTime><Timestamp dt:dt=""int"">0</Timestamp><DateUtc dt:dt=""string"">2021-07-01T15:34:20Z</DateUtc></StartTime><FrequencyChanges><FrequencyChange><Frequency dt:dt=""r8"">2835939</Frequency><Timestamp dt:dt=""r8"">2398360792827</Timestamp><Current dt:dt=""r8"">0</Current><DateUtc dt:dt=""string"">2021-07-01T15:34:20Z</DateUtc></FrequencyChange></FrequencyChanges></Clock>\n",N,1,SL001_N1N6D2A,6,1.0.0.786,1,83.33,0.372677996,Press SPACEBAR to begin.,1,96.3,0.188852575,0,92.31,59.997,1769624796,Full,3.0.3.80,3.0.3.80,7/1/21,7/1/21 15:34,10:34:21,3.0.3.82,D2,0,3,2,Keyboard,1,1,2,1,BlockProc,BlockList,1,1,1,1,Thank you!,Keyboard,Keyboard,No,BlockTrialProc,BlockTrialList,12,4,,2,0,1,s,0,0,TrialProc,TrialList,0,4,Keyboard,0,14,120953,517,1,278,121231,12,2,12,Target,44
NB_DURING,1,1,A,"<?xml version=""1.0""?>\n<Clock xmlns:dt=""urn:schemas-microsoft-com:datatypes""><Description dt:dt=""string"">E-Prime Primary Realtime Clock</Description><StartTime><Timestamp dt:dt=""int"">0</Timestamp><DateUtc dt:dt=""string"">2021-07-01T15:34:20Z</DateUtc></StartTime><FrequencyChanges><FrequencyChange><Frequency dt:dt=""r8"">2835939</Frequency><Timestamp dt:dt=""r8"">2398360792827</Timestamp><Current dt:dt=""r8"">0</Current><DateUtc dt:dt=""string"">2021-07-01T15:34:20Z</DateUtc></FrequencyChange></FrequencyChanges></Clock>\n",N,1,SL001_N1N6D2A,6,1.0.0.786,1,83.33,0.372677996,Press SPACEBAR to begin.,1,96.3,0.188852575,0,92.31,59.997,1769624796,Full,3.0.3.80,3.0.3.80,7/1/21,7/1/21 15:34,10:34:21,3.0.3.82,D2,0,3,2,Keyboard,1,1,2,1,BlockProc,BlockList,1,1,1,1,Thank you!,Keyboard,Keyboard,No,BlockTrialProc,BlockTrialList,13,4,,2,0,1,S,0,0,TrialProc,TrialList,1,4,Keyboard,0,15,123987,516,4,358,124345,13,2,13,Target,44
NB_DURING,1,1,A,"<?xml version=""1.0""?>\n<Clock xmlns:dt=""urn:schemas-microsoft-com:datatypes""><Description dt:dt=""string"">E-Prime Primary Realtime Clock</Description><StartTime><Timestamp dt:dt=""int"">0</Timestamp><DateUtc dt:dt=""string"">2021-07-01T15:34:20Z</DateUtc></StartTime><FrequencyChanges><FrequencyChange><Frequency dt:dt=""r8"">2835939</Frequency><Timestamp dt:dt=""r8"">2398360792827</Timestamp><Current dt:dt=""r8"">0</Current><DateUtc dt:dt=""string"">2021-07-01T15:34:20Z</DateUtc></FrequencyChange></FrequencyChanges></Clock>\n",N,1,SL001_N1N6D2A,6,1.0.0.786,1,83.33,0.372677996,Press SPACEBAR to begin.,1,96.3,0.188852575,0,92.31,59.997,1769624796,Full,3.0.3.80,3.0.3.80,7/1/21,7/1/21 15:34,10:34:21,3.0.3.82,D2,0,3,2,Keyboard,1,1,2,1,BlockProc,BlockList,1,1,1,1,Thank you!,Keyboard,Keyboard,No,BlockTrialProc,BlockTrialList,14,1,,2,0,4,F,0,0,TrialProc,TrialList,1,1,Keyboard,0,15,127020,517,1,324,127344,14,2,14,NonTarget,11
NB_DURING,1,1,A,"<?xml version=""1.0""?>\n<Clock xmlns:dt=""urn:schemas-microsoft-com:datatypes""><Description dt:dt=""string"">E-Prime Primary Realtime Clock</Description><StartTime><Timestamp dt:dt=""int"">0</Timestamp><DateUtc dt:dt=""string"">2021-07-01T15:34:20Z</DateUtc></StartTime><FrequencyChanges><FrequencyChange><Frequency dt:dt=""r8"">2835939</Frequency><Timestamp dt:dt=""r8"">2398360792827</Timestamp><Current dt:dt=""r8"">0</Current><DateUtc dt:dt=""string"">2021-07-01T15:34:20Z</DateUtc></FrequencyChange></FrequencyChanges></Clock>\n",N,1,SL001_N1N6D2A,6,1.0.0.786,1,83.33,0.372677996,Press SPACEBAR to begin.,1,96.3,0.188852575,0,92.31,59.997,1769624796,Full,3.0.3.80,3.0.3.80,7/1/21,7/1/21 15:34,10:34:21,3.0.3.82,D2,0,3,2,Keyboard,1,1,2,1,BlockProc,BlockList,1,1,1,1,Thank you!,Keyboard,Keyboard,No,BlockTrialProc,BlockTrialList,15,1,,2,0,4,s,0,0,TrialProc,TrialList,1,1,Keyboard,0,14,130053,517,1,528,130581,15,2,15,NonTarget,11
NB_DURING,1,1,A,"<?xml version=""1.0""?>\n<Clock xmlns:dt=""urn:schemas-microsoft-com:datatypes""><Description dt:dt=""string"">E-Prime Primary Realtime Clock</Description><StartTime><Timestamp dt:dt=""int"">0</Timestamp><DateUtc dt:dt=""string"">2021-07-01T15:34:20Z</DateUtc></StartTime><FrequencyChanges><FrequencyChange><Frequency dt:dt=""r8"">2835939</Frequency><Timestamp dt:dt=""r8"">2398360792827</Timestamp><Current dt:dt=""r8"">0</Current><DateUtc dt:dt=""string"">2021-07-01T15:34:20Z</DateUtc></FrequencyChange></FrequencyChanges></Clock>\n",N,1,SL001_N1N6D2A,6,1.0.0.786,1,83.33,0.372677996,Press SPACEBAR to begin.,1,96.3,0.188852575,0,92.31,59.997,1769624796,Full,3.0.3.80,3.0.3.80,7/1/21,7/1/21 15:34,10:34:21,3.0.3.82,D2,0,3,2,Keyboard,1,1,2,1,BlockProc,BlockList,1,1,1,1,Thank you!,Keyboard,Keyboard,No,BlockTrialProc,BlockTrialList,16,4,,2,0,1,s,0,0,TrialProc,TrialList,1,4,Keyboard,0,15,133087,517,4,304,133391,16,2,16,Target,44
NB_DURING,1,1,A,"<?xml version=""1.0""?>\n<Clock xmlns:dt=""urn:schemas-microsoft-com:datatypes""><Description dt:dt=""string"">E-Prime Primary Realtime Clock</Description><StartTime><Timestamp dt:dt=""int"">0</Timestamp><DateUtc dt:dt=""string"">2021-07-01T15:34:20Z</DateUtc></StartTime><FrequencyChanges><FrequencyChange><Frequency dt:dt=""r8"">2835939</Frequency><Timestamp dt:dt=""r8"">2398360792827</Timestamp><Current dt:dt=""r8"">0</Current><DateUtc dt:dt=""string"">2021-07-01T15:34:20Z</DateUtc></FrequencyChange></FrequencyChanges></Clock>\n",N,1,SL001_N1N6D2A,6,1.0.0.786,1,83.33,0.372677996,Press SPACEBAR to begin.,1,96.3,0.188852575,0,92.31,59.997,1769624796,Full,3.0.3.80,3.0.3.80,7/1/21,7/1/21 15:34,10:34:21,3.0.3.82,D2,0,3,2,Keyboard,1,1,2,1,BlockProc,BlockList,1,1,1,1,Thank you!,Keyboard,Keyboard,No,BlockTrialProc,BlockTrialList,17,4,,2,0,1,S,0,0,TrialProc,TrialList,1,4,Keyboard,0,14,136120,517,4,360,136480,17,2,17,Target,44
NB_DURING,1,1,A,"<?xml version=""1.0""?>\n<Clock xmlns:dt=""urn:schemas-microsoft-com:datatypes""><Description dt:dt=""string"">E-Prime Primary Realtime Clock</Description><StartTime><Timestamp dt:dt=""int"">0</Timestamp><DateUtc dt:dt=""string"">2021-07-01T15:34:20Z</DateUtc></StartTime><FrequencyChanges><FrequencyChange><Frequency dt:dt=""r8"">2835939</Frequency><Timestamp dt:dt=""r8"">2398360792827</Timestamp><Current dt:dt=""r8"">0</Current><DateUtc dt:dt=""string"">2021-07-01T15:34:20Z</DateUtc></FrequencyChange></FrequencyChanges></Clock>\n",N,1,SL001_N1N6D2A,6,1.0.0.786,1,83.33,0.372677996,Press SPACEBAR to begin.,1,96.3,0.188852575,0,92.31,59.997,1769624796,Full,3.0.3.80,3.0.3.80,7/1/21,7/1/21 15:34,10:34:21,3.0.3.82,D2,0,3,2,Keyboard,1,1,2,1,BlockProc,BlockList,1,1,1,1,Thank you!,Keyboard,Keyboard,No,BlockTrialProc,BlockTrialList,18,1,,2,0,4,p,0,0,TrialProc,TrialList,1,1,Keyboard,0,15,139154,516,1,307,139461,18,2,18,NonTarget,11
NB_DURING,1,1,A,"<?xml version=""1.0""?>\n<Clock xmlns:dt=""urn:schemas-microsoft-com:datatypes""><Description dt:dt=""string"">E-Prime Primary Realtime Clock</Description><StartTime><Timestamp dt:dt=""int"">0</Timestamp><DateUtc dt:dt=""string"">2021-07-01T15:34:20Z</DateUtc></StartTime><FrequencyChanges><FrequencyChange><Frequency dt:dt=""r8"">2835939</Frequency><Timestamp dt:dt=""r8"">2398360792827</Timestamp><Current dt:dt=""r8"">0</Current><DateUtc dt:dt=""string"">2021-07-01T15:34:20Z</DateUtc></FrequencyChange></FrequencyChanges></Clock>\n",N,1,SL001_N1N6D2A,6,1.0.0.786,1,83.33,0.372677996,Press SPACEBAR to begin.,1,96.3,0.188852575,0,92.31,59.997,1769624796,Full,3.0.3.80,3.0.3.80,7/1/21,7/1/21 15:34,10:34:21,3.0.3.82,D2,0,3,2,Keyboard,1,1,2,1,BlockProc,BlockList,1,1,1,1,Thank you!,Keyboard,Keyboard,No,BlockTrialProc,BlockTrialList,19,1,,2,0,4,X,0,0,TrialProc,TrialList,1,1,Keyboard,0,15,142187,517,1,356,142543,19,2,19,NonTarget,11
NB_DURING,1,1,A,"<?xml version=""1.0""?>\n<Clock xmlns:dt=""urn:schemas-microsoft-com:datatypes""><Description dt:dt=""string"">E-Prime Primary Realtime Clock</Description><StartTime><Timestamp dt:dt=""int"">0</Timestamp><DateUtc dt:dt=""string"">2021-07-01T15:34:20Z</DateUtc></StartTime><FrequencyChanges><FrequencyChange><Frequency dt:dt=""r8"">2835939</Frequency><Timestamp dt:dt=""r8"">2398360792827</Timestamp><Current dt:dt=""r8"">0</Current><DateUtc dt:dt=""string"">2021-07-01T15:34:20Z</DateUtc></FrequencyChange></FrequencyChanges></Clock>\n",N,1,SL001_N1N6D2A,6,1.0.0.786,1,83.33,0.372677996,Press SPACEBAR to begin.,1,96.3,0.188852575,0,92.31,59.997,1769624796,Full,3.0.3.80,3.0.3.80,7/1/21,7/1/21 15:34,10:34:21,3.0.3.82,D2,0,3,2,Keyboard,1,1,2,1,BlockProc,BlockList,1,1,1,1,Thank you!,Keyboard,Keyboard,No,BlockTrialProc,BlockTrialList,20,1,,2,0,4,R,0,0,TrialProc,TrialList,1,1,Keyboard,0,14,145220,517,1,361,145581,20,2,20,NonTarget,11
NB_DURING,1,1,A,"<?xml version=""1.0""?>\n<Clock xmlns:dt=""urn:schemas-microsoft-com:datatypes""><Description dt:dt=""string"">E-Prime Primary Realtime Clock</Description><StartTime><Timestamp dt:dt=""int"">0</Timestamp><DateUtc dt:dt=""string"">2021-07-01T15:34:20Z</DateUtc></StartTime><FrequencyChanges><FrequencyChange><Frequency dt:dt=""r8"">2835939</Frequency><Timestamp dt:dt=""r8"">2398360792827</Timestamp><Current dt:dt=""r8"">0</Current><DateUtc dt:dt=""string"">2021-07-01T15:34:20Z</DateUtc></FrequencyChange></FrequencyChanges></Clock>\n",N,1,SL001_N1N6D2A,6,1.0.0.786,1,83.33,0.372677996,Press SPACEBAR to begin.,1,96.3,0.188852575,0,92.31,59.997,1769624796,Full,3.0.3.80,3.0.3.80,7/1/21,7/1/21 15:34,10:34:21,3.0.3.82,D2,0,3,2,Keyboard,1,1,2,1,BlockProc,BlockList,1,1,1,1,Thank you!,Keyboard,Keyboard,No,BlockTrialProc,BlockTrialList,21,1,,2,0,4,T,0,0,TrialProc,TrialList,1,1,Keyboard,0,15,148254,516,1,329,148583,21,2,21,NonTarget,11
NB_DURING,1,1,A,"<?xml version=""1.0""?>\n<Clock xmlns:dt=""urn:schemas-microsoft-com:datatypes""><Description dt:dt=""string"">E-Prime Primary Realtime Clock</Description><StartTime><Timestamp dt:dt=""int"">0</Timestamp><DateUtc dt:dt=""string"">2021-07-01T15:34:20Z</DateUtc></StartTime><FrequencyChanges><FrequencyChange><Frequency dt:dt=""r8"">2835939</Frequency><Timestamp dt:dt=""r8"">2398360792827</Timestamp><Current dt:dt=""r8"">0</Current><DateUtc dt:dt=""string"">2021-07-01T15:34:20Z</DateUtc></FrequencyChange></FrequencyChanges></Clock>\n",N,1,SL001_N1N6D2A,6,1.0.0.786,1,83.33,0.372677996,Press SPACEBAR to begin.,1,96.3,0.188852575,0,92.31,59.997,1769624796,Full,3.0.3.80,3.0.3.80,7/1/21,7/1/21 15:34,10:34:21,3.0.3.82,D2,0,3,2,Keyboard,1,1,2,1,BlockProc,BlockList,1,1,1,1,Thank you!,Keyboard,Keyboard,No,BlockTrialProc,BlockTrialList,22,1,,2,0,4,C,0,0,TrialProc,TrialList,1,1,Keyboard,0,15,151287,517,1,374,151661,22,2,22,NonTarget,11
NB_DURING,1,1,A,"<?xml version=""1.0""?>\n<Clock xmlns:dt=""urn:schemas-microsoft-com:datatypes""><Description dt:dt=""string"">E-Prime Primary Realtime Clock</Description><StartTime><Timestamp dt:dt=""int"">0</Timestamp><DateUtc dt:dt=""string"">2021-07-01T15:34:20Z</DateUtc></StartTime><FrequencyChanges><FrequencyChange><Frequency dt:dt=""r8"">2835939</Frequency><Timestamp dt:dt=""r8"">2398360792827</Timestamp><Current dt:dt=""r8"">0</Current><DateUtc dt:dt=""string"">2021-07-01T15:34:20Z</DateUtc></FrequencyChange></FrequencyChanges></Clock>\n",N,1,SL001_N1N6D2A,6,1.0.0.786,1,83.33,0.372677996,Press SPACEBAR to begin.,1,96.3,0.188852575,0,92.31,59.997,1769624796,Full,3.0.3.80,3.0.3.80,7/1/21,7/1/21 15:34,10:34:21,3.0.3.82,D2,0,3,2,Keyboard,1,1,2,1,BlockProc,BlockList,1,1,1,1,Thank you!,Keyboard,Keyboard,No,BlockTrialProc,BlockTrialList,23,1,,2,0,4,K,0,0,TrialProc,TrialList,1,1,Keyboard,0,14,154320,517,1,384,154704,23,2,23,NonTarget,11
NB_DURING,1,1,A,"<?xml version=""1.0""?>\n<Clock xmlns:dt=""urn:schemas-microsoft-com:datatypes""><Description dt:dt=""string"">E-Prime Primary Realtime Clock</Description><StartTime><Timestamp dt:dt=""int"">0</Timestamp><DateUtc dt:dt=""string"">2021-07-01T15:34:20Z</DateUtc></StartTime><FrequencyChanges><FrequencyChange><Frequency dt:dt=""r8"">2835939</Frequency><Timestamp dt:dt=""r8"">2398360792827</Timestamp><Current dt:dt=""r8"">0</Current><DateUtc dt:dt=""string"">2021-07-01T15:34:20Z</DateUtc></FrequencyChange></FrequencyChanges></Clock>\n",N,1,SL001_N1N6D2A,6,1.0.0.786,1,83.33,0.372677996,Press SPACEBAR to begin.,1,96.3,0.188852575,0,92.31,59.997,1769624796,Full,3.0.3.80,3.0.3.80,7/1/21,7/1/21 15:34,10:34:21,3.0.3.82,D2,0,3,2,Keyboard,1,1,2,1,BlockProc,BlockList,1,1,1,1,Thank you!,Keyboard,Keyboard,No,BlockTrialProc,BlockTrialList,24,4,,2,0,1,K,0,0,TrialProc,TrialList,1,4,Keyboard,0,15,157354,516,4,347,157701,24,2,24,Target,44
NB_DURING,1,1,A,"<?xml version=""1.0""?>\n<Clock xmlns:dt=""urn:schemas-microsoft-com:datatypes""><Description dt:dt=""string"">E-Prime Primary Realtime Clock</Description><StartTime><Timestamp dt:dt=""int"">0</Timestamp><DateUtc dt:dt=""string"">2021-07-01T15:34:20Z</DateUtc></StartTime><FrequencyChanges><FrequencyChange><Frequency dt:dt=""r8"">2835939</Frequency><Timestamp dt:dt=""r8"">2398360792827</Timestamp><Current dt:dt=""r8"">0</Current><DateUtc dt:dt=""string"">2021-07-01T15:34:20Z</DateUtc></FrequencyChange></FrequencyChanges></Clock>\n",N,1,SL001_N1N6D2A,6,1.0.0.786,1,83.33,0.372677996,Press SPACEBAR to begin.,1,96.3,0.188852575,0,92.31,59.997,1769624796,Full,3.0.3.80,3.0.3.80,7/1/21,7/1/21 15:34,10:34:21,3.0.3.82,D2,0,3,2,Keyboard,1,1,2,1,BlockProc,BlockList,1,1,1,1,Thank you!,Keyboard,Keyboard,No,BlockTrialProc,BlockTrialList,25,1,,2,0,4,c,0,0,TrialProc,TrialList,1,1,Keyboard,0,15,160387,517,1,307,160694,25,2,25,NonTarget,11
NB_DURING,1,1,A,"<?xml version=""1.0""?>\n<Clock xmlns:dt=""urn:schemas-microsoft-com:datatypes""><Description dt:dt=""string"">E-Prime Primary Realtime Clock</Description><StartTime><Timestamp dt:dt=""int"">0</Timestamp><DateUtc dt:dt=""string"">2021-07-01T15:34:20Z</DateUtc></StartTime><FrequencyChanges><FrequencyChange><Frequency dt:dt=""r8"">2835939</Frequency><Timestamp dt:dt=""r8"">2398360792827</Timestamp><Current dt:dt=""r8"">0</Current><DateUtc dt:dt=""string"">2021-07-01T15:34:20Z</DateUtc></FrequencyChange></FrequencyChanges></Clock>\n",N,1,SL001_N1N6D2A,6,1.0.0.786,1,83.33,0.372677996,Press SPACEBAR to begin.,1,96.3,0.188852575,0,92.31,59.997,1769624796,Full,3.0.3.80,3.0.3.80,7/1/21,7/1/21 15:34,10:34:21,3.0.3.82,D2,0,3,2,Keyboard,1,1,2,1,BlockProc,BlockList,1,1,1,1,Thank you!,Keyboard,Keyboard,No,BlockTrialProc,BlockTrialList,26,4,,2,0,1,c,0,0,TrialProc,TrialList,1,4,Keyboard,0,14,163420,517,4,430,163850,26,2,26,Target,44
NB_DURING,1,1,A,"<?xml version=""1.0""?>\n<Clock xmlns:dt=""urn:schemas-microsoft-com:datatypes""><Description dt:dt=""string"">E-Prime Primary Realtime Clock</Description><StartTime><Timestamp dt:dt=""int"">0</Timestamp><DateUtc dt:dt=""string"">2021-07-01T15:34:20Z</DateUtc></StartTime><FrequencyChanges><FrequencyChange><Frequency dt:dt=""r8"">2835939</Frequency><Timestamp dt:dt=""r8"">2398360792827</Timestamp><Current dt:dt=""r8"">0</Current><DateUtc dt:dt=""string"">2021-07-01T15:34:20Z</DateUtc></FrequencyChange></FrequencyChanges></Clock>\n",N,1,SL001_N1N6D2A,6,1.0.0.786,1,83.33,0.372677996,Press SPACEBAR to begin.,1,96.3,0.188852575,0,92.31,59.997,1769624796,Full,3.0.3.80,3.0.3.80,7/1/21,7/1/21 15:34,10:34:21,3.0.3.82,D2,0,3,2,Keyboard,1,1,2,1,BlockProc,BlockList,1,1,1,1,Thank you!,Keyboard,Keyboard,No,BlockTrialProc,BlockTrialList,27,4,,2,0,1,C,0,0,TrialProc,TrialList,1,4,Keyboard,0,15,166454,516,4,403,166857,27,2,27,Target,44
NB_DURING,1,1,A,"<?xml version=""1.0""?>\n<Clock xmlns:dt=""urn:schemas-microsoft-com:datatypes""><Description dt:dt=""string"">E-Prime Primary Realtime Clock</Description><StartTime><Timestamp dt:dt=""int"">0</Timestamp><DateUtc dt:dt=""string"">2021-07-01T15:34:20Z</DateUtc></StartTime><FrequencyChanges><FrequencyChange><Frequency dt:dt=""r8"">2835939</Frequency><Timestamp dt:dt=""r8"">2398360792827</Timestamp><Current dt:dt=""r8"">0</Current><DateUtc dt:dt=""string"">2021-07-01T15:34:20Z</DateUtc></FrequencyChange></FrequencyChanges></Clock>\n",N,1,SL001_N1N6D2A,6,1.0.0.786,1,83.33,0.372677996,Press SPACEBAR to begin.,1,96.3,0.188852575,0,92.31,59.997,1769624796,Full,3.0.3.80,3.0.3.80,7/1/21,7/1/21 15:34,10:34:21,3.0.3.82,D2,0,3,2,Keyboard,1,1,2,1,BlockProc,BlockList,1,1,1,1,Thank you!,Keyboard,Keyboard,No,BlockTrialProc,BlockTrialList,28,1,,2,0,4,t,0,0,TrialProc,TrialList,1,1,Keyboard,0,15,169487,517,1,308,169795,28,2,28,NonTarget,11
NB_DURING,1,1,A,"<?xml version=""1.0""?>\n<Clock xmlns:dt=""urn:schemas-microsoft-com:datatypes""><Description dt:dt=""string"">E-Prime Primary Realtime Clock</Description><StartTime><Timestamp dt:dt=""int"">0</Timestamp><DateUtc dt:dt=""string"">2021-07-01T15:34:20Z</DateUtc></StartTime><FrequencyChanges><FrequencyChange><Frequency dt:dt=""r8"">2835939</Frequency><Timestamp dt:dt=""r8"">2398360792827</Timestamp><Current dt:dt=""r8"">0</Current><DateUtc dt:dt=""string"">2021-07-01T15:34:20Z</DateUtc></FrequencyChange></FrequencyChanges></Clock>\n",N,1,SL001_N1N6D2A,6,1.0.0.786,1,83.33,0.372677996,Press SPACEBAR to begin.,1,96.3,0.188852575,0,92.31,59.997,1769624796,Full,3.0.3.80,3.0.3.80,7/1/21,7/1/21 15:34,10:34:21,3.0.3.82,D2,0,3,2,Keyboard,1,1,2,1,BlockProc,BlockList,1,1,1,1,Thank you!,Keyboard,Keyboard,No,BlockTrialProc,BlockTrialList,29,1,,2,0,4,S,1,0,TrialProc,TrialList,0,1,Keyboard,0,14,172520,517,4,347,172867,29,2,29,NonTarget,11
NB_DURING,1,1,A,"<?xml version=""1.0""?>\n<Clock xmlns:dt=""urn:schemas-microsoft-com:datatypes""><Description dt:dt=""string"">E-Prime Primary Realtime Clock</Description><StartTime><Timestamp dt:dt=""int"">0</Timestamp><DateUtc dt:dt=""string"">2021-07-01T15:34:20Z</DateUtc></StartTime><FrequencyChanges><FrequencyChange><Frequency dt:dt=""r8"">2835939</Frequency><Timestamp dt:dt=""r8"">2398360792827</Timestamp><Current dt:dt=""r8"">0</Current><DateUtc dt:dt=""string"">2021-07-01T15:34:20Z</DateUtc></FrequencyChange></FrequencyChanges></Clock>\n",N,1,SL001_N1N6D2A,6,1.0.0.786,1,83.33,0.372677996,Press SPACEBAR to begin.,1,96.3,0.188852575,0,92.31,59.997,1769624796,Full,3.0.3.80,3.0.3.80,7/1/21,7/1/21 15:34,10:34:21,3.0.3.82,D2,0,3,2,Keyboard,1,1,2,1,BlockProc,BlockList,1,1,1,1,Thank you!,Keyboard,Keyboard,No,BlockTrialProc,BlockTrialList,30,1,,2,0,4,T,1,0,TrialProc,TrialList,1,1,Keyboard,0,15,175554,516,1,383,175937,30,2,30,NonTarget,11
NB_DURING,1,1,A,"<?xml version=""1.0""?>\n<Clock xmlns:dt=""urn:schemas-microsoft-com:datatypes""><Description dt:dt=""string"">E-Prime Primary Realtime Clock</Description><StartTime><Timestamp dt:dt=""int"">0</Timestamp><DateUtc dt:dt=""string"">2021-07-01T15:34:20Z</DateUtc></StartTime><FrequencyChanges><FrequencyChange><Frequency dt:dt=""r8"">2835939</Frequency><Timestamp dt:dt=""r8"">2398360792827</Timestamp><Current dt:dt=""r8"">0</Current><DateUtc dt:dt=""string"">2021-07-01T15:34:20Z</DateUtc></FrequencyChange></FrequencyChanges></Clock>\n",N,1,SL001_N1N6D2A,6,1.0.0.786,1,83.33,0.372677996,Press SPACEBAR to begin.,1,96.3,0.188852575,0,92.31,59.997,1769624796,Full,3.0.3.80,3.0.3.80,7/1/21,7/1/21 15:34,10:34:21,3.0.3.82,D2,0,3,2,Keyboard,1,1,2,1,BlockProc,BlockList,1,1,1,1,Thank you!,Keyboard,Keyboard,No,BlockTrialProc,BlockTrialList,31,4,,2,0,1,t,1,0,TrialProc,TrialList,1,4,Keyboard,0,15,178587,517,4,453,179040,31,2,31,Target,44
NB_DURING,1,1,A,"<?xml version=""1.0""?>\n<Clock xmlns:dt=""urn:schemas-microsoft-com:datatypes""><Description dt:dt=""string"">E-Prime Primary Realtime Clock</Description><StartTime><Timestamp dt:dt=""int"">0</Timestamp><DateUtc dt:dt=""string"">2021-07-01T15:34:20Z</DateUtc></StartTime><FrequencyChanges><FrequencyChange><Frequency dt:dt=""r8"">2835939</Frequency><Timestamp dt:dt=""r8"">2398360792827</Timestamp><Current dt:dt=""r8"">0</Current><DateUtc dt:dt=""string"">2021-07-01T15:34:20Z</DateUtc></FrequencyChange></FrequencyChanges></Clock>\n",N,1,SL001_N1N6D2A,6,1.0.0.786,1,83.33,0.372677996,Press SPACEBAR to begin.,1,96.3,0.188852575,0,92.31,59.997,1769624796,Full,3.0.3.80,3.0.3.80,7/1/21,7/1/21 15:34,10:34:21,3.0.3.82,D2,0,3,2,Keyboard,1,1,2,1,BlockProc,BlockList,1,1,1,1,Thank you!,Keyboard,Keyboard,No,BlockTrialProc,BlockTrialList,32,1,,2,0,4,P,1,0,TrialProc,TrialList,1,1,Keyboard,0,14,181620,517,1,426,182046,32,2,32,NonTarget,11
NB_DURING,1,1,A,"<?xml version=""1.0""?>\n<Clock xmlns:dt=""urn:schemas-microsoft-com:datatypes""><Description dt:dt=""string"">E-Prime Primary Realtime Clock</Description><StartTime><Timestamp dt:dt=""int"">0</Timestamp><DateUtc dt:dt=""string"">2021-07-01T15:34:20Z</DateUtc></StartTime><FrequencyChanges><FrequencyChange><Frequency dt:dt=""r8"">2835939</Frequency><Timestamp dt:dt=""r8"">2398360792827</Timestamp><Current dt:dt=""r8"">0</Current><DateUtc dt:dt=""string"">2021-07-01T15:34:20Z</DateUtc></FrequencyChange></FrequencyChanges></Clock>\n",N,1,SL001_N1N6D2A,6,1.0.0.786,1,83.33,0.372677996,Press SPACEBAR to begin.,1,96.3,0.188852575,0,92.31,59.997,1769624796,Full,3.0.3.80,3.0.3.80,7/1/21,7/1/21 15:34,10:34:21,3.0.3.82,D2,0,3,2,Keyboard,1,1,2,1,BlockProc,BlockList,1,1,1,1,Thank you!,Keyboard,Keyboard,No,BlockTrialProc,BlockTrialList,33,1,,2,0,4,b,1,0,TrialProc,TrialList,1,1,Keyboard,0,15,184654,516,1,398,185052,33,2,33,NonTarget,11
NB_DURING,1,1,A,"<?xml version=""1.0""?>\n<Clock xmlns:dt=""urn:schemas-microsoft-com:datatypes""><Description dt:dt=""string"">E-Prime Primary Realtime Clock</Description><StartTime><Timestamp dt:dt=""int"">0</Timestamp><DateUtc dt:dt=""string"">2021-07-01T15:34:20Z</DateUtc></StartTime><FrequencyChanges><FrequencyChange><Frequency dt:dt=""r8"">2835939</Frequency><Timestamp dt:dt=""r8"">2398360792827</Timestamp><Current dt:dt=""r8"">0</Current><DateUtc dt:dt=""string"">2021-07-01T15:34:20Z</DateUtc></FrequencyChange></FrequencyChanges></Clock>\n",N,1,SL001_N1N6D2A,6,1.0.0.786,1,83.33,0.372677996,Press SPACEBAR to begin.,1,96.3,0.188852575,0,92.31,59.997,1769624796,Full,3.0.3.80,3.0.3.80,7/1/21,7/1/21 15:34,10:34:21,3.0.3.82,D2,0,3,2,Keyboard,1,1,2,1,BlockProc,BlockList,1,1,1,1,Thank you!,Keyboard,Keyboard,No,BlockTrialProc,BlockTrialList,34,1,,2,0,4,K,1,0,TrialProc,TrialList,1,1,Keyboard,0,15,187687,517,1,336,188023,34,2,34,NonTarget,11
NB_DURING,1,1,A,"<?xml version=""1.0""?>\n<Clock xmlns:dt=""urn:schemas-microsoft-com:datatypes""><Description dt:dt=""string"">E-Prime Primary Realtime Clock</Description><StartTime><Timestamp dt:dt=""int"">0</Timestamp><DateUtc dt:dt=""string"">2021-07-01T15:34:20Z</DateUtc></StartTime><FrequencyChanges><FrequencyChange><Frequency dt:dt=""r8"">2835939</Frequency><Timestamp dt:dt=""r8"">2398360792827</Timestamp><Current dt:dt=""r8"">0</Current><DateUtc dt:dt=""string"">2021-07-01T15:34:20Z</DateUtc></FrequencyChange></FrequencyChanges></Clock>\n",N,1,SL001_N1N6D2A,6,1.0.0.786,1,83.33,0.372677996,Press SPACEBAR to begin.,1,96.3,0.188852575,0,92.31,59.997,1769624796,Full,3.0.3.80,3.0.3.80,7/1/21,7/1/21 15:34,10:34:21,3.0.3.82,D2,0,3,2,Keyboard,1,1,2,1,BlockProc,BlockList,1,1,1,1,Thank you!,Keyboard,Keyboard,No,BlockTrialProc,BlockTrialList,35,1,,2,0,4,c,1,0,TrialProc,TrialList,1,1,Keyboard,0,15,190721,516,1,302,191023,35,2,35,NonTarget,11
NB_DURING,1,1,A,"<?xml version=""1.0""?>\n<Clock xmlns:dt=""urn:schemas-microsoft-com:datatypes""><Description dt:dt=""string"">E-Prime Primary Realtime Clock</Description><StartTime><Timestamp dt:dt=""int"">0</Timestamp><DateUtc dt:dt=""string"">2021-07-01T15:34:20Z</DateUtc></StartTime><FrequencyChanges><FrequencyChange><Frequency dt:dt=""r8"">2835939</Frequency><Timestamp dt:dt=""r8"">2398360792827</Timestamp><Current dt:dt=""r8"">0</Current><DateUtc dt:dt=""string"">2021-07-01T15:34:20Z</DateUtc></FrequencyChange></FrequencyChanges></Clock>\n",N,1,SL001_N1N6D2A,6,1.0.0.786,1,83.33,0.372677996,Press SPACEBAR to begin.,1,96.3,0.188852575,0,92.31,59.997,1769624796,Full,3.0.3.80,3.0.3.80,7/1/21,7/1/21 15:34,10:34:21,3.0.3.82,D2,0,3,2,Keyboard,1,1,2,1,BlockProc,BlockList,1,1,1,1,Thank you!,Keyboard,Keyboard,No,BlockTrialProc,BlockTrialList,36,4,,2,0,1,C,1,0,TrialProc,TrialList,1,4,Keyboard,0,15,193754,517,4,329,194083,36,2,36,Target,44
NB_DURING,1,1,A,"<?xml version=""1.0""?>\n<Clock xmlns:dt=""urn:schemas-microsoft-com:datatypes""><Description dt:dt=""string"">E-Prime Primary Realtime Clock</Description><StartTime><Timestamp dt:dt=""int"">0</Timestamp><DateUtc dt:dt=""string"">2021-07-01T15:34:20Z</DateUtc></StartTime><FrequencyChanges><FrequencyChange><Frequency dt:dt=""r8"">2835939</Frequency><Timestamp dt:dt=""r8"">2398360792827</Timestamp><Current dt:dt=""r8"">0</Current><DateUtc dt:dt=""string"">2021-07-01T15:34:20Z</DateUtc></FrequencyChange></FrequencyChanges></Clock>\n",N,1,SL001_N1N6D2A,6,1.0.0.786,1,83.33,0.372677996,Press SPACEBAR to begin.,1,96.3,0.188852575,0,92.31,59.997,1769624796,Full,3.0.3.80,3.0.3.80,7/1/21,7/1/21 15:34,10:34:21,3.0.3.82,D2,0,3,2,Keyboard,1,1,2,1,BlockProc,BlockList,1,1,1,1,Thank you!,Keyboard,Keyboard,No,BlockTrialProc,BlockTrialList,37,1,,2,0,4,x,1,0,TrialProc,TrialList,1,1,Keyboard,0,14,196787,517,1,310,197097,37,2,37,NonTarget,11
NB_DURING,1,1,A,"<?xml version=""1.0""?>\n<Clock xmlns:dt=""urn:schemas-microsoft-com:datatypes""><Description dt:dt=""string"">E-Prime Primary Realtime Clock</Description><StartTime><Timestamp dt:dt=""int"">0</Timestamp><DateUtc dt:dt=""string"">2021-07-01T15:34:20Z</DateUtc></StartTime><FrequencyChanges><FrequencyChange><Frequency dt:dt=""r8"">2835939</Frequency><Timestamp dt:dt=""r8"">2398360792827</Timestamp><Current dt:dt=""r8"">0</Current><DateUtc dt:dt=""string"">2021-07-01T15:34:20Z</DateUtc></FrequencyChange></FrequencyChanges></Clock>\n",N,1,SL001_N1N6D2A,6,1.0.0.786,1,83.33,0.372677996,Press SPACEBAR to begin.,1,96.3,0.188852575,0,92.31,59.997,1769624796,Full,3.0.3.80,3.0.3.80,7/1/21,7/1/21 15:34,10:34:21,3.0.3.82,D2,0,3,2,Keyboard,1,1,2,1,BlockProc,BlockList,1,1,1,1,Thank you!,Keyboard,Keyboard,No,BlockTrialProc,BlockTrialList,38,1,,2,0,4,R,1,0,TrialProc,TrialList,1,1,Keyboard,0,15,199821,516,1,373,200194,38,2,38,NonTarget,11
NB_DURING,1,1,A,"<?xml version=""1.0""?>\n<Clock xmlns:dt=""urn:schemas-microsoft-com:datatypes""><Description dt:dt=""string"">E-Prime Primary Realtime Clock</Description><StartTime><Timestamp dt:dt=""int"">0</Timestamp><DateUtc dt:dt=""string"">2021-07-01T15:34:20Z</DateUtc></StartTime><FrequencyChanges><FrequencyChange><Frequency dt:dt=""r8"">2835939</Frequency><Timestamp dt:dt=""r8"">2398360792827</Timestamp><Current dt:dt=""r8"">0</Current><DateUtc dt:dt=""string"">2021-07-01T15:34:20Z</DateUtc></FrequencyChange></FrequencyChanges></Clock>\n",N,1,SL001_N1N6D2A,6,1.0.0.786,1,83.33,0.372677996,Press SPACEBAR to begin.,1,96.3,0.188852575,0,92.31,59.997,1769624796,Full,3.0.3.80,3.0.3.80,7/1/21,7/1/21 15:34,10:34:21,3.0.3.82,D2,0,3,2,Keyboard,1,1,2,1,BlockProc,BlockList,1,1,1,1,Thank you!,Keyboard,Keyboard,No,BlockTrialProc,BlockTrialList,39,1,,2,0,4,C,1,0,TrialProc,TrialList,1,1,Keyboard,0,15,202854,517,1,300,203154,39,2,39,NonTarget,11