C:\Users\pindus\Desktop\SITLess_Data\EXP1\COG\DURING\1B\SL003\SL003_N1S6D4B.edat3,,,,,,,,,,,,,,,,,,,,,,,,,,,,,,,,,,,,,,,,,,,,,,,,,,,,,,,,,,,,,,,,,,,,,,,,,,
ExperimentName,Subject,Session,BlockID,Clock.Information,CogSeq,Condition,DataFile.Basename,Day,ExperimentVersion,Group,Hits.Mean,Hits.StdDevP,Instructions,NB,NonTargetAcc.Mean,NonTargetAcc.StdDevP,OnebackLureCounter,OverallACC,Participant.RefreshRate,RandomSeed,RuntimeCapabilities,RuntimeVersion,RuntimeVersionExpected,SessionDate,SessionStartDateTimeUtc,SessionTime,StudioVersion,TIMING,Total_Ommision_Error,TotalComissionErrors,TwobackLureCounter,Welcome.DEVICE,Block,BlockList,BlockList.Cycle,BlockList.Sample,Procedure[Block],Running[Block],Trial,BlockTrialList,BlockTrialList.Cycle,BlockTrialList.Sample,BreakMessage,BreakMessage.DEVICE,GetReady.DEVICE,Practice,Procedure[Trial],Running[Trial],SubTrial,CorrectResp,CurrentLetters,HitsComissionErrors,HitsOmissions,IncorrectResp,Letter,NonTargetComissionErrors,NonTargetOmissions,Procedure[SubTrial],Running[SubTrial],Stimulus.ACC,Stimulus.CRESP,Stimulus.DEVICE,Stimulus.DurationError,Stimulus.OnsetDelay,Stimulus.OnsetTime,Stimulus.OnsetToOnsetTime,Stimulus.RESP,Stimulus.RT,Stimulus.RTTime,TrialList,TrialList.Cycle,TrialList.Sample,TrialType,Type
NB_DURING,3,1,B,"<?xml version=""1.0""?>\n<Clock xmlns:dt=""urn:schemas-microsoft-com:datatypes""><Description dt:dt=""string"">E-Prime Primary Realtime Clock</Description><StartTime><Timestamp dt:dt=""int"">0</Timestamp><DateUtc dt:dt=""string"">2021-08-22T16:31:39Z</DateUtc></StartTime><FrequencyChanges><FrequencyChange><Frequency dt:dt=""r8"">2835939</Frequency><Timestamp dt:dt=""r8"">521601161029</Timestamp><Current dt:dt=""r8"">0</Current><DateUtc dt:dt=""string"">2021-08-22T16:31:39Z</DateUtc></FrequencyChange></FrequencyChanges></Clock>\n",S,1,SL003_N1S6D4B,6,1.0.0.786,1,91.67,0.276385399,Press SPACEBAR to begin.,1,96.3,0.188852575,0,94.87,59.985,1910677709,Full,3.0.3.80,3.0.3.80,8/22/21,8/22/21 16:31,11:31:40,3.0.3.82,D4,0,2,1,Keyboard,1,1,2,1,BlockProc,BlockList,1,1,1,1,Thank you!,Keyboard,Keyboard,No,BlockTrialProc,BlockTrialList,1,1,,0,0,4,B,0,0,TrialProc,TrialList,1,1,Keyboard,0,33,25932,533,1,420,26352,1,2,1,NonTarget,11
NB_DURING,3,1,B,"<?xml version=""1.0""?>\n<Clock xmlns:dt=""urn:schemas-microsoft-com:datatypes""><Description dt:dt=""string"">E-Prime Primary Realtime Clock</Description><StartTime><Timestamp dt:dt=""int"">0</Timestamp><DateUtc dt:dt=""string"">2021-08-22T16:31:39Z</DateUtc></StartTime><FrequencyChanges><FrequencyChange><Frequency dt:dt=""r8"">2835939</Frequency><Timestamp dt:dt=""r8"">521601161029</Timestamp><Current dt:dt=""r8"">0</Current><DateUtc dt:dt=""string"">2021-08-22T16:31:39Z</DateUtc></FrequencyChange></FrequencyChanges></Clock>\n",S,1,SL003_N1S6D4B,6,1.0.0.786,1,91.67,0.276385399,Press SPACEBAR to begin.,1,96.3,0.188852575,0,94.87,59.985,1910677709,Full,3.0.3.80,3.0.3.80,8/22/21,8/22/21 16:31,11:31:40,3.0.3.82,D4,0,2,1,Keyboard,1,1,2,1,BlockProc,BlockList,1,1,1,1,Thank you!,Keyboard,Keyboard,No,BlockTrialProc,BlockTrialList,2,1,,0,0,4,C,0,0,TrialProc,TrialList,1,1,Keyboard,0,15,28982,517,1,397,29379,2,2,2,NonTarget,11
NB_DURING,3,1,B,"<?xml version=""1.0""?>\n<Clock xmlns:dt=""urn:schemas-microsoft-com:datatypes""><Description dt:dt=""string"">E-Prime Primary Realtime Clock</Description><StartTime><Timestamp dt:dt=""int"">0</Timestamp><DateUtc dt:dt=""string"">2021-08-22T16:31:39Z</DateUtc></StartTime><FrequencyChanges><FrequencyChange><Frequency dt:dt=""r8"">2835939</Frequency><Timestamp dt:dt=""r8"">521601161029</Timestamp><Current dt:dt=""r8"">0</Current><DateUtc dt:dt=""string"">2021-08-22T16:31:39Z</DateUtc></FrequencyChange></FrequencyChanges></Clock>\n",S,1,SL003_N1S6D4B,6,1.0.0.786,1,91.67,0.276385399,Press SPACEBAR to begin.,1,96.3,0.188852575,0,94.87,59.985,1910677709,Full,3.0.3.80,3.0.3.80,8/22/21,8/22/21 16:31,11:31:40,3.0.3.82,D4,0,2,1,Keyboard,1,1,2,1,BlockProc,BlockList,1,1,1,1,Thank you!,Keyboard,Keyboard,No,BlockTrialProc,BlockTrialList,3,1,,0,0,4,t,0,0,TrialProc,TrialList,1,1,Keyboard,0,14,32015,517,1,334,32349,3,2,3,NonTarget,11
NB_DURING,3,1,B,"<?xml version=""1.0""?>\n<Clock xmlns:dt=""urn:schemas-microsoft-com:datatypes""><Description dt:dt=""string"">E-Prime Primary Realtime Clock</Description><StartTime><Timestamp dt:dt=""int"">0</Timestamp><DateUtc dt:dt=""string"">2021-08-22T16:31:39Z</DateUtc></StartTime><FrequencyChanges><FrequencyChange><Frequency dt:dt=""r8"">2835939</Frequency><Timestamp dt:dt=""r8"">521601161029</Timestamp><Current dt:dt=""r8"">0</Current><DateUtc dt:dt=""string"">2021-08-22T16:31:39Z</DateUtc></FrequencyChange></FrequencyChanges></Clock>\n",S,1,SL003_N1S6D4B,6,1.0.0.786,1,91.67,0.276385399,Press SPACEBAR to begin.,1,96.3,0.188852575,0,94.87,59.985,1910677709,Full,3.0.3.80,3.0.3.80,8/22/21,8/22/21 16:31,11:31:40,3.0.3.82,D4,0,2,1,Keyboard,1,1,2,1,BlockProc,BlockList,1,1,1,1,Thank you!,Keyboard,Keyboard,No,BlockTrialProc,BlockTrialList,4,1,,0,0,4,k,0,0,TrialProc,TrialList,1,1,Keyboard,0,15,35049,516,1,319,35368,4,2,4,NonTarget,11
NB_DURING,3,1,B,"<?xml version=""1.0""?>\n<Clock xmlns:dt=""urn:schemas-microsoft-com:datatypes""><Description dt:dt=""string"">E-Prime Primary Realtime Clock</Description><StartTime><Timestamp dt:dt=""int"">0</Timestamp><DateUtc dt:dt=""string"">2021-08-22T16:31:39Z</DateUtc></StartTime><FrequencyChanges><FrequencyChange><Frequency dt:dt=""r8"">2835939</Frequency><Timestamp dt:dt=""r8"">521601161029</Timestamp><Current dt:dt=""r8"">0</Current><DateUtc dt:dt=""string"">2021-08-22T16:31:39Z</DateUtc></FrequencyChange></FrequencyChanges></Clock>\n",S,1,SL003_N1S6D4B,6,1.0.0.786,1,91.67,0.276385399,Press SPACEBAR to begin.,1,96.3,0.188852575,0,94.87,59.985,1910677709,Full,3.0.3.80,3.0.3.80,8/22/21,8/22/21 16:31,11:31:40,3.0.3.82,D4,0,2,1,Keyboard,1,1,2,1,BlockProc,BlockList,1,1,1,1,Thank you!,Keyboard,Keyboard,No,BlockTrialProc,BlockTrialList,5,4,,0,0,1,k,0,0,TrialProc,TrialList,1,4,Keyboard,0,15,38082,517,4,468,38550,5,2,5,Target,44
NB_DURING,3,1,B,"<?xml version=""1.0""?>\n<Clock xmlns:dt=""urn:schemas-microsoft-com:datatypes""><Description dt:dt=""string"">E-Prime Primary Realtime Clock</Description><StartTime><Timestamp dt:dt=""int"">0</Timestamp><DateUtc dt:dt=""string"">2021-08-22T16:31:39Z</DateUtc></StartTime><FrequencyChanges><FrequencyChange><Frequency dt:dt=""r8"">2835939</Frequency><Timestamp dt:dt=""r8"">521601161029</Timestamp><Current dt:dt=""r8"">0</Current><DateUtc dt:dt=""string"">2021-08-22T16:31:39Z</DateUtc></FrequencyChange></FrequencyChanges></Clock>\n",S,1,SL003_N1S6D4B,6,1.0.0.786,1,91.67,0.276385399,Press SPACEBAR to begin.,1,96.3,0.188852575,0,94.87,59.985,1910677709,Full,3.0.3.80,3.0.3.80,8/22/21,8/22/21 16:31,11:31:40,3.0.3.82,D4,0,2,1,Keyboard,1,1,2,1,BlockProc,BlockList,1,1,1,1,Thank you!,Keyboard,Keyboard,No,BlockTrialProc,BlockTrialList,6,4,,0,0,1,K,0,0,TrialProc,TrialList,1,4,Keyboard,0,14,41115,517,4,352,41467,6,2,6,Target,44
NB_DURING,3,1,B,"<?xml version=""1.0""?>\n<Clock xmlns:dt=""urn:schemas-microsoft-com:datatypes""><Description dt:dt=""string"">E-Prime Primary Realtime Clock</Description><StartTime><Timestamp dt:dt=""int"">0</Timestamp><DateUtc dt:dt=""string"">2021-08-22T16:31:39Z</DateUtc></StartTime><FrequencyChanges><FrequencyChange><Frequency dt:dt=""r8"">2835939</Frequency><Timestamp dt:dt=""r8"">521601161029</Timestamp><Current dt:dt=""r8"">0</Current><DateUtc dt:dt=""string"">2021-08-22T16:31:39Z</DateUtc></FrequencyChange></FrequencyChanges></Clock>\n",S,1,SL003_N1S6D4B,6,1.0.0.786,1,91.67,0.276385399,Press SPACEBAR to begin.,1,96.3,0.188852575,0,94.87,59.985,1910677709,Full,3.0.3.80,3.0.3.80,8/22/21,8/22/21 16:31,11:31:40,3.0.3.82,D4,0,2,1,Keyboard,1,1,2,1,BlockProc,BlockList,1,1,1,1,Thank you!,Keyboard,Keyboard,No,BlockTrialProc,BlockTrialList,7,1,,0,0,4,t,0,0,TrialProc,TrialList,1,1,Keyboard,0,15,44149,516,1,452,44601,7,2,7,NonTarget,11
NB_DURING,3,1,B,"<?xml version=""1.0""?>\n<Clock xmlns:dt=""urn:schemas-microsoft-com:datatypes""><Description dt:dt=""string"">E-Prime Primary Realtime Clock</Description><StartTime><Timestamp dt:dt=""int"">0</Timestamp><DateUtc dt:dt=""string"">2021-08-22T16:31:39Z</DateUtc></StartTime><FrequencyChanges><FrequencyChange><Frequency dt:dt=""r8"">2835939</Frequency><Timestamp dt:dt=""r8"">521601161029</Timestamp><Current dt:dt=""r8"">0</Current><DateUtc dt:dt=""string"">2021-08-22T16:31:39Z</DateUtc></FrequencyChange></FrequencyChanges></Clock>\n",S,1,SL003_N1S6D4B,6,1.0.0.786,1,91.67,0.276385399,Press SPACEBAR to begin.,1,96.3,0.188852575,0,94.87,59.985,1910677709,Full,3.0.3.80,3.0.3.80,8/22/21,8/22/21 16:31,11:31:40,3.0.3.82,D4,0,2,1,Keyboard,1,1,2,1,BlockProc,BlockList,1,1,1,1,Thank you!,Keyboard,Keyboard,No,BlockTrialProc,BlockTrialList,8,4,,0,0,1,T,0,0,TrialProc,TrialList,1,4,Keyboard,0,15,47182,517,4,463,47645,8,2,8,Target,44
NB_DURING,3,1,B,"<?xml version=""1.0""?>\n<Clock xmlns:dt=""urn:schemas-microsoft-com:datatypes""><Description dt:dt=""string"">E-Prime Primary Realtime Clock</Description><StartTime><Timestamp dt:dt=""int"">0</Timestamp><DateUtc dt:dt=""string"">2021-08-22T16:31:39Z</DateUtc></StartTime><FrequencyChanges><FrequencyChange><Frequency dt:dt=""r8"">2835939</Frequency><Timestamp dt:dt=""r8"">521601161029</Timestamp><Current dt:dt=""r8"">0</Current><DateUtc dt:dt=""string"">2021-08-22T16:31:39Z</DateUtc></FrequencyChange></FrequencyChanges></Clock>\n",S,1,SL003_N1S6D4B,6,1.0.0.786,1,91.67,0.276385399,Press SPACEBAR to begin.,1,96.3,0.188852575,0,94.87,59.985,1910677709,Full,3.0.3.80,3.0.3.80,8/22/21,8/22/21 16:31,11:31:40,3.0.3.82,D4,0,2,1,Keyboard,1,1,2,1,BlockProc,BlockList,1,1,1,1,Thank you!,Keyboard,Keyboard,No,BlockTrialProc,BlockTrialList,9,1,,0,0,4,s,0,0,TrialProc,TrialList,1,1,Keyboard,0,14,50215,517,1,464,50679,9,2,9,NonTarget,11
NB_DURING,3,1,B,"<?xml version=""1.0""?>\n<Clock xmlns:dt=""urn:schemas-microsoft-com:datatypes""><Description dt:dt=""string"">E-Prime Primary Realtime Clock</Description><StartTime><Timestamp dt:dt=""int"">0</Timestamp><DateUtc dt:dt=""string"">2021-08-22T16:31:39Z</DateUtc></StartTime><FrequencyChanges><FrequencyChange><Frequency dt:dt=""r8"">2835939</Frequency><Timestamp dt:dt=""r8"">521601161029</Timestamp><Current dt:dt=""r8"">0</Current><DateUtc dt:dt=""string"">2021-08-22T16:31:39Z</DateUtc></FrequencyChange></FrequencyChanges></Clock>\n",S,1,SL003_N1S6D4B,6,1.0.0.786,1,91.67,0.276385399,Press SPACEBAR to begin.,1,96.3,0.188852575,0,94.87,59.985,1910677709,Full,3.0.3.80,3.0.3.80,8/22/21,8/22/21 16:31,11:31:40,3.0.3.82,D4,0,2,1,Keyboard,1,1,2,1,BlockProc,BlockList,1,1,1,1,Thank you!,Keyboard,Keyboard,No,BlockTrialProc,BlockTrialList,10,1,,0,0,4,C,0,0,TrialProc,TrialList,1,1,Keyboard,0,15,53249,516,1,413,53662,10,2,10,NonTarget,11
NB_DURING,3,1,B,"<?xml version=""1.0""?>\n<Clock xmlns:dt=""urn:schemas-microsoft-com:datatypes""><Description dt:dt=""string"">E-Prime Primary Realtime Clock</Description><StartTime><Timestamp dt:dt=""int"">0</Timestamp><DateUtc dt:dt=""string"">2021-08-22T16:31:39Z</DateUtc></StartTime><FrequencyChanges><FrequencyChange><Frequency dt:dt=""r8"">2835939</Frequency><Timestamp dt:dt=""r8"">521601161029</Timestamp><Current dt:dt=""r8"">0</Current><DateUtc dt:dt=""string"">2021-08-22T16:31:39Z</DateUtc></FrequencyChange></FrequencyChanges></Clock>\n",S,1,SL003_N1S6D4B,6,1.0.0.786,1,91.67,0.276385399,Press SPACEBAR to begin.,1,96.3,0.188852575,0,94.87,59.985,1910677709,Full,3.0.3.80,3.0.3.80,8/22/21,8/22/21 16:31,11:31:40,3.0.3.82,D4,0,2,1,Keyboard,1,1,2,1,BlockProc,BlockList,1,1,1,1,Thank you!,Keyboard,Keyboard,No,BlockTrialProc,BlockTrialList,11,4,,0,0,1,c,0,0,TrialProc,TrialList,1,4,Keyboard,0,15,56282,517,4,521,56803,11,2,11,Target,44
NB_DURING,3,1,B,"<?xml version=""1.0""?>\n<Clock xmlns:dt=""urn:schemas-microsoft-com:datatypes""><Description dt:dt=""string"">E-Prime Primary Realtime Clock</Description><StartTime><Timestamp dt:dt=""int"">0</Timestamp><DateUtc dt:dt=""string"">2021-08-22T16:31:39Z</DateUtc></StartTime><FrequencyChanges><FrequencyChange><Frequency dt:dt=""r8"">2835939</Frequency><Timestamp dt:dt=""r8"">521601161029</Timestamp><Current dt:dt=""r8"">0</Current><DateUtc dt:dt=""string"">2021-08-22T16:31:39Z</DateUtc></FrequencyChange></FrequencyChanges></Clock>\n",S,1,SL003_N1S6D4B,6,1.0.0.786,1,91.67,0.276385399,Press SPACEBAR to begin.,1,96.3,0.188852575,0,94.87,59.985,1910677709,Full,3.0.3.80,3.0.3.80,8/22/21,8/22/21 16:31,11:31:40,3.0.3.82,D4,0,2,1,Keyboard,1,1,2,1,BlockProc,BlockList,1,1,1,1,Thank you!,Keyboard,Keyboard,No,BlockTrialProc,BlockTrialList,12,1,,0,0,4,f,0,0,TrialProc,TrialList,1,1,Keyboard,0,14,59315,517,1,584,59899,12,2,12,NonTarget,11
NB_DURING,3,1,B,"<?xml version=""1.0""?>\n<Clock xmlns:dt=""urn:schemas-microsoft-com:datatypes""><Description dt:dt=""string"">E-Prime Primary Realtime Clock</Description><StartTime><Timestamp dt:dt=""int"">0</Timestamp><DateUtc dt:dt=""string"">2021-08-22T16:31:39Z</DateUtc></StartTime><FrequencyChanges><FrequencyChange><Frequency dt:dt=""r8"">2835939</Frequency><Timestamp dt:dt=""r8"">521601161029</Timestamp><Current dt:dt=""r8"">0</Current><DateUtc dt:dt=""string"">2021-08-22T16:31:39Z</DateUtc></FrequencyChange></FrequencyChanges></Clock>\n",S,1,SL003_N1S6D4B,6,1.0.0.786,1,91.67,0.276385399,Press SPACEBAR to begin.,1,96.3,0.188852575,0,94.87,59.985,1910677709,Full,3.0.3.80,3.0.3.80,8/22/21,8/22/21 16:31,11:31:40,3.0.3.82,D4,0,2,1,Keyboard,1,1,2,1,BlockProc,BlockList,1,1,1,1,Thank you!,Keyboard,Keyboard,No,BlockTrialProc,BlockTrialList,13,1,,0,0,4,K,0,0,TrialProc,TrialList,1,1,Keyboard,0,15,62349,516,1,481,62830,13,2,13,NonTarget,11
NB_DURING,3,1,B,"<?xml version=""1.0""?>\n<Clock xmlns:dt=""urn:schemas-microsoft-com:datatypes""><Description dt:dt=""string"">E-Prime Primary Realtime Clock</Description><StartTime><Timestamp dt:dt=""int"">0</Timestamp><DateUtc dt:dt=""string"">2021-08-22T16:31:39Z</DateUtc></StartTime><FrequencyChanges><FrequencyChange><Frequency dt:dt=""r8"">2835939</Frequency><Timestamp dt:dt=""r8"">521601161029</Timestamp><Current dt:dt=""r8"">0</Current><DateUtc dt:dt=""string"">2021-08-22T16:31:39Z</DateUtc></FrequencyChange></FrequencyChanges></Clock>\n",S,1,SL003_N1S6D4B,6,1.0.0.786,1,91.67,0.276385399,Press SPACEBAR to begin.,1,96.3,0.188852575,0,94.87,59.985,1910677709,Full,3.0.3.80,3.0.3.80,8/22/21,8/22/21 16:31,11:31:40,3.0.3.82,D4,0,2,1,Keyboard,1,1,2,1,BlockProc,BlockList,1,1,1,1,Thank you!,Keyboard,Keyboard,No,BlockTrialProc,BlockTrialList,14,1,,0,0,4,p,0,0,TrialProc,TrialList,1,1,Keyboard,0,15,65382,517,1,428,65810,14,2,14,NonTarget,11
NB_DURING,3,1,B,"<?xml version=""1.0""?>\n<Clock xmlns:dt=""urn:schemas-microsoft-com:datatypes""><Description dt:dt=""string"">E-Prime Primary Realtime Clock</Description><StartTime><Timestamp dt:dt=""int"">0</Timestamp><DateUtc dt:dt=""string"">2021-08-22T16:31:39Z</DateUtc></StartTime><FrequencyChanges><FrequencyChange><Frequency dt:dt=""r8"">2835939</Frequency><Timestamp dt:dt=""r8"">521601161029</Timestamp><Current dt:dt=""r8"">0</Current><DateUtc dt:dt=""string"">2021-08-22T16:31:39Z</DateUtc></FrequencyChange></FrequencyChanges></Clock>\n",S,1,SL003_N1S6D4B,6,1.0.0.786,1,91.67,0.276385399,Press SPACEBAR to begin.,1,96.3,0.188852575,0,94.87,59.985,1910677709,Full,3.0.3.80,3.0.3.80,8/22/21,8/22/21 16:31,11:31:40,3.0.3.82,D4,0,2,1,Keyboard,1,1,2,1,BlockProc,BlockList,1,1,1,1,Thank you!,Keyboard,Keyboard,No,BlockTrialProc,BlockTrialList,15,1,,0,0,4,X,1,0,TrialProc,TrialList,0,1,Keyboard,0,15,68416,516,4,634,69050,15,2,15,NonTarget,11
NB_DURING,3,1,B,"<?xml version=""1.0""?>\n<Clock xmlns:dt=""urn:schemas-microsoft-com:datatypes""><Description dt:dt=""string"">E-Prime Primary Realtime Clock</Description><StartTime><Timestamp dt:dt=""int"">0</Timestamp><DateUtc dt:dt=""string"">2021-08-22T16:31:39Z</DateUtc></StartTime><FrequencyChanges><FrequencyChange><Frequency dt:dt=""r8"">2835939</Frequency><Timestamp dt:dt=""r8"">521601161029</Timestamp><Current dt:dt=""r8"">0</Current><DateUtc dt:dt=""string"">2021-08-22T16:31:39Z</DateUtc></FrequencyChange></FrequencyChanges></Clock>\n",S,1,SL003_N1S6D4B,6,1.0.0.786,1,91.67,0.276385399,Press SPACEBAR to begin.,1,96.3,0.188852575,0,94.87,59.985,1910677709,Full,3.0.3.80,3.0.3.80,8/22/21,8/22/21 16:31,11:31:40,3.0.3.82,D4,0,2,1,Keyboard,1,1,2,1,BlockProc,BlockList,1,1,1,1,Thank you!,Keyboard,Keyboard,No,BlockTrialProc,BlockTrialList,16,4,,0,0,1,X,1,0,TrialProc,TrialList,1,4,Keyboard,0,15,71449,517,4,728,72177,16,2,16,Target,44
NB_DURING,3,1,B,"<?xml version=""1.0""?>\n<Clock xmlns:dt=""urn:schemas-microsoft-com:datatypes""><Description dt:dt=""string"">E-Prime Primary Realtime Clock</Description><StartTime><Timestamp dt:dt=""int"">0</Timestamp><DateUtc dt:dt=""string"">2021-08-22T16:31:39Z</DateUtc></StartTime><FrequencyChanges><FrequencyChange><Frequency dt:dt=""r8"">2835939</Frequency><Timestamp dt:dt=""r8"">521601161029</Timestamp><Current dt:dt=""r8"">0</Current><DateUtc dt:dt=""string"">2021-08-22T16:31:39Z</DateUtc></FrequencyChange></FrequencyChanges></Clock>\n",S,1,SL003_N1S6D4B,6,1.0.0.786,1,91.67,0.276385399,Press SPACEBAR to begin.,1,96.3,0.188852575,0,94.87,59.985,1910677709,Full,3.0.3.80,3.0.3.80,8/22/21,8/22/21 16:31,11:31:40,3.0.3.82,D4,0,2,1,Keyboard,1,1,2,1,BlockProc,BlockList,1,1,1,1,Thank you!,Keyboard,Keyboard,No,BlockTrialProc,BlockTrialList,17,1,,0,0,4,S,1,0,TrialProc,TrialList,1,1,Keyboard,0,14,74482,517,1,391,74873,17,2,17,NonTarget,11
NB_DURING,3,1,B,"<?xml version=""1.0""?>\n<Clock xmlns:dt=""urn:schemas-microsoft-com:datatypes""><Description dt:dt=""string"">E-Prime Primary Realtime Clock</Description><StartTime><Timestamp dt:dt=""int"">0</Timestamp><DateUtc dt:dt=""string"">2021-08-22T16:31:39Z</DateUtc></StartTime><FrequencyChanges><FrequencyChange><Frequency dt:dt=""r8"">2835939</Frequency><Timestamp dt:dt=""r8"">521601161029</Timestamp><Current dt:dt=""r8"">0</Current><DateUtc dt:dt=""string"">2021-08-22T16:31:39Z</DateUtc></FrequencyChange></FrequencyChanges></Clock>\n",S,1,SL003_N1S6D4B,6,1.0.0.786,1,91.67,0.276385399,Press SPACEBAR to begin.,1,96.3,0.188852575,0,94.87,59.985,1910677709,Full,3.0.3.80,3.0.3.80,8/22/21,8/22/21 16:31,11:31:40,3.0.3.82,D4,0,2,1,Keyboard,1,1,2,1,BlockProc,BlockList,1,1,1,1,Thank you!,Keyboard,Keyboard,No,BlockTrialProc,BlockTrialList,18,1,,0,0,4,p,1,0,TrialProc,TrialList,1,1,Keyboard,0,15,77516,516,1,342,77858,18,2,18,NonTarget,11
NB_DURING,3,1,B,"<?xml version=""1.0""?>\n<Clock xmlns:dt=""urn:schemas-microsoft-com:datatypes""><Description dt:dt=""string"">E-Prime Primary Realtime Clock</Description><StartTime><Timestamp dt:dt=""int"">0</Timestamp><DateUtc dt:dt=""string"">2021-08-22T16:31:39Z</DateUtc></StartTime><FrequencyChanges><FrequencyChange><Frequency dt:dt=""r8"">2835939</Frequency><Timestamp dt:dt=""r8"">521601161029</Timestamp><Current dt:dt=""r8"">0</Current><DateUtc dt:dt=""string"">2021-08-22T16:31:39Z</DateUtc></FrequencyChange></FrequencyChanges></Clock>\n",S,1,SL003_N1S6D4B,6,1.0.0.786,1,91.67,0.276385399,Press SPACEBAR to begin.,1,96.3,0.188852575,0,94.87,59.985,1910677709,Full,3.0.3.80,3.0.3.80,8/22/21,8/22/21 16:31,11:31:40,3.0.3.82,D4,0,2,1,Keyboard,1,1,2,1,BlockProc,BlockList,1,1,1,1,Thank you!,Keyboard,Keyboard,No,BlockTrialProc,BlockTrialList,19,4,,0,0,1,p,1,0,TrialProc,TrialList,1,4,Keyboard,0,15,80549,517,4,583,81132,19,2,19,Target,44
NB_DURING,3,1,B,"<?xml version=""1.0""?>\n<Clock xmlns:dt=""urn:schemas-microsoft-com:datatypes""><Description dt:dt=""string"">E-Prime Primary Realtime Clock</Description><StartTime><Timestamp dt:dt=""int"">0</Timestamp><DateUtc dt:dt=""string"">2021-08-22T16:31:39Z</DateUtc></StartTime><FrequencyChanges><FrequencyChange><Frequency dt:dt=""r8"">2835939</Frequency><Timestamp dt:dt=""r8"">521601161029</Timestamp><Current dt:dt=""r8"">0</Current><DateUtc dt:dt=""string"">2021-08-22T16:31:39Z</DateUtc></FrequencyChange></FrequencyChanges></Clock>\n",S,1,SL003_N1S6D4B,6,1.0.0.786,1,91.67,0.276385399,Press SPACEBAR to begin.,1,96.3,0.188852575,0,94.87,59.985,1910677709,Full,3.0.3.80,3.0.3.80,8/22/21,8/22/21 16:31,11:31:40,3.0.3.82,D4,0,2,1,Keyboard,1,1,2,1,BlockProc,BlockList,1,1,1,1,Thank you!,Keyboard,Keyboard,No,BlockTrialProc,BlockTrialList,20,4,,0,0,1,P,1,0,TrialProc,TrialList,1,4,Keyboard,0,14,83582,517,4,362,83944,20,2,20,Target,44
NB_DURING,3,1,B,"<?xml version=""1.0""?>\n<Clock xmlns:dt=""urn:schemas-microsoft-com:datatypes""><Description dt:dt=""string"">E-Prime Primary Realtime Clock</Description><StartTime><Timestamp dt:dt=""int"">0</Timestamp><DateUtc dt:dt=""string"">2021-08-22T16:31:39Z</DateUtc></StartTime><FrequencyChanges><FrequencyChange><Frequency dt:dt=""r8"">2835939</Frequency><Timestamp dt:dt=""r8"">521601161029</Timestamp><Current dt:dt=""r8"">0</Current><DateUtc dt:dt=""string"">2021-08-22T16:31:39Z</DateUtc></FrequencyChange></FrequencyChanges></Clock>\n",S,1,SL003_N1S6D4B,6,1.0.0.786,1,91.67,0.276385399,Press SPACEBAR to begin.,1,96.3,0.188852575,0,94.87,59.985,1910677709,Full,3.0.3.80,3.0.3.80,8/22/21,8/22/21 16:31,11:31:40,3.0.3.82,D4,0,2,1,Keyboard,1,1,2,1,BlockProc,BlockList,1,1,1,1,Thank you!,Keyboard,Keyboard,No,BlockTrialProc,BlockTrialList,21,1,,0,0,4,b,1,0,TrialProc,TrialList,1,1,Keyboard,0,15,86616,516,1,502,87118,21,2,21,NonTarget,11
NB_DURING,3,1,B,"<?xml version=""1.0""?>\n<Clock xmlns:dt=""urn:schemas-microsoft-com:datatypes""><Description dt:dt=""string"">E-Prime Primary Realtime Clock</Description><StartTime><Timestamp dt:dt=""int"">0</Timestamp><DateUtc dt:dt=""string"">2021-08-22T16:31:39Z</DateUtc></StartTime><FrequencyChanges><FrequencyChange><Frequency dt:dt=""r8"">2835939</Frequency><Timestamp dt:dt=""r8"">521601161029</Timestamp><Current dt:dt=""r8"">0</Current><DateUtc dt:dt=""string"">2021-08-22T16:31:39Z</DateUtc></FrequencyChange></FrequencyChanges></Clock>\n",S,1,SL003_N1S6D4B,6,1.0.0.786,1,91.67,0.276385399,Press SPACEBAR to begin.,1,96.3,0.188852575,0,94.87,59.985,1910677709,Full,3.0.3.80,3.0.3.80,8/22/21,8/22/21 16:31,11:31:40,3.0.3.82,D4,0,2,1,Keyboard,1,1,2,1,BlockProc,BlockList,1,1,1,1,Thank you!,Keyboard,Keyboard,No,BlockTrialProc,BlockTrialList,22,1,,0,0,4,C,1,0,TrialProc,TrialList,1,1,Keyboard,0,15,89649,517,1,379,90028,22,2,22,NonTarget,11
NB_DURING,3,1,B,"<?xml version=""1.0""?>\n<Clock xmlns:dt=""urn:schemas-microsoft-com:datatypes""><Description dt:dt=""string"">E-Prime Primary Realtime Clock</Description><StartTime><Timestamp dt:dt=""int"">0</Timestamp><DateUtc dt:dt=""string"">2021-08-22T16:31:39Z</DateUtc></StartTime><FrequencyChanges><FrequencyChange><Frequency dt:dt=""r8"">2835939</Frequency><Timestamp dt:dt=""r8"">521601161029</Timestamp><Current dt:dt=""r8"">0</Current><DateUtc dt:dt=""string"">2021-08-22T16:31:39Z</DateUtc></FrequencyChange></FrequencyChanges></Clock>\n",S,1,SL003_N1S6D4B,6,1.0.0.786,1,91.67,0.276385399,Press SPACEBAR to begin.,1,96.3,0.188852575,0,94.87,59.985,1910677709,Full,3.0.3.80,3.0.3.80,8/22/21,8/22/21 16:31,11:31:40,3.0.3.82,D4,0,2,1,Keyboard,1,1,2,1,BlockProc,BlockList,1,1,1,1,Thank you!,Keyboard,Keyboard,No,BlockTrialProc,BlockTrialList,23,1,,0,0,4,r,1,0,TrialProc,TrialList,1,1,Keyboard,0,14,92682,517,1,526,93208,23,2,23,NonTarget,11
NB_DURING,3,1,B,"<?xml version=""1.0""?>\n<Clock xmlns:dt=""urn:schemas-microsoft-com:datatypes""><Description dt:dt=""string"">E-Prime Primary Realtime Clock</Description><StartTime><Timestamp dt:dt=""int"">0</Timestamp><DateUtc dt:dt=""string"">2021-08-22T16:31:39Z</DateUtc></StartTime><FrequencyChanges><FrequencyChange><Frequency dt:dt=""r8"">2835939</Frequency><Timestamp dt:dt=""r8"">521601161029</Timestamp><Current dt:dt=""r8"">0</Current><DateUtc dt:dt=""string"">2021-08-22T16:31:39Z</DateUtc></FrequencyChange></FrequencyChanges></Clock>\n",S,1,SL003_N1S6D4B,6,1.0.0.786,1,91.67,0.276385399,Press SPACEBAR to begin.,1,96.3,0.188852575,0,94.87,59.985,1910677709,Full,3.0.3.80,3.0.3.80,8/22/21,8/22/21 16:31,11:31:40,3.0.3.82,D4,0,2,1,Keyboard,1,1,2,1,BlockProc,BlockList,1,1,1,1,Thank you!,Keyboard,Keyboard,No,BlockTrialProc,BlockTrialList,24,4,,0,0,1,r,1,0,TrialProc,TrialList,1,4,Keyboard,0,15,95716,516,4,557,96273,24,2,24,Target,44
NB_DURING,3,1,B,"<?xml version=""1.0""?>\n<Clock xmlns:dt=""urn:schemas-microsoft-com:datatypes""><Description dt:dt=""string"">E-Prime Primary Realtime Clock</Description><StartTime><Timestamp dt:dt=""int"">0</Timestamp><DateUtc dt:dt=""string"">2021-08-22T16:31:39Z</DateUtc></StartTime><FrequencyChanges><FrequencyChange><Frequency dt:dt=""r8"">2835939</Frequency><Timestamp dt:dt=""r8"">521601161029</Timestamp><Current dt:dt=""r8"">0</Current><DateUtc dt:dt=""string"">2021-08-22T16:31:39Z</DateUtc></FrequencyChange></FrequencyChanges></Clock>\n",S,1,SL003_N1S6D4B,6,1.0.0.786,1,91.67,0.276385399,Press SPACEBAR to begin.,1,96.3,0.188852575,0,94.87,59.985,1910677709,Full,3.0.3.80,3.0.3.80,8/22/21,8/22/21 16:31,11:31:40,3.0.3.82,D4,0,2,1,Keyboard,1,1,2,1,BlockProc,BlockList,1,1,1,1,Thank you!,Keyboard,Keyboard,No,BlockTrialProc,BlockTrialList,25,1,,0,0,4,c,1,0,TrialProc,TrialList,1,1,Keyboard,0,15,98749,517,1,529,99278,25,2,25,NonTarget,11
NB_DURING,3,1,B,"<?xml version=""1.0""?>\n<Clock xmlns:dt=""urn:schemas-microsoft-com:datatypes""><Description dt:dt=""string"">E-Prime Primary Realtime Clock</Description><StartTime><Timestamp dt:dt=""int"">0</Timestamp><DateUtc dt:dt=""string"">2021-08-22T16:31:39Z</DateUtc></StartTime><FrequencyChanges><FrequencyChange><Frequency dt:dt=""r8"">2835939</Frequency><Timestamp dt:dt=""r8"">521601161029</Timestamp><Current dt:dt=""r8"">0</Current><DateUtc dt:dt=""string"">2021-08-22T16:31:39Z</DateUtc></FrequencyChange></FrequencyChanges></Clock>\n",S,1,SL003_N1S6D4B,6,1.0.0.786,1,91.67,0.276385399,Press SPACEBAR to begin.,1,96.3,0.188852575,0,94.87,59.985,1910677709,Full,3.0.3.80,3.0.3.80,8/22/21,8/22/21 16:31,11:31:40,3.0.3.82,D4,0,2,1,Keyboard,1,1,2,1,BlockProc,BlockList,1,1,1,1,Thank you!,Keyboard,Keyboard,No,BlockTrialProc,BlockTrialList,26,1,,0,0,4,K,1,0,TrialProc,TrialList,1,1,Keyboard,0,14,101782,517,1,1078,102860,26,2,26,NonTarget,11
NB_DURING,3,1,B,"<?xml version=""1.0""?>\n<Clock xmlns:dt=""urn:schemas-microsoft-com:datatypes""><Description dt:dt=""string"">E-Prime Primary Realtime Clock</Description><StartTime><Timestamp dt:dt=""int"">0</Timestamp><DateUtc dt:dt=""string"">2021-08-22T16:31:39Z</DateUtc></StartTime><FrequencyChanges><FrequencyChange><Frequency dt:dt=""r8"">2835939</Frequency><Timestamp dt:dt=""r8"">521601161029</Timestamp><Current dt:dt=""r8"">0</Current><DateUtc dt:dt=""string"">2021-08-22T16:31:39Z</DateUtc></FrequencyChange></FrequencyChanges></Clock>\n",S,1,SL003_N1S6D4B,6,1.0.0.786,1,91.67,0.276385399,Press SPACEBAR to begin.,1,96.3,0.188852575,0,94.87,59.985,1910677709,Full,3.0.3.80,3.0.3.80,8/22/21,8/22/21 16:31,11:31:40,3.0.3.82,D4,0,2,1,Keyboard,1,1,2,1,BlockProc,BlockList,1,1,1,1,Thank you!,Keyboard,Keyboard,No,BlockTrialProc,BlockTrialList,27,1,,0,0,4,S,1,0,TrialProc,TrialList,1,1,Keyboard,0,15,104816,516,1,581,105397,27,2,27,NonTarget,11
NB_DURING,3,1,B,"<?xml version=""1.0""?>\n<Clock xmlns:dt=""urn:schemas-microsoft-com:datatypes""><Description dt:dt=""string"">E-Prime Primary Realtime Clock</Description><StartTime><Timestamp dt:dt=""int"">0</Timestamp><DateUtc dt:dt=""string"">2021-08-22T16:31:39Z</DateUtc></StartTime><FrequencyChanges><FrequencyChange><Frequency dt:dt=""r8"">2835939</Frequency><Timestamp dt:dt=""r8"">521601161029</Timestamp><Current dt:dt=""r8"">0</Current><DateUtc dt:dt=""string"">2021-08-22T16:31:39Z</DateUtc></FrequencyChange></FrequencyChanges></Clock>\n",S,1,SL003_N1S6D4B,6,1.0.0.786,1,91.67,0.276385399,Press SPACEBAR to begin.,1,96.3,0.188852575,0,94.87,59.985,1910677709,Full,3.0.3.80,3.0.3.80,8/22/21,8/22/21 16:31,11:31:40,3.0.3.82,D4,0,2,1,Keyboard,1,1,2,1,BlockProc,BlockList,1,1,1,1,Thank you!,Keyboard,Keyboard,No,BlockTrialProc,BlockTrialList,28,1,,0,0,4,r,1,0,TrialProc,TrialList,1,1,Keyboard,0,15,107849,517,1,457,108306,28,2,28,NonTarget,11
NB_DURING,3,1,B,"<?xml version=""1.0""?>\n<Clock xmlns:dt=""urn:schemas-microsoft-com:datatypes""><Description dt:dt=""string"">E-Prime Primary Realtime Clock</Description><StartTime><Timestamp dt:dt=""int"">0</Timestamp><DateUtc dt:dt=""string"">2021-08-22T16:31:39Z</DateUtc></StartTime><FrequencyChanges><FrequencyChange><Frequency dt:dt=""r8"">2835939</Frequency><Timestamp dt:dt=""r8"">521601161029</Timestamp><Current dt:dt=""r8"">0</Current><DateUtc dt:dt=""string"">2021-08-22T16:31:39Z</DateUtc></FrequencyChange></FrequencyChanges></Clock>\n",S,1,SL003_N1S6D4B,6,1.0.0.786,1,91.67,0.276385399,Press SPACEBAR to begin.,1,96.3,0.188852575,0,94.87,59.985,1910677709,Full,3.0.3.80,3.0.3.80,8/22/21,8/22/21 16:31,11:31:40,3.0.3.82,D4,0,2,1,Keyboard,1,1,2,1,BlockProc,BlockList,1,1,1,1,Thank you!,Keyboard,Keyboard,No,BlockTrialProc,BlockTrialList,29,4,,1,0,1,R,1,0,TrialProc,TrialList,0,4,Keyboard,0,14,110882,517,1,449,111331,29,2,29,Target,44
NB_DURING,3,1,B,"<?xml version=""1.0""?>\n<Clock xmlns:dt=""urn:schemas-microsoft-com:datatypes""><Description dt:dt=""string"">E-Prime Primary Realtime Clock</Description><StartTime><Timestamp dt:dt=""int"">0</Timestamp><DateUtc dt:dt=""string"">2021-08-22T16:31:39Z</DateUtc></StartTime><FrequencyChanges><FrequencyChange><Frequency dt:dt=""r8"">2835939</Frequency><Timestamp dt:dt=""r8"">521601161029</Timestamp><Current dt:dt=""r8"">0</Current><DateUtc dt:dt=""string"">2021-08-22T16:31:39Z</DateUtc></FrequencyChange></FrequencyChanges></Clock>\n",S,1,SL003_N1S6D4B,6,1.0.0.786,1,91.67,0.276385399,Press SPACEBAR to begin.,1,96.3,0.188852575,0,94.87,59.985,1910677709,Full,3.0.3.80,3.0.3.80,8/22/21,8/22/21 16:31,11:31:40,3.0.3.82,D4,0,2,1,Keyboard,1,1,2,1,BlockProc,BlockList,1,1,1,1,Thank you!,Keyboard,Keyboard,No,BlockTrialProc,BlockTrialList,30,1,,1,0,4,p,1,0,TrialProc,TrialList,1,1,Keyboard,0,15,113916,516,1,459,114375,30,2,30,NonTarget,11
NB_DURING,3,1,B,"<?xml version=""1.0""?>\n<Clock xmlns:dt=""urn:schemas-microsoft-com:datatypes""><Description dt:dt=""string"">E-Prime Primary Realtime Clock</Description><StartTime><Timestamp dt:dt=""int"">0</Timestamp><DateUtc dt:dt=""string"">2021-08-22T16:31:39Z</DateUtc></StartTime><FrequencyChanges><FrequencyChange><Frequency dt:dt=""r8"">2835939</Frequency><Timestamp dt:dt=""r8"">521601161029</Timestamp><Current dt:dt=""r8"">0</Current><DateUtc dt:dt=""string"">2021-08-22T16:31:39Z</DateUtc></FrequencyChange></FrequencyChanges></Clock>\n",S,1,SL003_N1S6D4B,6,1.0.0.786,1,91.67,0.276385399,Press SPACEBAR to begin.,1,96.3,0.188852575,0,94.87,59.985,1910677709,Full,3.0.3.80,3.0.3.80,8/22/21,8/22/21 16:31,11:31:40,3.0.3.82,D4,0,2,1,Keyboard,1,1,2,1,BlockProc,BlockList,1,1,1,1,Thank you!,Keyboard,Keyboard,No,BlockTrialProc,BlockTrialList,31,4,,1,0,1,P,1,0,TrialProc,TrialList,1,4,Keyboard,0,15,116949,517,4,513,117462,31,2,31,Target,44
NB_DURING,3,1,B,"<?xml version=""1.0""?>\n<Clock xmlns:dt=""urn:schemas-microsoft-com:datatypes""><Description dt:dt=""string"">E-Prime Primary Realtime Clock</Description><StartTime><Timestamp dt:dt=""int"">0</Timestamp><DateUtc dt:dt=""string"">2021-08-22T16:31:39Z</DateUtc></StartTime><FrequencyChanges><FrequencyChange><Frequency dt:dt=""r8"">2835939</Frequency><Timestamp dt:dt=""r8"">521601161029</Timestamp><Current dt:dt=""r8"">0</Current><DateUtc dt:dt=""string"">2021-08-22T16:31:39Z</DateUtc></FrequencyChange></FrequencyChanges></Clock>\n",S,1,SL003_N1S6D4B,6,1.0.0.786,1,91.67,0.276385399,Press SPACEBAR to begin.,1,96.3,0.188852575,0,94.87,59.985,1910677709,Full,3.0.3.80,3.0.3.80,8/22/21,8/22/21 16:31,11:31:40,3.0.3.82,D4,0,2,1,Keyboard,1,1,2,1,BlockProc,BlockList,1,1,1,1,Thank you!,Keyboard,Keyboard,No,BlockTrialProc,BlockTrialList,32,1,,1,0,4,X,1,0,TrialProc,TrialList,1,1,Keyboard,0,14,119982,517,1,533,120515,32,2,32,NonTarget,11
NB_DURING,3,1,B,"<?xml version=""1.0""?>\n<Clock xmlns:dt=""urn:schemas-microsoft-com:datatypes""><Description dt:dt=""string"">E-Prime Primary Realtime Clock</Description><StartTime><Timestamp dt:dt=""int"">0</Timestamp><DateUtc dt:dt=""string"">2021-08-22T16:31:39Z</DateUtc></StartTime><FrequencyChanges><FrequencyChange><Frequency dt:dt=""r8"">2835939</Frequency><Timestamp dt:dt=""r8"">521601161029</Timestamp><Current dt:dt=""r8"">0</Current><DateUtc dt:dt=""string"">2021-08-22T16:31:39Z</DateUtc></FrequencyChange></FrequencyChanges></Clock>\n",S,1,SL003_N1S6D4B,6,1.0.0.786,1,91.67,0.276385399,Press SPACEBAR to begin.,1,96.3,0.188852575,0,94.87,59.985,1910677709,Full,3.0.3.80,3.0.3.80,8/22/21,8/22/21 16:31,11:31:40,3.0.3.82,D4,0,2,1,Keyboard,1,1,2,1,BlockProc,BlockList,1,1,1,1,Thank you!,Keyboard,Keyboard,No,BlockTrialProc,BlockTrialList,33,1,,1,0,4,p,1,0,TrialProc,TrialList,1,1,Keyboard,0,15,123016,517,1,625,123641,33,2,33,NonTarget,11
NB_DURING,3,1,B,"<?xml version=""1.0""?>\n<Clock xmlns:dt=""urn:schemas-microsoft-com:datatypes""><Description dt:dt=""string"">E-Prime Primary Realtime Clock</Description><StartTime><Timestamp dt:dt=""int"">0</Timestamp><DateUtc dt:dt=""string"">2021-08-22T16:31:39Z</DateUtc></StartTime><FrequencyChanges><FrequencyChange><Frequency dt:dt=""r8"">2835939</Frequency><Timestamp dt:dt=""r8"">521601161029</Timestamp><Current dt:dt=""r8"">0</Current><DateUtc dt:dt=""string"">2021-08-22T16:31:39Z</DateUtc></FrequencyChange></FrequencyChanges></Clock>\n",S,1,SL003_N1S6D4B,6,1.0.0.786,1,91.67,0.276385399,Press SPACEBAR to begin.,1,96.3,0.188852575,0,94.87,59.985,1910677709,Full,3.0.3.80,3.0.3.80,8/22/21,8/22/21 16:31,11:31:40,3.0.3.82,D4,0,2,1,Keyboard,1,1,2,1,BlockProc,BlockList,1,1,1,1,Thank you!,Keyboard,Keyboard,No,BlockTrialProc,BlockTrialList,34,4,,1,0,1,P,1,0,TrialProc,TrialList,1,4,Keyboard,0,14,126049,517,4,470,126519,34,2,34,Target,44
NB_DURING,3,1,B,"<?xml version=""1.0""?>\n<Clock xmlns:dt=""urn:schemas-microsoft-com:datatypes""><Description dt:dt=""string"">E-Prime Primary Realtime Clock</Description><StartTime><Timestamp dt:dt=""int"">0</Timestamp><DateUtc dt:dt=""string"">2021-08-22T16:31:39Z</DateUtc></StartTime><FrequencyChanges><FrequencyChange><Frequency dt:dt=""r8"">2835939</Frequency><Timestamp dt:dt=""r8"">521601161029</Timestamp><Current dt:dt=""r8"">0</Current><DateUtc dt:dt=""string"">2021-08-22T16:31:39Z</DateUtc></FrequencyChange></FrequencyChanges></Clock>\n",S,1,SL003_N1S6D4B,6,1.0.0.786,1,91.67,0.276385399,Press SPACEBAR to begin.,1,96.3,0.188852575,0,94.87,59.985,1910677709,Full,3.0.3.80,3.0.3.80,8/22/21,8/22/21 16:31,11:31:40,3.0.3.82,D4,0,2,1,Keyboard,1,1,2,1,BlockProc,BlockList,1,1,1,1,Thank you!,Keyboard,Keyboard,No,BlockTrialProc,BlockTrialList,35,1,,1,0,4,r,1,0,TrialProc,TrialList,1,1,Keyboard,0,15,129083,516,1,446,129529,35,2,35,NonTarget,11
NB_DURING,3,1,B,"<?xml version=""1.0""?>\n<Clock xmlns:dt=""urn:schemas-microsoft-com:datatypes""><Description dt:dt=""string"">E-Prime Primary Realtime Clock</Description><StartTime><Timestamp dt:dt=""int"">0</Timestamp><DateUtc dt:dt=""string"">2021-08-22T16:31:39Z</DateUtc></StartTime><FrequencyChanges><FrequencyChange><Frequency dt:dt=""r8"">2835939</Frequency><Timestamp dt:dt=""r8"">521601161029</Timestamp><Current dt:dt=""r8"">0</Current><DateUtc dt:dt=""string"">2021-08-22T16:31:39Z</DateUtc></FrequencyChange></FrequencyChanges></Clock>\n",S,1,SL003_N1S6D4B,6,1.0.0.786,1,91.67,0.276385399,Press SPACEBAR to begin.,1,96.3,0.188852575,0,94.87,59.985,1910677709,Full,3.0.3.80,3.0.3.80,8/22/21,8/22/21 16:31,11:31:40,3.0.3.82,D4,0,2,1,Keyboard,1,1,2,1,BlockProc,BlockList,1,1,1,1,Thank you!,Keyboard,Keyboard,No,BlockTrialProc,BlockTrialList,36,1,,1,0,4,f,1,0,TrialProc,TrialList,1,1,Keyboard,0,15,132116,517,1,571,132687,36,2,36,NonTarget,11
NB_DURING,3,1,B,"<?xml version=""1.0""?>\n<Clock xmlns:dt=""urn:schemas-microsoft-com:datatypes""><Description dt:dt=""string"">E-Prime Primary Realtime Clock</Description><StartTime><Timestamp dt:dt=""int"">0</Timestamp><DateUtc dt:dt=""string"">2021-08-22T16:31:39Z</DateUtc></StartTime><FrequencyChanges><FrequencyChange><Frequency dt:dt=""r8"">2835939</Frequency><Timestamp dt:dt=""r8"">521601161029</Timestamp><Current dt:dt=""r8"">0</Current><DateUtc dt:dt=""string"">2021-08-22T16:31:39Z</DateUtc></FrequencyChange></FrequencyChanges></Clock>\n",S,1,SL003_N1S6D4B,6,1.0.0.786,1,91.67,0.276385399,Press SPACEBAR to begin.,1,96.3,0.188852575,0,94.87,59.985,1910677709,Full,3.0.3.80,3.0.3.80,8/22/21,8/22/21 16:31,11:31:40,3.0.3.82,D4,0,2,1,Keyboard,1,1,2,1,BlockProc,BlockList,1,1,1,1,Thank you!,Keyboard,Keyboard,No,BlockTrialProc,BlockTrialList,37,4,,1,0,1,f,1,0,TrialProc,TrialList,1,4,Keyboard,0,14,135149,517,4,686,135835,37,2,37,Target,44
NB_DURING,3,1,B,"<?xml version=""1.0""?>\n<Clock xmlns:dt=""urn:schemas-microsoft-com:datatypes""><Description dt:dt=""string"">E-Prime Primary Realtime Clock</Description><StartTime><Timestamp dt:dt=""int"">0</Timestamp><DateUtc dt:dt=""string"">2021-08-22T16:31:39Z</DateUtc></StartTime><FrequencyChanges><FrequencyChange><Frequency dt:dt=""r8"">2835939</Frequency><Timestamp dt:dt=""r8"">521601161029</Timestamp><Current dt:dt=""r8"">0</Current><DateUtc dt:dt=""string"">2021-08-22T16:31:39Z</DateUtc></FrequencyChange></FrequencyChanges></Clock>\n",S,1,SL003_N1S6D4B,6,1.0.0.786,1,91.67,0.276385399,Press SPACEBAR to begin.,1,96.3,0.188852575,0,94.87,59.985,1910677709,Full,3.0.3.80,3.0.3.80,8/22/21,8/22/21 16:31,11:31:40,3.0.3.82,D4,0,2,1,Keyboard,1,1,2,1,BlockProc,BlockList,1,1,1,1,Thank you!,Keyboard,Keyboard,No,BlockTrialProc,BlockTrialList,38,1,,1,0,4,X,1,0,TrialProc,TrialList,1,1,Keyboard,0,15,138183,516,1,684,138867,38,2,38,NonTarget,11
NB_DURING,3,1,B,"<?xml version=""1.0""?>\n<Clock xmlns:dt=""urn:schemas-microsoft-com:datatypes""><Description dt:dt=""string"">E-Prime Primary Realtime Clock</Description><StartTime><Timestamp dt:dt=""int"">0</Timestamp><DateUtc dt:dt=""string"">2021-08-22T16:31:39Z</DateUtc></StartTime><FrequencyChanges><FrequencyChange><Frequency dt:dt=""r8"">2835939</Frequency><Timestamp dt:dt=""r8"">521601161029</Timestamp><Current dt:dt=""r8"">0</Current><DateUtc dt:dt=""string"">2021-08-22T16:31:39Z</DateUtc></FrequencyChange></FrequencyChanges></Clock>\n",S,1,SL003_N1S6D4B,6,1.0.0.786,1,91.67,0.276385399,Press SPACEBAR to begin.,1,96.3,0.188852575,0,94.87,59.985,1910677709,Full,3.0.3.80,3.0.3.80,8/22/21,8/22/21 16:31,11:31:40,3.0.3.82,D4,0,2,1,Keyboard,1,1,2,1,BlockProc,BlockList,1,1,1,1,Thank you!,Keyboard,Keyboard,No,BlockTrialProc,BlockTrialList,39,1,,1,0,4,r,1,0,TrialProc,TrialList,1,1,Keyboard,0,15,141216,517,1,561,141777,39,2,39,NonTarget,11