C:\Users\pindus\Desktop\SITLess_Data\EXP1\COG\DURING\2B\SL001\SL001_N2N6D4B.edat3,,,,,,,,,,,,,,,,,,,,,,,,,,,,,,,,,,,,,,,,,,,,,,,,,,,,,,,,,,,,,,,,,,,,,,,,,
ExperimentName,Subject,Session,BlockID,Clock.Information,CogSeq,Condition,DataFile.Basename,Day,ExperimentVersion,Group,Hits.Mean,Hits.StdDevP,NB,NonTargetAcc.Mean,NonTargetAcc.StdDevP,OnebackLureCounter,OverallACC,Participant.RefreshRate,RandomSeed,RuntimeCapabilities,RuntimeVersion,RuntimeVersionExpected,SessionDate,SessionStartDateTimeUtc,SessionTime,StudioVersion,TIMING,Total_Ommision_Error,TotalComissionErrors,TwobackLureCounter,Welcome.DEVICE,Block,BlockList,BlockList.Cycle,BlockList.Sample,Procedure[Block],Running[Block],Trial,BlockTrialList,BlockTrialList.Cycle,BlockTrialList.Sample,BreakMessage,BreakMessage.DEVICE,GetReady.DEVICE,Practice,Procedure[Trial],Running[Trial],SubTrial,CorrectResp,CurrentLetters,HitsComissionErrors,HitsOmissions,IncorrectResp,Letter,NonTargetComissionErrors,NonTargetOmissions,Procedure[SubTrial],Running[SubTrial],Stimulus.ACC,Stimulus.CRESP,Stimulus.DEVICE,Stimulus.DurationError,Stimulus.OnsetDelay,Stimulus.OnsetTime,Stimulus.OnsetToOnsetTime,Stimulus.RESP,Stimulus.RT,Stimulus.RTTime,TrialList,TrialList.Cycle,TrialList.Sample,TrialType,Type
NB_DURING,1,1,B,"<?xml version=""1.0""?>\n<Clock xmlns:dt=""urn:schemas-microsoft-com:datatypes""><Description dt:dt=""string"">E-Prime Primary Realtime Clock</Description><StartTime><Timestamp dt:dt=""int"">0</Timestamp><DateUtc dt:dt=""string"">2021-07-01T16:42:25Z</DateUtc></StartTime><FrequencyChanges><FrequencyChange><Frequency dt:dt=""r8"">2835939</Frequency><Timestamp dt:dt=""r8"">2409944871773</Timestamp><Current dt:dt=""r8"">0</Current><DateUtc dt:dt=""string"">2021-07-01T16:42:25Z</DateUtc></FrequencyChange></FrequencyChanges></Clock>\n",N,2,SL001_N2N6D4B,6,1.0.0.786,1,100,0,2,96.3,0.188852575,2,97.44,59.997,468797639,Full,3.0.3.80,3.0.3.80,7/1/21,7/1/21 16:42,11:42:25,3.0.3.82,D4,0,1,0,Keyboard,1,1,2,1,BlockProc,BlockList,1,1,1,1,Thank you!,Keyboard,Keyboard,No,BlockTrialProc,BlockTrialList,1,1,,0,0,4,T,0,0,TrialProc,TrialList,1,1,Keyboard,0,27,15269,517,1,341,15610,1,2,1,NonTarget,11
NB_DURING,1,1,B,"<?xml version=""1.0""?>\n<Clock xmlns:dt=""urn:schemas-microsoft-com:datatypes""><Description dt:dt=""string"">E-Prime Primary Realtime Clock</Description><StartTime><Timestamp dt:dt=""int"">0</Timestamp><DateUtc dt:dt=""string"">2021-07-01T16:42:25Z</DateUtc></StartTime><FrequencyChanges><FrequencyChange><Frequency dt:dt=""r8"">2835939</Frequency><Timestamp dt:dt=""r8"">2409944871773</Timestamp><Current dt:dt=""r8"">0</Current><DateUtc dt:dt=""string"">2021-07-01T16:42:25Z</DateUtc></FrequencyChange></FrequencyChanges></Clock>\n",N,2,SL001_N2N6D4B,6,1.0.0.786,1,100,0,2,96.3,0.188852575,2,97.44,59.997,468797639,Full,3.0.3.80,3.0.3.80,7/1/21,7/1/21 16:42,11:42:25,3.0.3.82,D4,0,1,0,Keyboard,1,1,2,1,BlockProc,BlockList,1,1,1,1,Thank you!,Keyboard,Keyboard,No,BlockTrialProc,BlockTrialList,2,1,,0,0,4,x,0,0,TrialProc,TrialList,1,1,Keyboard,0,15,18303,516,1,261,18564,2,2,2,NonTarget,11
NB_DURING,1,1,B,"<?xml version=""1.0""?>\n<Clock xmlns:dt=""urn:schemas-microsoft-com:datatypes""><Description dt:dt=""string"">E-Prime Primary Realtime Clock</Description><StartTime><Timestamp dt:dt=""int"">0</Timestamp><DateUtc dt:dt=""string"">2021-07-01T16:42:25Z</DateUtc></StartTime><FrequencyChanges><FrequencyChange><Frequency dt:dt=""r8"">2835939</Frequency><Timestamp dt:dt=""r8"">2409944871773</Timestamp><Current dt:dt=""r8"">0</Current><DateUtc dt:dt=""string"">2021-07-01T16:42:25Z</DateUtc></FrequencyChange></FrequencyChanges></Clock>\n",N,2,SL001_N2N6D4B,6,1.0.0.786,1,100,0,2,96.3,0.188852575,2,97.44,59.997,468797639,Full,3.0.3.80,3.0.3.80,7/1/21,7/1/21 16:42,11:42:25,3.0.3.82,D4,0,1,0,Keyboard,1,1,2,1,BlockProc,BlockList,1,1,1,1,Thank you!,Keyboard,Keyboard,No,BlockTrialProc,BlockTrialList,3,1,,0,0,4,K,0,0,TrialProc,TrialList,1,1,Keyboard,0,15,21336,517,1,406,21742,3,2,3,NonTarget,11
NB_DURING,1,1,B,"<?xml version=""1.0""?>\n<Clock xmlns:dt=""urn:schemas-microsoft-com:datatypes""><Description dt:dt=""string"">E-Prime Primary Realtime Clock</Description><StartTime><Timestamp dt:dt=""int"">0</Timestamp><DateUtc dt:dt=""string"">2021-07-01T16:42:25Z</DateUtc></StartTime><FrequencyChanges><FrequencyChange><Frequency dt:dt=""r8"">2835939</Frequency><Timestamp dt:dt=""r8"">2409944871773</Timestamp><Current dt:dt=""r8"">0</Current><DateUtc dt:dt=""string"">2021-07-01T16:42:25Z</DateUtc></FrequencyChange></FrequencyChanges></Clock>\n",N,2,SL001_N2N6D4B,6,1.0.0.786,1,100,0,2,96.3,0.188852575,2,97.44,59.997,468797639,Full,3.0.3.80,3.0.3.80,7/1/21,7/1/21 16:42,11:42:25,3.0.3.82,D4,0,1,0,Keyboard,1,1,2,1,BlockProc,BlockList,1,1,1,1,Thank you!,Keyboard,Keyboard,No,BlockTrialProc,BlockTrialList,4,1,,0,0,4,k,0,0,TrialProc,TrialList,1,1,Keyboard,0,14,24369,517,1,502,24871,4,2,4,NonTarget,11
NB_DURING,1,1,B,"<?xml version=""1.0""?>\n<Clock xmlns:dt=""urn:schemas-microsoft-com:datatypes""><Description dt:dt=""string"">E-Prime Primary Realtime Clock</Description><StartTime><Timestamp dt:dt=""int"">0</Timestamp><DateUtc dt:dt=""string"">2021-07-01T16:42:25Z</DateUtc></StartTime><FrequencyChanges><FrequencyChange><Frequency dt:dt=""r8"">2835939</Frequency><Timestamp dt:dt=""r8"">2409944871773</Timestamp><Current dt:dt=""r8"">0</Current><DateUtc dt:dt=""string"">2021-07-01T16:42:25Z</DateUtc></FrequencyChange></FrequencyChanges></Clock>\n",N,2,SL001_N2N6D4B,6,1.0.0.786,1,100,0,2,96.3,0.188852575,2,97.44,59.997,468797639,Full,3.0.3.80,3.0.3.80,7/1/21,7/1/21 16:42,11:42:25,3.0.3.82,D4,0,1,0,Keyboard,1,1,2,1,BlockProc,BlockList,1,1,1,1,Thank you!,Keyboard,Keyboard,No,BlockTrialProc,BlockTrialList,5,4,,0,0,1,k,0,0,TrialProc,TrialList,1,4,Keyboard,0,15,27403,516,4,409,27812,5,2,5,Target,44
NB_DURING,1,1,B,"<?xml version=""1.0""?>\n<Clock xmlns:dt=""urn:schemas-microsoft-com:datatypes""><Description dt:dt=""string"">E-Prime Primary Realtime Clock</Description><StartTime><Timestamp dt:dt=""int"">0</Timestamp><DateUtc dt:dt=""string"">2021-07-01T16:42:25Z</DateUtc></StartTime><FrequencyChanges><FrequencyChange><Frequency dt:dt=""r8"">2835939</Frequency><Timestamp dt:dt=""r8"">2409944871773</Timestamp><Current dt:dt=""r8"">0</Current><DateUtc dt:dt=""string"">2021-07-01T16:42:25Z</DateUtc></FrequencyChange></FrequencyChanges></Clock>\n",N,2,SL001_N2N6D4B,6,1.0.0.786,1,100,0,2,96.3,0.188852575,2,97.44,59.997,468797639,Full,3.0.3.80,3.0.3.80,7/1/21,7/1/21 16:42,11:42:25,3.0.3.82,D4,0,1,0,Keyboard,1,1,2,1,BlockProc,BlockList,1,1,1,1,Thank you!,Keyboard,Keyboard,No,BlockTrialProc,BlockTrialList,6,1,,0,0,4,T,0,0,TrialProc,TrialList,1,1,Keyboard,0,15,30436,517,1,423,30859,6,2,6,NonTarget,11
NB_DURING,1,1,B,"<?xml version=""1.0""?>\n<Clock xmlns:dt=""urn:schemas-microsoft-com:datatypes""><Description dt:dt=""string"">E-Prime Primary Realtime Clock</Description><StartTime><Timestamp dt:dt=""int"">0</Timestamp><DateUtc dt:dt=""string"">2021-07-01T16:42:25Z</DateUtc></StartTime><FrequencyChanges><FrequencyChange><Frequency dt:dt=""r8"">2835939</Frequency><Timestamp dt:dt=""r8"">2409944871773</Timestamp><Current dt:dt=""r8"">0</Current><DateUtc dt:dt=""string"">2021-07-01T16:42:25Z</DateUtc></FrequencyChange></FrequencyChanges></Clock>\n",N,2,SL001_N2N6D4B,6,1.0.0.786,1,100,0,2,96.3,0.188852575,2,97.44,59.997,468797639,Full,3.0.3.80,3.0.3.80,7/1/21,7/1/21 16:42,11:42:25,3.0.3.82,D4,0,1,0,Keyboard,1,1,2,1,BlockProc,BlockList,1,1,1,1,Thank you!,Keyboard,Keyboard,No,BlockTrialProc,BlockTrialList,7,1,,0,0,4,b,0,0,TrialProc,TrialList,1,1,Keyboard,0,14,33469,517,1,372,33841,7,2,7,NonTarget,11
NB_DURING,1,1,B,"<?xml version=""1.0""?>\n<Clock xmlns:dt=""urn:schemas-microsoft-com:datatypes""><Description dt:dt=""string"">E-Prime Primary Realtime Clock</Description><StartTime><Timestamp dt:dt=""int"">0</Timestamp><DateUtc dt:dt=""string"">2021-07-01T16:42:25Z</DateUtc></StartTime><FrequencyChanges><FrequencyChange><Frequency dt:dt=""r8"">2835939</Frequency><Timestamp dt:dt=""r8"">2409944871773</Timestamp><Current dt:dt=""r8"">0</Current><DateUtc dt:dt=""string"">2021-07-01T16:42:25Z</DateUtc></FrequencyChange></FrequencyChanges></Clock>\n",N,2,SL001_N2N6D4B,6,1.0.0.786,1,100,0,2,96.3,0.188852575,2,97.44,59.997,468797639,Full,3.0.3.80,3.0.3.80,7/1/21,7/1/21 16:42,11:42:25,3.0.3.82,D4,0,1,0,Keyboard,1,1,2,1,BlockProc,BlockList,1,1,1,1,Thank you!,Keyboard,Keyboard,No,BlockTrialProc,BlockTrialList,8,1,,0,0,4,c,0,0,TrialProc,TrialList,1,1,Keyboard,0,15,36503,516,1,341,36844,8,2,8,NonTarget,11
NB_DURING,1,1,B,"<?xml version=""1.0""?>\n<Clock xmlns:dt=""urn:schemas-microsoft-com:datatypes""><Description dt:dt=""string"">E-Prime Primary Realtime Clock</Description><StartTime><Timestamp dt:dt=""int"">0</Timestamp><DateUtc dt:dt=""string"">2021-07-01T16:42:25Z</DateUtc></StartTime><FrequencyChanges><FrequencyChange><Frequency dt:dt=""r8"">2835939</Frequency><Timestamp dt:dt=""r8"">2409944871773</Timestamp><Current dt:dt=""r8"">0</Current><DateUtc dt:dt=""string"">2021-07-01T16:42:25Z</DateUtc></FrequencyChange></FrequencyChanges></Clock>\n",N,2,SL001_N2N6D4B,6,1.0.0.786,1,100,0,2,96.3,0.188852575,2,97.44,59.997,468797639,Full,3.0.3.80,3.0.3.80,7/1/21,7/1/21 16:42,11:42:25,3.0.3.82,D4,0,1,0,Keyboard,1,1,2,1,BlockProc,BlockList,1,1,1,1,Thank you!,Keyboard,Keyboard,No,BlockTrialProc,BlockTrialList,9,4,,0,0,1,b,0,0,TrialProc,TrialList,1,4,Keyboard,0,15,39536,517,4,542,40078,9,2,9,Target,44
NB_DURING,1,1,B,"<?xml version=""1.0""?>\n<Clock xmlns:dt=""urn:schemas-microsoft-com:datatypes""><Description dt:dt=""string"">E-Prime Primary Realtime Clock</Description><StartTime><Timestamp dt:dt=""int"">0</Timestamp><DateUtc dt:dt=""string"">2021-07-01T16:42:25Z</DateUtc></StartTime><FrequencyChanges><FrequencyChange><Frequency dt:dt=""r8"">2835939</Frequency><Timestamp dt:dt=""r8"">2409944871773</Timestamp><Current dt:dt=""r8"">0</Current><DateUtc dt:dt=""string"">2021-07-01T16:42:25Z</DateUtc></FrequencyChange></FrequencyChanges></Clock>\n",N,2,SL001_N2N6D4B,6,1.0.0.786,1,100,0,2,96.3,0.188852575,2,97.44,59.997,468797639,Full,3.0.3.80,3.0.3.80,7/1/21,7/1/21 16:42,11:42:25,3.0.3.82,D4,0,1,0,Keyboard,1,1,2,1,BlockProc,BlockList,1,1,1,1,Thank you!,Keyboard,Keyboard,No,BlockTrialProc,BlockTrialList,10,1,,0,0,4,k,0,0,TrialProc,TrialList,1,1,Keyboard,0,14,42569,517,1,393,42962,10,2,10,NonTarget,11
NB_DURING,1,1,B,"<?xml version=""1.0""?>\n<Clock xmlns:dt=""urn:schemas-microsoft-com:datatypes""><Description dt:dt=""string"">E-Prime Primary Realtime Clock</Description><StartTime><Timestamp dt:dt=""int"">0</Timestamp><DateUtc dt:dt=""string"">2021-07-01T16:42:25Z</DateUtc></StartTime><FrequencyChanges><FrequencyChange><Frequency dt:dt=""r8"">2835939</Frequency><Timestamp dt:dt=""r8"">2409944871773</Timestamp><Current dt:dt=""r8"">0</Current><DateUtc dt:dt=""string"">2021-07-01T16:42:25Z</DateUtc></FrequencyChange></FrequencyChanges></Clock>\n",N,2,SL001_N2N6D4B,6,1.0.0.786,1,100,0,2,96.3,0.188852575,2,97.44,59.997,468797639,Full,3.0.3.80,3.0.3.80,7/1/21,7/1/21 16:42,11:42:25,3.0.3.82,D4,0,1,0,Keyboard,1,1,2,1,BlockProc,BlockList,1,1,1,1,Thank you!,Keyboard,Keyboard,No,BlockTrialProc,BlockTrialList,11,4,,0,0,1,B,0,0,TrialProc,TrialList,1,4,Keyboard,0,15,45603,516,4,708,46311,11,2,11,Target,44
NB_DURING,1,1,B,"<?xml version=""1.0""?>\n<Clock xmlns:dt=""urn:schemas-microsoft-com:datatypes""><Description dt:dt=""string"">E-Prime Primary Realtime Clock</Description><StartTime><Timestamp dt:dt=""int"">0</Timestamp><DateUtc dt:dt=""string"">2021-07-01T16:42:25Z</DateUtc></StartTime><FrequencyChanges><FrequencyChange><Frequency dt:dt=""r8"">2835939</Frequency><Timestamp dt:dt=""r8"">2409944871773</Timestamp><Current dt:dt=""r8"">0</Current><DateUtc dt:dt=""string"">2021-07-01T16:42:25Z</DateUtc></FrequencyChange></FrequencyChanges></Clock>\n",N,2,SL001_N2N6D4B,6,1.0.0.786,1,100,0,2,96.3,0.188852575,2,97.44,59.997,468797639,Full,3.0.3.80,3.0.3.80,7/1/21,7/1/21 16:42,11:42:25,3.0.3.82,D4,0,1,0,Keyboard,1,1,2,1,BlockProc,BlockList,1,1,1,1,Thank you!,Keyboard,Keyboard,No,BlockTrialProc,BlockTrialList,12,1,,0,0,4,r,0,0,TrialProc,TrialList,1,1,Keyboard,0,15,48636,517,1,363,48999,12,2,12,NonTarget,11
NB_DURING,1,1,B,"<?xml version=""1.0""?>\n<Clock xmlns:dt=""urn:schemas-microsoft-com:datatypes""><Description dt:dt=""string"">E-Prime Primary Realtime Clock</Description><StartTime><Timestamp dt:dt=""int"">0</Timestamp><DateUtc dt:dt=""string"">2021-07-01T16:42:25Z</DateUtc></StartTime><FrequencyChanges><FrequencyChange><Frequency dt:dt=""r8"">2835939</Frequency><Timestamp dt:dt=""r8"">2409944871773</Timestamp><Current dt:dt=""r8"">0</Current><DateUtc dt:dt=""string"">2021-07-01T16:42:25Z</DateUtc></FrequencyChange></FrequencyChanges></Clock>\n",N,2,SL001_N2N6D4B,6,1.0.0.786,1,100,0,2,96.3,0.188852575,2,97.44,59.997,468797639,Full,3.0.3.80,3.0.3.80,7/1/21,7/1/21 16:42,11:42:25,3.0.3.82,D4,0,1,0,Keyboard,1,1,2,1,BlockProc,BlockList,1,1,1,1,Thank you!,Keyboard,Keyboard,No,BlockTrialProc,BlockTrialList,13,4,,0,0,1,b,0,0,TrialProc,TrialList,1,4,Keyboard,0,15,51670,516,4,429,52099,13,2,13,Target,44
NB_DURING,1,1,B,"<?xml version=""1.0""?>\n<Clock xmlns:dt=""urn:schemas-microsoft-com:datatypes""><Description dt:dt=""string"">E-Prime Primary Realtime Clock</Description><StartTime><Timestamp dt:dt=""int"">0</Timestamp><DateUtc dt:dt=""string"">2021-07-01T16:42:25Z</DateUtc></StartTime><FrequencyChanges><FrequencyChange><Frequency dt:dt=""r8"">2835939</Frequency><Timestamp dt:dt=""r8"">2409944871773</Timestamp><Current dt:dt=""r8"">0</Current><DateUtc dt:dt=""string"">2021-07-01T16:42:25Z</DateUtc></FrequencyChange></FrequencyChanges></Clock>\n",N,2,SL001_N2N6D4B,6,1.0.0.786,1,100,0,2,96.3,0.188852575,2,97.44,59.997,468797639,Full,3.0.3.80,3.0.3.80,7/1/21,7/1/21 16:42,11:42:25,3.0.3.82,D4,0,1,0,Keyboard,1,1,2,1,BlockProc,BlockList,1,1,1,1,Thank you!,Keyboard,Keyboard,No,BlockTrialProc,BlockTrialList,14,1,,0,0,4,c,0,0,TrialProc,TrialList,1,1,Keyboard,0,15,54703,517,1,342,55045,14,2,14,NonTarget,11
NB_DURING,1,1,B,"<?xml version=""1.0""?>\n<Clock xmlns:dt=""urn:schemas-microsoft-com:datatypes""><Description dt:dt=""string"">E-Prime Primary Realtime Clock</Description><StartTime><Timestamp dt:dt=""int"">0</Timestamp><DateUtc dt:dt=""string"">2021-07-01T16:42:25Z</DateUtc></StartTime><FrequencyChanges><FrequencyChange><Frequency dt:dt=""r8"">2835939</Frequency><Timestamp dt:dt=""r8"">2409944871773</Timestamp><Current dt:dt=""r8"">0</Current><DateUtc dt:dt=""string"">2021-07-01T16:42:25Z</DateUtc></FrequencyChange></FrequencyChanges></Clock>\n",N,2,SL001_N2N6D4B,6,1.0.0.786,1,100,0,2,96.3,0.188852575,2,97.44,59.997,468797639,Full,3.0.3.80,3.0.3.80,7/1/21,7/1/21 16:42,11:42:25,3.0.3.82,D4,0,1,0,Keyboard,1,1,2,1,BlockProc,BlockList,1,1,1,1,Thank you!,Keyboard,Keyboard,No,BlockTrialProc,BlockTrialList,15,1,,0,0,4,p,0,0,TrialProc,TrialList,1,1,Keyboard,0,14,57736,517,1,428,58164,15,2,15,NonTarget,11
NB_DURING,1,1,B,"<?xml version=""1.0""?>\n<Clock xmlns:dt=""urn:schemas-microsoft-com:datatypes""><Description dt:dt=""string"">E-Prime Primary Realtime Clock</Description><StartTime><Timestamp dt:dt=""int"">0</Timestamp><DateUtc dt:dt=""string"">2021-07-01T16:42:25Z</DateUtc></StartTime><FrequencyChanges><FrequencyChange><Frequency dt:dt=""r8"">2835939</Frequency><Timestamp dt:dt=""r8"">2409944871773</Timestamp><Current dt:dt=""r8"">0</Current><DateUtc dt:dt=""string"">2021-07-01T16:42:25Z</DateUtc></FrequencyChange></FrequencyChanges></Clock>\n",N,2,SL001_N2N6D4B,6,1.0.0.786,1,100,0,2,96.3,0.188852575,2,97.44,59.997,468797639,Full,3.0.3.80,3.0.3.80,7/1/21,7/1/21 16:42,11:42:25,3.0.3.82,D4,0,1,0,Keyboard,1,1,2,1,BlockProc,BlockList,1,1,1,1,Thank you!,Keyboard,Keyboard,No,BlockTrialProc,BlockTrialList,16,1,,0,0,4,P,0,0,TrialProc,TrialList,1,1,Keyboard,0,15,60770,516,1,863,61633,16,2,16,NonTarget,11
NB_DURING,1,1,B,"<?xml version=""1.0""?>\n<Clock xmlns:dt=""urn:schemas-microsoft-com:datatypes""><Description dt:dt=""string"">E-Prime Primary Realtime Clock</Description><StartTime><Timestamp dt:dt=""int"">0</Timestamp><DateUtc dt:dt=""string"">2021-07-01T16:42:25Z</DateUtc></StartTime><FrequencyChanges><FrequencyChange><Frequency dt:dt=""r8"">2835939</Frequency><Timestamp dt:dt=""r8"">2409944871773</Timestamp><Current dt:dt=""r8"">0</Current><DateUtc dt:dt=""string"">2021-07-01T16:42:25Z</DateUtc></FrequencyChange></FrequencyChanges></Clock>\n",N,2,SL001_N2N6D4B,6,1.0.0.786,1,100,0,2,96.3,0.188852575,2,97.44,59.997,468797639,Full,3.0.3.80,3.0.3.80,7/1/21,7/1/21 16:42,11:42:25,3.0.3.82,D4,0,1,0,Keyboard,1,1,2,1,BlockProc,BlockList,1,1,1,1,Thank you!,Keyboard,Keyboard,No,BlockTrialProc,BlockTrialList,17,4,,0,0,1,p,0,0,TrialProc,TrialList,1,4,Keyboard,0,15,63803,517,4,628,64431,17,2,17,Target,44
NB_DURING,1,1,B,"<?xml version=""1.0""?>\n<Clock xmlns:dt=""urn:schemas-microsoft-com:datatypes""><Description dt:dt=""string"">E-Prime Primary Realtime Clock</Description><StartTime><Timestamp dt:dt=""int"">0</Timestamp><DateUtc dt:dt=""string"">2021-07-01T16:42:25Z</DateUtc></StartTime><FrequencyChanges><FrequencyChange><Frequency dt:dt=""r8"">2835939</Frequency><Timestamp dt:dt=""r8"">2409944871773</Timestamp><Current dt:dt=""r8"">0</Current><DateUtc dt:dt=""string"">2021-07-01T16:42:25Z</DateUtc></FrequencyChange></FrequencyChanges></Clock>\n",N,2,SL001_N2N6D4B,6,1.0.0.786,1,100,0,2,96.3,0.188852575,2,97.44,59.997,468797639,Full,3.0.3.80,3.0.3.80,7/1/21,7/1/21 16:42,11:42:25,3.0.3.82,D4,0,1,0,Keyboard,1,1,2,1,BlockProc,BlockList,1,1,1,1,Thank you!,Keyboard,Keyboard,No,BlockTrialProc,BlockTrialList,18,1,,0,0,4,x,0,0,TrialProc,TrialList,1,1,Keyboard,0,14,66836,517,1,356,67192,18,2,18,NonTarget,11
NB_DURING,1,1,B,"<?xml version=""1.0""?>\n<Clock xmlns:dt=""urn:schemas-microsoft-com:datatypes""><Description dt:dt=""string"">E-Prime Primary Realtime Clock</Description><StartTime><Timestamp dt:dt=""int"">0</Timestamp><DateUtc dt:dt=""string"">2021-07-01T16:42:25Z</DateUtc></StartTime><FrequencyChanges><FrequencyChange><Frequency dt:dt=""r8"">2835939</Frequency><Timestamp dt:dt=""r8"">2409944871773</Timestamp><Current dt:dt=""r8"">0</Current><DateUtc dt:dt=""string"">2021-07-01T16:42:25Z</DateUtc></FrequencyChange></FrequencyChanges></Clock>\n",N,2,SL001_N2N6D4B,6,1.0.0.786,1,100,0,2,96.3,0.188852575,2,97.44,59.997,468797639,Full,3.0.3.80,3.0.3.80,7/1/21,7/1/21 16:42,11:42:25,3.0.3.82,D4,0,1,0,Keyboard,1,1,2,1,BlockProc,BlockList,1,1,1,1,Thank you!,Keyboard,Keyboard,No,BlockTrialProc,BlockTrialList,19,4,,0,0,1,P,0,0,TrialProc,TrialList,1,4,Keyboard,0,15,69870,516,4,597,70467,19,2,19,Target,44
NB_DURING,1,1,B,"<?xml version=""1.0""?>\n<Clock xmlns:dt=""urn:schemas-microsoft-com:datatypes""><Description dt:dt=""string"">E-Prime Primary Realtime Clock</Description><StartTime><Timestamp dt:dt=""int"">0</Timestamp><DateUtc dt:dt=""string"">2021-07-01T16:42:25Z</DateUtc></StartTime><FrequencyChanges><FrequencyChange><Frequency dt:dt=""r8"">2835939</Frequency><Timestamp dt:dt=""r8"">2409944871773</Timestamp><Current dt:dt=""r8"">0</Current><DateUtc dt:dt=""string"">2021-07-01T16:42:25Z</DateUtc></FrequencyChange></FrequencyChanges></Clock>\n",N,2,SL001_N2N6D4B,6,1.0.0.786,1,100,0,2,96.3,0.188852575,2,97.44,59.997,468797639,Full,3.0.3.80,3.0.3.80,7/1/21,7/1/21 16:42,11:42:25,3.0.3.82,D4,0,1,0,Keyboard,1,1,2,1,BlockProc,BlockList,1,1,1,1,Thank you!,Keyboard,Keyboard,No,BlockTrialProc,BlockTrialList,20,1,,0,0,4,r,0,0,TrialProc,TrialList,1,1,Keyboard,0,15,72903,517,1,673,73576,20,2,20,NonTarget,11
NB_DURING,1,1,B,"<?xml version=""1.0""?>\n<Clock xmlns:dt=""urn:schemas-microsoft-com:datatypes""><Description dt:dt=""string"">E-Prime Primary Realtime Clock</Description><StartTime><Timestamp dt:dt=""int"">0</Timestamp><DateUtc dt:dt=""string"">2021-07-01T16:42:25Z</DateUtc></StartTime><FrequencyChanges><FrequencyChange><Frequency dt:dt=""r8"">2835939</Frequency><Timestamp dt:dt=""r8"">2409944871773</Timestamp><Current dt:dt=""r8"">0</Current><DateUtc dt:dt=""string"">2021-07-01T16:42:25Z</DateUtc></FrequencyChange></FrequencyChanges></Clock>\n",N,2,SL001_N2N6D4B,6,1.0.0.786,1,100,0,2,96.3,0.188852575,2,97.44,59.997,468797639,Full,3.0.3.80,3.0.3.80,7/1/21,7/1/21 16:42,11:42:25,3.0.3.82,D4,0,1,0,Keyboard,1,1,2,1,BlockProc,BlockList,1,1,1,1,Thank you!,Keyboard,Keyboard,No,BlockTrialProc,BlockTrialList,21,1,,0,0,4,f,0,0,TrialProc,TrialList,1,1,Keyboard,0,14,75936,517,1,454,76390,21,2,21,NonTarget,11
NB_DURING,1,1,B,"<?xml version=""1.0""?>\n<Clock xmlns:dt=""urn:schemas-microsoft-com:datatypes""><Description dt:dt=""string"">E-Prime Primary Realtime Clock</Description><StartTime><Timestamp dt:dt=""int"">0</Timestamp><DateUtc dt:dt=""string"">2021-07-01T16:42:25Z</DateUtc></StartTime><FrequencyChanges><FrequencyChange><Frequency dt:dt=""r8"">2835939</Frequency><Timestamp dt:dt=""r8"">2409944871773</Timestamp><Current dt:dt=""r8"">0</Current><DateUtc dt:dt=""string"">2021-07-01T16:42:25Z</DateUtc></FrequencyChange></FrequencyChanges></Clock>\n",N,2,SL001_N2N6D4B,6,1.0.0.786,1,100,0,2,96.3,0.188852575,2,97.44,59.997,468797639,Full,3.0.3.80,3.0.3.80,7/1/21,7/1/21 16:42,11:42:25,3.0.3.82,D4,0,1,0,Keyboard,1,1,2,1,BlockProc,BlockList,1,1,1,1,Thank you!,Keyboard,Keyboard,No,BlockTrialProc,BlockTrialList,22,1,,0,0,4,p,0,0,TrialProc,TrialList,1,1,Keyboard,0,15,78970,516,1,410,79380,22,2,22,NonTarget,11
NB_DURING,1,1,B,"<?xml version=""1.0""?>\n<Clock xmlns:dt=""urn:schemas-microsoft-com:datatypes""><Description dt:dt=""string"">E-Prime Primary Realtime Clock</Description><StartTime><Timestamp dt:dt=""int"">0</Timestamp><DateUtc dt:dt=""string"">2021-07-01T16:42:25Z</DateUtc></StartTime><FrequencyChanges><FrequencyChange><Frequency dt:dt=""r8"">2835939</Frequency><Timestamp dt:dt=""r8"">2409944871773</Timestamp><Current dt:dt=""r8"">0</Current><DateUtc dt:dt=""string"">2021-07-01T16:42:25Z</DateUtc></FrequencyChange></FrequencyChanges></Clock>\n",N,2,SL001_N2N6D4B,6,1.0.0.786,1,100,0,2,96.3,0.188852575,2,97.44,59.997,468797639,Full,3.0.3.80,3.0.3.80,7/1/21,7/1/21 16:42,11:42:25,3.0.3.82,D4,0,1,0,Keyboard,1,1,2,1,BlockProc,BlockList,1,1,1,1,Thank you!,Keyboard,Keyboard,No,BlockTrialProc,BlockTrialList,23,1,,0,0,4,R,0,0,TrialProc,TrialList,1,1,Keyboard,0,15,82003,517,1,537,82540,23,2,23,NonTarget,11
NB_DURING,1,1,B,"<?xml version=""1.0""?>\n<Clock xmlns:dt=""urn:schemas-microsoft-com:datatypes""><Description dt:dt=""string"">E-Prime Primary Realtime Clock</Description><StartTime><Timestamp dt:dt=""int"">0</Timestamp><DateUtc dt:dt=""string"">2021-07-01T16:42:25Z</DateUtc></StartTime><FrequencyChanges><FrequencyChange><Frequency dt:dt=""r8"">2835939</Frequency><Timestamp dt:dt=""r8"">2409944871773</Timestamp><Current dt:dt=""r8"">0</Current><DateUtc dt:dt=""string"">2021-07-01T16:42:25Z</DateUtc></FrequencyChange></FrequencyChanges></Clock>\n",N,2,SL001_N2N6D4B,6,1.0.0.786,1,100,0,2,96.3,0.188852575,2,97.44,59.997,468797639,Full,3.0.3.80,3.0.3.80,7/1/21,7/1/21 16:42,11:42:25,3.0.3.82,D4,0,1,0,Keyboard,1,1,2,1,BlockProc,BlockList,1,1,1,1,Thank you!,Keyboard,Keyboard,No,BlockTrialProc,BlockTrialList,24,1,,0,0,4,f,1,0,TrialProc,TrialList,0,1,Keyboard,0,14,85036,517,4,607,85643,24,2,24,NonTarget,11
NB_DURING,1,1,B,"<?xml version=""1.0""?>\n<Clock xmlns:dt=""urn:schemas-microsoft-com:datatypes""><Description dt:dt=""string"">E-Prime Primary Realtime Clock</Description><StartTime><Timestamp dt:dt=""int"">0</Timestamp><DateUtc dt:dt=""string"">2021-07-01T16:42:25Z</DateUtc></StartTime><FrequencyChanges><FrequencyChange><Frequency dt:dt=""r8"">2835939</Frequency><Timestamp dt:dt=""r8"">2409944871773</Timestamp><Current dt:dt=""r8"">0</Current><DateUtc dt:dt=""string"">2021-07-01T16:42:25Z</DateUtc></FrequencyChange></FrequencyChanges></Clock>\n",N,2,SL001_N2N6D4B,6,1.0.0.786,1,100,0,2,96.3,0.188852575,2,97.44,59.997,468797639,Full,3.0.3.80,3.0.3.80,7/1/21,7/1/21 16:42,11:42:25,3.0.3.82,D4,0,1,0,Keyboard,1,1,2,1,BlockProc,BlockList,1,1,1,1,Thank you!,Keyboard,Keyboard,No,BlockTrialProc,BlockTrialList,25,1,,0,0,4,k,1,0,TrialProc,TrialList,1,1,Keyboard,0,15,88070,516,1,421,88491,25,2,25,NonTarget,11
NB_DURING,1,1,B,"<?xml version=""1.0""?>\n<Clock xmlns:dt=""urn:schemas-microsoft-com:datatypes""><Description dt:dt=""string"">E-Prime Primary Realtime Clock</Description><StartTime><Timestamp dt:dt=""int"">0</Timestamp><DateUtc dt:dt=""string"">2021-07-01T16:42:25Z</DateUtc></StartTime><FrequencyChanges><FrequencyChange><Frequency dt:dt=""r8"">2835939</Frequency><Timestamp dt:dt=""r8"">2409944871773</Timestamp><Current dt:dt=""r8"">0</Current><DateUtc dt:dt=""string"">2021-07-01T16:42:25Z</DateUtc></FrequencyChange></FrequencyChanges></Clock>\n",N,2,SL001_N2N6D4B,6,1.0.0.786,1,100,0,2,96.3,0.188852575,2,97.44,59.997,468797639,Full,3.0.3.80,3.0.3.80,7/1/21,7/1/21 16:42,11:42:25,3.0.3.82,D4,0,1,0,Keyboard,1,1,2,1,BlockProc,BlockList,1,1,1,1,Thank you!,Keyboard,Keyboard,No,BlockTrialProc,BlockTrialList,26,4,,0,0,1,f,1,0,TrialProc,TrialList,1,4,Keyboard,0,15,91103,517,4,587,91690,26,2,26,Target,44
NB_DURING,1,1,B,"<?xml version=""1.0""?>\n<Clock xmlns:dt=""urn:schemas-microsoft-com:datatypes""><Description dt:dt=""string"">E-Prime Primary Realtime Clock</Description><StartTime><Timestamp dt:dt=""int"">0</Timestamp><DateUtc dt:dt=""string"">2021-07-01T16:42:25Z</DateUtc></StartTime><FrequencyChanges><FrequencyChange><Frequency dt:dt=""r8"">2835939</Frequency><Timestamp dt:dt=""r8"">2409944871773</Timestamp><Current dt:dt=""r8"">0</Current><DateUtc dt:dt=""string"">2021-07-01T16:42:25Z</DateUtc></FrequencyChange></FrequencyChanges></Clock>\n",N,2,SL001_N2N6D4B,6,1.0.0.786,1,100,0,2,96.3,0.188852575,2,97.44,59.997,468797639,Full,3.0.3.80,3.0.3.80,7/1/21,7/1/21 16:42,11:42:25,3.0.3.82,D4,0,1,0,Keyboard,1,1,2,1,BlockProc,BlockList,1,1,1,1,Thank you!,Keyboard,Keyboard,No,BlockTrialProc,BlockTrialList,27,4,,0,0,1,k,1,0,TrialProc,TrialList,1,4,Keyboard,0,14,94136,517,4,633,94769,27,2,27,Target,44
NB_DURING,1,1,B,"<?xml version=""1.0""?>\n<Clock xmlns:dt=""urn:schemas-microsoft-com:datatypes""><Description dt:dt=""string"">E-Prime Primary Realtime Clock</Description><StartTime><Timestamp dt:dt=""int"">0</Timestamp><DateUtc dt:dt=""string"">2021-07-01T16:42:25Z</DateUtc></StartTime><FrequencyChanges><FrequencyChange><Frequency dt:dt=""r8"">2835939</Frequency><Timestamp dt:dt=""r8"">2409944871773</Timestamp><Current dt:dt=""r8"">0</Current><DateUtc dt:dt=""string"">2021-07-01T16:42:25Z</DateUtc></FrequencyChange></FrequencyChanges></Clock>\n",N,2,SL001_N2N6D4B,6,1.0.0.786,1,100,0,2,96.3,0.188852575,2,97.44,59.997,468797639,Full,3.0.3.80,3.0.3.80,7/1/21,7/1/21 16:42,11:42:25,3.0.3.82,D4,0,1,0,Keyboard,1,1,2,1,BlockProc,BlockList,1,1,1,1,Thank you!,Keyboard,Keyboard,No,BlockTrialProc,BlockTrialList,28,4,,0,0,1,f,1,0,TrialProc,TrialList,1,4,Keyboard,0,15,97170,516,4,668,97838,28,2,28,Target,44
NB_DURING,1,1,B,"<?xml version=""1.0""?>\n<Clock xmlns:dt=""urn:schemas-microsoft-com:datatypes""><Description dt:dt=""string"">E-Prime Primary Realtime Clock</Description><StartTime><Timestamp dt:dt=""int"">0</Timestamp><DateUtc dt:dt=""string"">2021-07-01T16:42:25Z</DateUtc></StartTime><FrequencyChanges><FrequencyChange><Frequency dt:dt=""r8"">2835939</Frequency><Timestamp dt:dt=""r8"">2409944871773</Timestamp><Current dt:dt=""r8"">0</Current><DateUtc dt:dt=""string"">2021-07-01T16:42:25Z</DateUtc></FrequencyChange></FrequencyChanges></Clock>\n",N,2,SL001_N2N6D4B,6,1.0.0.786,1,100,0,2,96.3,0.188852575,2,97.44,59.997,468797639,Full,3.0.3.80,3.0.3.80,7/1/21,7/1/21 16:42,11:42:25,3.0.3.82,D4,0,1,0,Keyboard,1,1,2,1,BlockProc,BlockList,1,1,1,1,Thank you!,Keyboard,Keyboard,No,BlockTrialProc,BlockTrialList,29,1,,0,0,4,b,1,0,TrialProc,TrialList,1,1,Keyboard,0,15,100203,517,1,314,100517,29,2,29,NonTarget,11
NB_DURING,1,1,B,"<?xml version=""1.0""?>\n<Clock xmlns:dt=""urn:schemas-microsoft-com:datatypes""><Description dt:dt=""string"">E-Prime Primary Realtime Clock</Description><StartTime><Timestamp dt:dt=""int"">0</Timestamp><DateUtc dt:dt=""string"">2021-07-01T16:42:25Z</DateUtc></StartTime><FrequencyChanges><FrequencyChange><Frequency dt:dt=""r8"">2835939</Frequency><Timestamp dt:dt=""r8"">2409944871773</Timestamp><Current dt:dt=""r8"">0</Current><DateUtc dt:dt=""string"">2021-07-01T16:42:25Z</DateUtc></FrequencyChange></FrequencyChanges></Clock>\n",N,2,SL001_N2N6D4B,6,1.0.0.786,1,100,0,2,96.3,0.188852575,2,97.44,59.997,468797639,Full,3.0.3.80,3.0.3.80,7/1/21,7/1/21 16:42,11:42:25,3.0.3.82,D4,0,1,0,Keyboard,1,1,2,1,BlockProc,BlockList,1,1,1,1,Thank you!,Keyboard,Keyboard,No,BlockTrialProc,BlockTrialList,30,1,,0,0,4,P,1,0,TrialProc,TrialList,1,1,Keyboard,0,14,103236,517,1,348,103584,30,2,30,NonTarget,11
NB_DURING,1,1,B,"<?xml version=""1.0""?>\n<Clock xmlns:dt=""urn:schemas-microsoft-com:datatypes""><Description dt:dt=""string"">E-Prime Primary Realtime Clock</Description><StartTime><Timestamp dt:dt=""int"">0</Timestamp><DateUtc dt:dt=""string"">2021-07-01T16:42:25Z</DateUtc></StartTime><FrequencyChanges><FrequencyChange><Frequency dt:dt=""r8"">2835939</Frequency><Timestamp dt:dt=""r8"">2409944871773</Timestamp><Current dt:dt=""r8"">0</Current><DateUtc dt:dt=""string"">2021-07-01T16:42:25Z</DateUtc></FrequencyChange></FrequencyChanges></Clock>\n",N,2,SL001_N2N6D4B,6,1.0.0.786,1,100,0,2,96.3,0.188852575,2,97.44,59.997,468797639,Full,3.0.3.80,3.0.3.80,7/1/21,7/1/21 16:42,11:42:25,3.0.3.82,D4,0,1,0,Keyboard,1,1,2,1,BlockProc,BlockList,1,1,1,1,Thank you!,Keyboard,Keyboard,No,BlockTrialProc,BlockTrialList,31,1,,0,0,4,r,1,0,TrialProc,TrialList,1,1,Keyboard,0,15,106270,517,1,371,106641,31,2,31,NonTarget,11
NB_DURING,1,1,B,"<?xml version=""1.0""?>\n<Clock xmlns:dt=""urn:schemas-microsoft-com:datatypes""><Description dt:dt=""string"">E-Prime Primary Realtime Clock</Description><StartTime><Timestamp dt:dt=""int"">0</Timestamp><DateUtc dt:dt=""string"">2021-07-01T16:42:25Z</DateUtc></StartTime><FrequencyChanges><FrequencyChange><Frequency dt:dt=""r8"">2835939</Frequency><Timestamp dt:dt=""r8"">2409944871773</Timestamp><Current dt:dt=""r8"">0</Current><DateUtc dt:dt=""string"">2021-07-01T16:42:25Z</DateUtc></FrequencyChange></FrequencyChanges></Clock>\n",N,2,SL001_N2N6D4B,6,1.0.0.786,1,100,0,2,96.3,0.188852575,2,97.44,59.997,468797639,Full,3.0.3.80,3.0.3.80,7/1/21,7/1/21 16:42,11:42:25,3.0.3.82,D4,0,1,0,Keyboard,1,1,2,1,BlockProc,BlockList,1,1,1,1,Thank you!,Keyboard,Keyboard,No,BlockTrialProc,BlockTrialList,32,4,,0,0,1,P,1,0,TrialProc,TrialList,1,4,Keyboard,0,14,109303,517,4,520,109823,32,2,32,Target,44
NB_DURING,1,1,B,"<?xml version=""1.0""?>\n<Clock xmlns:dt=""urn:schemas-microsoft-com:datatypes""><Description dt:dt=""string"">E-Prime Primary Realtime Clock</Description><StartTime><Timestamp dt:dt=""int"">0</Timestamp><DateUtc dt:dt=""string"">2021-07-01T16:42:25Z</DateUtc></StartTime><FrequencyChanges><FrequencyChange><Frequency dt:dt=""r8"">2835939</Frequency><Timestamp dt:dt=""r8"">2409944871773</Timestamp><Current dt:dt=""r8"">0</Current><DateUtc dt:dt=""string"">2021-07-01T16:42:25Z</DateUtc></FrequencyChange></FrequencyChanges></Clock>\n",N,2,SL001_N2N6D4B,6,1.0.0.786,1,100,0,2,96.3,0.188852575,2,97.44,59.997,468797639,Full,3.0.3.80,3.0.3.80,7/1/21,7/1/21 16:42,11:42:25,3.0.3.82,D4,0,1,0,Keyboard,1,1,2,1,BlockProc,BlockList,1,1,1,1,Thank you!,Keyboard,Keyboard,No,BlockTrialProc,BlockTrialList,33,4,,0,0,1,r,1,0,TrialProc,TrialList,1,4,Keyboard,0,15,112337,516,4,389,112726,33,2,33,Target,44
NB_DURING,1,1,B,"<?xml version=""1.0""?>\n<Clock xmlns:dt=""urn:schemas-microsoft-com:datatypes""><Description dt:dt=""string"">E-Prime Primary Realtime Clock</Description><StartTime><Timestamp dt:dt=""int"">0</Timestamp><DateUtc dt:dt=""string"">2021-07-01T16:42:25Z</DateUtc></StartTime><FrequencyChanges><FrequencyChange><Frequency dt:dt=""r8"">2835939</Frequency><Timestamp dt:dt=""r8"">2409944871773</Timestamp><Current dt:dt=""r8"">0</Current><DateUtc dt:dt=""string"">2021-07-01T16:42:25Z</DateUtc></FrequencyChange></FrequencyChanges></Clock>\n",N,2,SL001_N2N6D4B,6,1.0.0.786,1,100,0,2,96.3,0.188852575,2,97.44,59.997,468797639,Full,3.0.3.80,3.0.3.80,7/1/21,7/1/21 16:42,11:42:25,3.0.3.82,D4,0,1,0,Keyboard,1,1,2,1,BlockProc,BlockList,1,1,1,1,Thank you!,Keyboard,Keyboard,No,BlockTrialProc,BlockTrialList,34,1,,0,0,4,S,1,0,TrialProc,TrialList,1,1,Keyboard,0,15,115370,517,1,374,115744,34,2,34,NonTarget,11
NB_DURING,1,1,B,"<?xml version=""1.0""?>\n<Clock xmlns:dt=""urn:schemas-microsoft-com:datatypes""><Description dt:dt=""string"">E-Prime Primary Realtime Clock</Description><StartTime><Timestamp dt:dt=""int"">0</Timestamp><DateUtc dt:dt=""string"">2021-07-01T16:42:25Z</DateUtc></StartTime><FrequencyChanges><FrequencyChange><Frequency dt:dt=""r8"">2835939</Frequency><Timestamp dt:dt=""r8"">2409944871773</Timestamp><Current dt:dt=""r8"">0</Current><DateUtc dt:dt=""string"">2021-07-01T16:42:25Z</DateUtc></FrequencyChange></FrequencyChanges></Clock>\n",N,2,SL001_N2N6D4B,6,1.0.0.786,1,100,0,2,96.3,0.188852575,2,97.44,59.997,468797639,Full,3.0.3.80,3.0.3.80,7/1/21,7/1/21 16:42,11:42:25,3.0.3.82,D4,0,1,0,Keyboard,1,1,2,1,BlockProc,BlockList,1,1,1,1,Thank you!,Keyboard,Keyboard,No,BlockTrialProc,BlockTrialList,35,4,,0,0,1,R,1,0,TrialProc,TrialList,1,4,Keyboard,0,14,118403,517,4,561,118964,35,2,35,Target,44
NB_DURING,1,1,B,"<?xml version=""1.0""?>\n<Clock xmlns:dt=""urn:schemas-microsoft-com:datatypes""><Description dt:dt=""string"">E-Prime Primary Realtime Clock</Description><StartTime><Timestamp dt:dt=""int"">0</Timestamp><DateUtc dt:dt=""string"">2021-07-01T16:42:25Z</DateUtc></StartTime><FrequencyChanges><FrequencyChange><Frequency dt:dt=""r8"">2835939</Frequency><Timestamp dt:dt=""r8"">2409944871773</Timestamp><Current dt:dt=""r8"">0</Current><DateUtc dt:dt=""string"">2021-07-01T16:42:25Z</DateUtc></FrequencyChange></FrequencyChanges></Clock>\n",N,2,SL001_N2N6D4B,6,1.0.0.786,1,100,0,2,96.3,0.188852575,2,97.44,59.997,468797639,Full,3.0.3.80,3.0.3.80,7/1/21,7/1/21 16:42,11:42:25,3.0.3.82,D4,0,1,0,Keyboard,1,1,2,1,BlockProc,BlockList,1,1,1,1,Thank you!,Keyboard,Keyboard,No,BlockTrialProc,BlockTrialList,36,1,,0,0,4,b,1,0,TrialProc,TrialList,1,1,Keyboard,0,15,121437,516,1,348,121785,36,2,36,NonTarget,11
NB_DURING,1,1,B,"<?xml version=""1.0""?>\n<Clock xmlns:dt=""urn:schemas-microsoft-com:datatypes""><Description dt:dt=""string"">E-Prime Primary Realtime Clock</Description><StartTime><Timestamp dt:dt=""int"">0</Timestamp><DateUtc dt:dt=""string"">2021-07-01T16:42:25Z</DateUtc></StartTime><FrequencyChanges><FrequencyChange><Frequency dt:dt=""r8"">2835939</Frequency><Timestamp dt:dt=""r8"">2409944871773</Timestamp><Current dt:dt=""r8"">0</Current><DateUtc dt:dt=""string"">2021-07-01T16:42:25Z</DateUtc></FrequencyChange></FrequencyChanges></Clock>\n",N,2,SL001_N2N6D4B,6,1.0.0.786,1,100,0,2,96.3,0.188852575,2,97.44,59.997,468797639,Full,3.0.3.80,3.0.3.80,7/1/21,7/1/21 16:42,11:42:25,3.0.3.82,D4,0,1,0,Keyboard,1,1,2,1,BlockProc,BlockList,1,1,1,1,Thank you!,Keyboard,Keyboard,No,BlockTrialProc,BlockTrialList,37,1,,0,0,4,s,1,0,TrialProc,TrialList,1,1,Keyboard,0,15,124470,517,1,456,124926,37,2,37,NonTarget,11
NB_DURING,1,1,B,"<?xml version=""1.0""?>\n<Clock xmlns:dt=""urn:schemas-microsoft-com:datatypes""><Description dt:dt=""string"">E-Prime Primary Realtime Clock</Description><StartTime><Timestamp dt:dt=""int"">0</Timestamp><DateUtc dt:dt=""string"">2021-07-01T16:42:25Z</DateUtc></StartTime><FrequencyChanges><FrequencyChange><Frequency dt:dt=""r8"">2835939</Frequency><Timestamp dt:dt=""r8"">2409944871773</Timestamp><Current dt:dt=""r8"">0</Current><DateUtc dt:dt=""string"">2021-07-01T16:42:25Z</DateUtc></FrequencyChange></FrequencyChanges></Clock>\n",N,2,SL001_N2N6D4B,6,1.0.0.786,1,100,0,2,96.3,0.188852575,2,97.44,59.997,468797639,Full,3.0.3.80,3.0.3.80,7/1/21,7/1/21 16:42,11:42:25,3.0.3.82,D4,0,1,0,Keyboard,1,1,2,1,BlockProc,BlockList,1,1,1,1,Thank you!,Keyboard,Keyboard,No,BlockTrialProc,BlockTrialList,38,1,,0,0,4,T,1,0,TrialProc,TrialList,1,1,Keyboard,0,14,127503,517,1,462,127965,38,2,38,NonTarget,11
NB_DURING,1,1,B,"<?xml version=""1.0""?>\n<Clock xmlns:dt=""urn:schemas-microsoft-com:datatypes""><Description dt:dt=""string"">E-Prime Primary Realtime Clock</Description><StartTime><Timestamp dt:dt=""int"">0</Timestamp><DateUtc dt:dt=""string"">2021-07-01T16:42:25Z</DateUtc></StartTime><FrequencyChanges><FrequencyChange><Frequency dt:dt=""r8"">2835939</Frequency><Timestamp dt:dt=""r8"">2409944871773</Timestamp><Current dt:dt=""r8"">0</Current><DateUtc dt:dt=""string"">2021-07-01T16:42:25Z</DateUtc></FrequencyChange></FrequencyChanges></Clock>\n",N,2,SL001_N2N6D4B,6,1.0.0.786,1,100,0,2,96.3,0.188852575,2,97.44,59.997,468797639,Full,3.0.3.80,3.0.3.80,7/1/21,7/1/21 16:42,11:42:25,3.0.3.82,D4,0,1,0,Keyboard,1,1,2,1,BlockProc,BlockList,1,1,1,1,Thank you!,Keyboard,Keyboard,No,BlockTrialProc,BlockTrialList,39,1,,0,0,4,X,1,0,TrialProc,TrialList,1,1,Keyboard,0,15,130537,516,1,381,130918,39,2,39,NonTarget,11